{"stats":{"minecraft:picked_up":{"man:cassette_1safetyinstructions":1,"apollyon:the_damned_spawn_egg":1,"cave_dweller:cave_dweller_spawn_egg":1},"minecraft:custom":{"minecraft:jump":273,"minecraft:time_since_rest":10842,"minecraft:walk_on_water_one_cm":10044,"minecraft:damage_dealt":28,"minecraft:damage_taken":190,"minecraft:crouch_one_cm":1920,"minecraft:leave_game":4,"minecraft:play_time":25425,"minecraft:sprint_one_cm":26017,"minecraft:time_since_death":10814,"minecraft:walk_one_cm":33486,"minecraft:deaths":1,"minecraft:sneak_time":605,"minecraft:total_world_time":25425,"minecraft:walk_under_water_one_cm":4030,"minecraft:swim_one_cm":30268,"minecraft:fall_one_cm":5746,"minecraft:fly_one_cm":72504},"minecraft:used":{"cave_dweller:cave_dweller_spawn_egg":1,"apollyon:the_damned_spawn_egg":7},"minecraft:mined":{"minecraft:grass":1}},"DataVersion":3120}