{"stats":{"minecraft:picked_up":{"minecraft:birch_log":23,"minecraft:stripped_oak_log":2,"minecraft:wheat":1,"minecraft:andesite":8,"minecraft:clay_ball":88,"minecraft:birch_planks":2,"minecraft:flint":2,"minecraft:oak_log":60,"minecraft:string":2,"minecraft:dirt":173,"minecraft:apple":3,"minecraft:wheat_seeds":9,"minecraft:rabbit_hide":2,"minecraft:rabbit":2,"minecraft:melon_slice":25,"minecraft:chest":11,"minecraft:oak_planks":10,"minecraft:oak_slab":10,"minecraft:stick":4,"minecraft:raw_iron":6,"minecraft:pumpkin":3,"minecraft:oak_fence":11,"minecraft:gravel":18,"minecraft:porkchop":3,"minecraft:spruce_sapling":1,"minecraft:diorite":4,"minecraft:spider_eye":1,"minecraft:leather_helmet":1,"minecraft:rotten_flesh":3,"the_slumbering_omen:voidmatter":4,"minecraft:granite":8,"minecraft:oak_sapling":9,"minecraft:coal":5,"minecraft:cobblestone":73},"minecraft:killed_by":{"endofherobrine:lurker":1,"endofherobrine:rabbit":1},"minecraft:killed":{"minecraft:pig":2,"minecraft:rabbit":1,"minecraft:spider":2,"endofherobrine:rabbit":1,"minecraft:zombie":4},"minecraft:dropped":{"minecraft:oak_log":31,"the_slumbering_omen:voidmatter":2,"minecraft:oak_planks":10,"minecraft:stone_pickaxe":1},"minecraft:mined":{"minecraft:podzol":12,"minecraft:oak_slab":33,"minecraft:oak_sapling":3,"minecraft:farmland":2,"minecraft:oak_fence":9,"minecraft:clay":21,"minecraft:granite":8,"minecraft:grass_block":95,"minecraft:melon":4,"minecraft:chest":7,"minecraft:cobblestone":1,"minecraft:oak_planks":15,"the_slumbering_omen:voidmatter":2,"minecraft:diorite":6,"minecraft:birch_planks":3,"minecraft:spruce_sapling":1,"minecraft:birch_log":23,"minecraft:iron_ore":6,"minecraft:wheat":2,"minecraft:andesite":8,"minecraft:pumpkin":3,"minecraft:coal_ore":5,"minecraft:oak_log":50,"minecraft:gravel":20,"minecraft:dirt":24,"minecraft:stone":72,"minecraft:oak_leaves":85},"minecraft:broken":{"minecraft:leather_helmet":1,"minecraft:stone_axe":1,"minecraft:wooden_axe":2},"minecraft:used":{"minecraft:oak_fence":33,"minecraft:wheat_seeds":18,"minecraft:water_bucket":17,"minecraft:diorite":4,"minecraft:birch_planks":1,"minecraft:stone_shovel":7,"minecraft:stone_pickaxe":104,"minecraft:oak_planks":2,"minecraft:chest":9,"minecraft:wooden_pickaxe":5,"minecraft:cobblestone_slab":6,"minecraft:dirt":173,"minecraft:oak_slab":170,"minecraft:wooden_axe":114,"minecraft:wooden_hoe":32,"minecraft:apple":1,"minecraft:stone_axe":92,"the_slumbering_omen:voidmatter":2,"minecraft:cobblestone":4,"minecraft:furnace":2,"minecraft:oak_sapling":9,"minecraft:andesite":6,"minecraft:bucket":16},"minecraft:custom":{"minecraft:interact_with_furnace":17,"minecraft:mob_kills":11,"minecraft:interact_with_crafting_table":37,"minecraft:leave_game":3,"minecraft:time_since_death":3903,"minecraft:time_since_rest":3915,"minecraft:sprint_one_cm":133100,"minecraft:damage_taken":2040,"minecraft:walk_one_cm":385433,"minecraft:drop":6,"minecraft:damage_dealt":1922,"minecraft:swim_one_cm":3846,"minecraft:fly_one_cm":89954,"minecraft:open_chest":130,"minecraft:crouch_one_cm":142148,"minecraft:play_time":73243,"minecraft:deaths":8,"minecraft:sneak_time":14258,"minecraft:walk_under_water_one_cm":59141,"minecraft:jump":776,"minecraft:walk_on_water_one_cm":12711,"minecraft:total_world_time":73243,"minecraft:fall_one_cm":9405},"minecraft:crafted":{"minecraft:oak_slab":150,"minecraft:oak_planks":136,"minecraft:cobblestone_slab":6,"minecraft:stone_shovel":1,"minecraft:wooden_pickaxe":1,"minecraft:furnace":2,"minecraft:stone_axe":2,"minecraft:air":0,"minecraft:wooden_hoe":1,"minecraft:stick":28,"minecraft:iron_ingot":5,"minecraft:stone_pickaxe":2,"minecraft:wooden_axe":2,"minecraft:oak_fence":24,"minecraft:cooked_rabbit":1}},"DataVersion":3120}