{"stats":{"minecraft:killed":{"minecraft:zombie":1,"minecraft:cow":1,"born_in_chaos_v1:maggot":2},"minecraft:used":{"minecraft:wooden_axe":78,"minecraft:apple":1,"minecraft:stone_pickaxe":293,"minecraft:iron_pickaxe":47,"minecraft:stone_hoe":8,"minecraft:wooden_pickaxe":59,"minecraft:cobblestone":42,"minecraft:crafting_table":8,"minecraft:furnace":2,"minecraft:cooked_beef":1},"minecraft:dropped":{"minecraft:bone":1},"minecraft:custom":{"minecraft:time_since_rest":13028,"minecraft:interact_with_furnace":11,"minecraft:sprint_one_cm":37342,"minecraft:damage_taken":465,"minecraft:walk_one_cm":78920,"minecraft:mob_kills":4,"minecraft:drop":1,"minecraft:damage_dealt":467,"minecraft:interact_with_crafting_table":10,"minecraft:fly_one_cm":27119,"minecraft:open_chest":1,"minecraft:crouch_one_cm":75060,"minecraft:play_time":52568,"minecraft:deaths":1,"minecraft:sneak_time":16621,"minecraft:jump":391,"minecraft:leave_game":2,"minecraft:walk_on_water_one_cm":61,"minecraft:time_since_death":12988,"minecraft:total_world_time":52568,"minecraft:fall_one_cm":12633},"minecraft:picked_up":{"minecraft:raw_iron":6,"minecraft:dark_oak_sapling":9,"born_in_chaos_v1:corpse_maggot":2,"minecraft:stick":19,"minecraft:crafting_table":8,"minecraft:andesite":7,"minecraft:leather":2,"minecraft:spruce_sapling":17,"minecraft:amethyst_block":2,"minecraft:spruce_log":67,"minecraft:dark_oak_log":23,"minecraft:dirt":4,"minecraft:bone":2,"minecraft:apple":1,"minecraft:cobbled_deepslate":130,"minecraft:beef":3,"minecraft:granite":11,"minecraft:calcite":10,"minecraft:smooth_basalt":7,"minecraft:coal":50,"minecraft:cobblestone":223,"minecraft:furnace":2},"minecraft:crafted":{"minecraft:cooked_beef":3,"minecraft:shield":1,"minecraft:crafting_table":1,"minecraft:spruce_planks":36,"minecraft:stick":8,"minecraft:iron_pickaxe":1,"minecraft:iron_ingot":4,"minecraft:wooden_pickaxe":1,"minecraft:stone_pickaxe":3,"minecraft:wooden_axe":2,"minecraft:furnace":2,"minecraft:stone_hoe":1,"minecraft:air":0},"minecraft:mined":{"minecraft:furnace":2,"minecraft:deepslate_diamond_ore":1,"minecraft:iron_ore":4,"minecraft:sculk_vein":1,"minecraft:spruce_log":5,"minecraft:andesite":7,"treechop:chopped_log":8,"minecraft:glow_lichen":1,"minecraft:crafting_table":8,"gravestone:gravestone":1,"minecraft:granite":11,"minecraft:grass":1,"minecraft:sculk_shrieker":3,"minecraft:calcite":10,"minecraft:deepslate_iron_ore":3,"minecraft:sculk_sensor":6,"minecraft:dirt":4,"minecraft:cobblestone":1,"minecraft:smooth_basalt":7,"minecraft:stone":223,"minecraft:amethyst_block":2,"minecraft:deepslate":125},"minecraft:killed_by":{"minecraft:warden":1},"minecraft:broken":{"minecraft:stone_pickaxe":2,"minecraft:wooden_axe":1,"minecraft:wooden_pickaxe":1}},"DataVersion":3465}