{"stats":{"minecraft:killed":{"minecraft:pig":7,"minecraft:spider":1,"quark:forgotten":1,"minecraft:zombie":8,"minecraft:cow":10},"minecraft:picked_up":{"minecraft:crafting_table":5,"minecraft:leather":6,"supplementaries:bomb_blue":1,"minecraft:flint":1,"minecraft:oak_log":54,"minecraft:iron_leggings":1,"minecraft:bone":3,"minecraft:apple":5,"minecraft:cobbled_deepslate":16,"minecraft:raw_gold":5,"delightful:acorn":7,"minecraft:beef":20,"minecraft:cobweb":6,"delightful:green_tea_leaf":1,"minecraft:oak_planks":3,"minecraft:furnace":3,"minecraft:stick":29,"minecraft:raw_iron":10,"minecraft:torch":7,"minecraft:porkchop":12,"tombstone:grave_dust":4,"minecraft:rotten_flesh":7,"supplementaries:antique_ink":4,"minecraft:gold_ingot":2,"supplementaries:ash":8,"minecraft:oak_sapling":35,"minecraft:coal":35,"minecraft:cobblestone":3},"minecraft:mined":{"minecraft:crafting_table":5,"minecraft:torch":3,"minecraft:deepslate_gold_ore":5,"minecraft:oak_planks":3,"minecraft:oxeye_daisy":1,"minecraft:wall_torch":1,"minecraft:spawner":1,"supplementaries:urn":5,"minecraft:furnace":3,"minecraft:iron_ore":3,"treechop:chopped_log":3,"minecraft:grass":3,"minecraft:oak_log":2,"minecraft:deepslate_iron_ore":7,"minecraft:stone":3,"minecraft:deepslate":17},"minecraft:dropped":{"minecraft:cobbled_deepslate":2,"minecraft:rotten_flesh":7,"minecraft:coal":8,"minecraft:flint":1,"minecraft:cobweb":3},"minecraft:broken":{"minecraft:wooden_axe":2},"minecraft:crafted":{"minecraft:oak_planks":132,"minecraft:cooked_porkchop":12,"minecraft:crafting_table":1,"minecraft:wooden_pickaxe":1,"minecraft:furnace":1,"minecraft:stone_axe":1,"minecraft:air":0,"minecraft:iron_chestplate":1,"minecraft:shield":1,"minecraft:stick":8,"minecraft:iron_ingot":10,"minecraft:iron_pickaxe":1,"minecraft:stone_pickaxe":1,"minecraft:wooden_axe":2,"minecraft:stone_sword":1},"minecraft:used":{"minecraft:stone_sword":23,"minecraft:stone_pickaxe":32,"minecraft:oak_planks":41,"minecraft:wooden_pickaxe":10,"minecraft:iron_chestplate":1,"minecraft:torch":5,"minecraft:crafting_table":6,"minecraft:wooden_axe":73,"minecraft:iron_pickaxe":10,"minecraft:stone_axe":4,"minecraft:furnace":3,"minecraft:cooked_porkchop":4,"tombstone:gift":1,"delightful:acorn":4},"minecraft:custom":{"minecraft:interact_with_furnace":22,"lootr:looted_stat":4,"minecraft:mob_kills":28,"minecraft:interact_with_crafting_table":17,"minecraft:leave_game":1,"minecraft:time_since_death":17000,"minecraft:sleep_in_bed":1,"minecraft:time_since_rest":5067,"minecraft:sprint_one_cm":77284,"minecraft:damage_taken":1013,"minecraft:walk_one_cm":82421,"minecraft:drop":5,"minecraft:damage_dealt":3815,"minecraft:swim_one_cm":785,"minecraft:fly_one_cm":75391,"minecraft:crouch_one_cm":7013,"minecraft:play_time":36490,"tombstone:undead_killed":9,"minecraft:deaths":2,"minecraft:sneak_time":2317,"minecraft:walk_under_water_one_cm":111,"minecraft:jump":518,"minecraft:walk_on_water_one_cm":1720,"minecraft:total_world_time":36490,"minecraft:fall_one_cm":16046}},"DataVersion":3465}