{"stats":{"minecraft:killed":{"minecraft:pig":7,"minecraft:spider":1,"quark:forgotten":1,"minecraft:zombie":9,"minecraft:player":1,"minecraft:cow":10},"minecraft:picked_up":{"minecraft:crafting_table":5,"minecraft:leather":6,"supplementaries:bomb_blue":1,"minecraft:enchanted_book":2,"minecraft:flint":1,"minecraft:oak_log":54,"tombstone:gift":1,"quark:forgotten_hat":1,"minecraft:iron_leggings":1,"minecraft:iron_shovel":1,"minecraft:bone":5,"minecraft:apple":5,"minecraft:cobbled_deepslate":28,"minecraft:raw_gold":5,"delightful:acorn":8,"minecraft:beef":20,"minecraft:cobweb":6,"alexsmobs:elastic_tendon":1,"delightful:green_tea_leaf":1,"minecraft:oak_planks":20,"minecraft:furnace":4,"minecraft:stick":29,"minecraft:raw_iron":10,"minecraft:torch":9,"minecraft:porkchop":12,"tombstone:grave_dust":4,"minecraft:spider_eye":1,"minecraft:rotten_flesh":9,"supplementaries:antique_ink":4,"farmersdelight:rope":1,"minecraft:gold_ingot":2,"supplementaries:ash":8,"minecraft:oak_sapling":35,"minecraft:coal":38,"minecraft:cobblestone":3},"minecraft:mined":{"minecraft:crafting_table":5,"minecraft:torch":3,"minecraft:deepslate_gold_ore":5,"minecraft:oak_planks":23,"minecraft:oxeye_daisy":1,"minecraft:wall_torch":5,"minecraft:spawner":1,"supplementaries:urn":8,"minecraft:furnace":4,"minecraft:iron_ore":3,"treechop:chopped_log":3,"minecraft:grass":3,"farmersdelight:rope":1,"minecraft:oak_log":2,"minecraft:deepslate_iron_ore":7,"minecraft:stone":3,"minecraft:deepslate":19},"minecraft:dropped":{"minecraft:enchanted_book":2,"minecraft:stone_sword":1,"alexsmobs:animal_dictionary":1,"minecraft:cobbled_deepslate":2,"minecraft:rotten_flesh":9,"minecraft:coal":8,"supplementaries:antique_ink":4,"minecraft:flint":1,"minecraft:cobweb":6,"delightful:acorn":1},"minecraft:broken":{"minecraft:wooden_axe":2},"minecraft:used":{"minecraft:stone_sword":23,"minecraft:stone_pickaxe":32,"minecraft:oak_planks":69,"minecraft:wooden_pickaxe":10,"minecraft:iron_chestplate":1,"minecraft:torch":9,"minecraft:crafting_table":7,"farmersdelight:rope":1,"minecraft:wooden_axe":73,"minecraft:iron_pickaxe":13,"minecraft:stone_axe":37,"minecraft:furnace":4,"minecraft:cooked_porkchop":8,"tombstone:gift":2,"delightful:acorn":4},"minecraft:crafted":{"minecraft:cooked_beef":20,"minecraft:oak_planks":132,"minecraft:diamond_sword":1,"minecraft:cooked_porkchop":12,"minecraft:crafting_table":2,"minecraft:wooden_pickaxe":1,"minecraft:furnace":1,"minecraft:stone_axe":1,"minecraft:air":0,"minecraft:iron_chestplate":1,"minecraft:shield":1,"minecraft:stick":8,"minecraft:iron_ingot":10,"minecraft:iron_pickaxe":1,"minecraft:stone_pickaxe":1,"minecraft:wooden_axe":2,"minecraft:stone_sword":1,"minecraft:torch":4},"minecraft:custom":{"minecraft:interact_with_furnace":35,"lootr:looted_stat":4,"minecraft:mob_kills":29,"minecraft:interact_with_crafting_table":18,"minecraft:leave_game":1,"minecraft:time_since_death":7654,"minecraft:sleep_in_bed":1,"minecraft:time_since_rest":7403,"minecraft:sprint_one_cm":98500,"minecraft:damage_taken":1595,"minecraft:walk_one_cm":94264,"minecraft:drop":13,"minecraft:damage_dealt":4349,"minecraft:swim_one_cm":785,"minecraft:fly_one_cm":99300,"minecraft:crouch_one_cm":9156,"minecraft:play_time":48490,"tombstone:undead_killed":10,"minecraft:deaths":3,"minecraft:sneak_time":3215,"minecraft:walk_under_water_one_cm":111,"minecraft:jump":660,"minecraft:walk_on_water_one_cm":1720,"minecraft:total_world_time":48490,"minecraft:fall_one_cm":18740}},"DataVersion":3465}