{"stats":{"minecraft:killed":{"minecraft:pig":7,"minecraft:cow":10},"minecraft:picked_up":{"minecraft:stick":29,"minecraft:crafting_table":3,"minecraft:leather":6,"minecraft:porkchop":12,"minecraft:flint":1,"minecraft:oak_log":54,"tombstone:grave_dust":1,"minecraft:apple":5,"delightful:acorn":7,"minecraft:beef":20,"minecraft:oak_sapling":35,"delightful:green_tea_leaf":1,"minecraft:cobblestone":1},"minecraft:mined":{"treechop:chopped_log":3,"minecraft:crafting_table":3,"minecraft:grass":3,"minecraft:oak_log":2,"minecraft:stone":1,"minecraft:oxeye_daisy":1},"minecraft:broken":{"minecraft:wooden_axe":1},"minecraft:crafted":{"minecraft:oak_planks":132,"minecraft:crafting_table":1,"minecraft:stick":8,"minecraft:wooden_pickaxe":1,"minecraft:wooden_axe":2},"minecraft:used":{"minecraft:wooden_axe":49,"minecraft:oak_planks":2,"minecraft:wooden_pickaxe":1,"minecraft:crafting_table":3},"minecraft:custom":{"minecraft:time_since_rest":628,"minecraft:sprint_one_cm":28948,"minecraft:damage_taken":250,"minecraft:walk_one_cm":29700,"minecraft:mob_kills":17,"minecraft:damage_dealt":1720,"minecraft:interact_with_crafting_table":3,"minecraft:swim_one_cm":785,"minecraft:fly_one_cm":29413,"minecraft:crouch_one_cm":799,"minecraft:play_time":10668,"minecraft:deaths":1,"minecraft:sneak_time":264,"minecraft:walk_under_water_one_cm":111,"minecraft:jump":168,"minecraft:leave_game":1,"minecraft:time_since_death":1336,"minecraft:walk_on_water_one_cm":458,"minecraft:total_world_time":10668,"minecraft:fall_one_cm":3708}},"DataVersion":3465}