{"stats":{"minecraft:killed_by":{"minecraft:warden":5,"born_in_chaos_v1:diamond_termite":1},"minecraft:custom":{"minecraft:mob_kills":29,"minecraft:interact_with_crafting_table":23,"minecraft:open_barrel":23,"minecraft:bell_ring":2,"minecraft:damage_dealt_resisted":370,"minecraft:leave_game":7,"minecraft:time_since_death":87776,"minecraft:climb_one_cm":3515,"minecraft:sprint_one_cm":425252,"minecraft:walk_one_cm":320385,"minecraft:damage_blocked_by_shield":160,"minecraft:drop":64,"minecraft:play_time":201461,"minecraft:deaths":8,"minecraft:sneak_time":76732,"minecraft:walk_under_water_one_cm":908,"minecraft:interact_with_brewingstand":1,"minecraft:jump":2806,"minecraft:walk_on_water_one_cm":4438,"minecraft:total_world_time":201461,"minecraft:interact_with_furnace":32,"minecraft:interact_with_cartography_table":1,"minecraft:time_since_rest":87804,"minecraft:waystone_activated":1,"minecraft:damage_taken":4548,"minecraft:damage_dealt":4921,"minecraft:player_kills":1,"minecraft:swim_one_cm":3846,"minecraft:fly_one_cm":321005,"minecraft:open_chest":48,"minecraft:crouch_one_cm":359768,"minecraft:fall_one_cm":108537},"minecraft:picked_up":{"minecraft:wooden_axe":2,"minecraft:crafting_table":9,"minecraft:wheat":510,"minecraft:azure_bluet":1,"born_in_chaos_v1:seedof_chaos":4,"gravestone:obituary":1,"minecraft:amethyst_block":2,"minecraft:string":7,"minecraft:iron_leggings":1,"minecraft:deepslate_tiles":3,"minecraft:cobbled_deepslate":146,"minecraft:beef":27,"minecraft:calcite":20,"minecraft:diamond_hoe":1,"minecraft:furnace":4,"minecraft:dark_oak_sapling":9,"minecraft:stick":19,"minecraft:raw_iron":22,"sophisticatedbackpacks:backpack":1,"born_in_chaos_v1:pieceofdarkmetal":11,"minecraft:carrot":113,"minecraft:redstone":26,"minecraft:arrow":2,"minecraft:rotten_flesh":5,"minecraft:peony":1,"minecraft:hay_block":65,"minecraft:cracked_deepslate_bricks":1,"minecraft:deepslate_brick_stairs":1,"duneons:goatgear_chestplate":1,"minecraft:cobblestone":227,"born_in_chaos_v1:corpse_maggot":6,"minecraft:magma_block":1,"minecraft:repeater":1,"born_in_chaos_v1:monster_flesh":2,"minecraft:andesite":7,"gnumus:overripe_carrot":2,"minecraft:leather":19,"minecraft:potato":74,"minecraft:tuff":5,"artifacts:flame_pendant":1,"minecraft:gunpowder":2,"duneons:scattermines":1,"minecraft:dirt":13,"born_in_chaos_v1:monster_skin":1,"minecraft:bone":4,"minecraft:apple":1,"minecraft:bow":1,"minecraft:wheat_seeds":319,"minecraft:raw_gold":11,"minecraft:iron_ingot":3,"minecraft:oak_planks":2,"minecraft:book":2,"minecraft:smooth_basalt":7,"minecraft:poisonous_potato":1,"minecraft:raw_iron_block":2,"minecraft:spruce_sapling":17,"minecraft:spruce_log":67,"minecraft:dark_oak_log":27,"minecraft:spider_eye":1,"minecraft:diamond":3,"minecraft:granite":12,"minecraft:netherrack":1,"minecraft:coal":70},"minecraft:mined":{"minecraft:deepslate_tiles":3,"minecraft:tuff":5,"minecraft:deepslate_diamond_ore":4,"minecraft:sculk_vein":39,"minecraft:glow_lichen":1,"gravestone:gravestone":8,"minecraft:granite":15,"biomesoplenty:bush":1,"minecraft:yellow_carpet":1,"born_in_chaos_v1:black_argillite":1,"minecraft:deepslate_bricks":1,"minecraft:hay_block":66,"minecraft:magma_block":1,"minecraft:raw_iron_block":2,"minecraft:furnace":4,"minecraft:carrots":30,"minecraft:iron_ore":4,"minecraft:andesite":7,"treechop:chopped_log":8,"biomesoplenty:hanging_cobweb":2,"minecraft:sculk_shrieker":29,"minecraft:potatoes":25,"minecraft:deepslate_iron_ore":19,"minecraft:deepslate_brick_stairs":1,"minecraft:stripped_oak_log":3,"minecraft:stone":223,"minecraft:deepslate_redstone_ore":6,"biomesoplenty:wildflower":1,"biomesoplenty:hanging_cobweb_strand":2,"minecraft:crafting_table":9,"born_in_chaos_v1:infected_deepslate_diamond_ore":6,"minecraft:calcite":10,"minecraft:sculk_sensor":149,"minecraft:cobblestone":5,"minecraft:deepslate_gold_ore":11,"minecraft:cracked_deepslate_bricks":1,"minecraft:sculk":314,"minecraft:amethyst_block":2,"minecraft:repeater":1,"minecraft:wheat":125,"minecraft:spruce_log":5,"born_in_chaos_v1:black_argillite_brick":1,"minecraft:grass":6,"minecraft:potted_azure_bluet":1,"minecraft:beetroots":1,"minecraft:dirt":14,"biomesoplenty:stringy_cobweb":4,"minecraft:cobweb":7,"minecraft:smooth_basalt":7,"minecraft:netherrack":1,"minecraft:deepslate":141},"minecraft:crafted":{"minecraft:raw_iron":18,"minecraft:furnace":2,"minecraft:iron_boots":1,"minecraft:iron_hoe":1,"minecraft:stone_pickaxe":3,"minecraft:chest":1,"minecraft:stone_hoe":1,"minecraft:wheat":270,"minecraft:cooked_beef":3,"sophisticatedbackpacks:backpack":1,"minecraft:crafting_table":2,"minecraft:spruce_planks":40,"minecraft:iron_helmet":1,"minecraft:wooden_pickaxe":1,"minecraft:iron_sword":1,"minecraft:bread":96,"minecraft:air":0,"minecraft:iron_chestplate":1,"minecraft:shield":1,"minecraft:stick":12,"minecraft:iron_ingot":40,"minecraft:iron_pickaxe":1,"minecraft:wooden_axe":2},"minecraft:broken":{"minecraft:stone_hoe":1,"minecraft:wooden_pickaxe":1,"minecraft:stone_pickaxe":2,"minecraft:wooden_axe":1},"minecraft:used":{"minecraft:diamond_hoe":385,"minecraft:shield":3,"minecraft:iron_sword":120,"minecraft:stone_hoe":130,"minecraft:dirt":3,"minecraft:tuff":5,"minecraft:granite":12,"minecraft:iron_hoe":11,"minecraft:wooden_axe":97,"minecraft:furnace":4,"minecraft:cooked_beef":3,"minecraft:cobbled_deepslate":118,"minecraft:wheat_seeds":157,"minecraft:stone_pickaxe":305,"minecraft:oak_planks":2,"minecraft:wooden_pickaxe":59,"minecraft:crafting_table":11,"minecraft:deepslate_brick_stairs":1,"minecraft:apple":1,"minecraft:bread":38,"minecraft:iron_pickaxe":148,"minecraft:potion":1,"minecraft:cobblestone":190},"minecraft:dropped":{"minecraft:iron_ingot":6,"duneons:goatgear_chestplate":1,"minecraft:wheat_seeds":162,"gnumus:overripe_carrot":2,"minecraft:glass_bottle":1,"minecraft:dark_oak_sapling":9,"minecraft:poisonous_potato":1,"minecraft:book":4,"minecraft:cobblestone":10,"minecraft:lead":1,"minecraft:amethyst_block":2,"minecraft:stick":1,"born_in_chaos_v1:monster_flesh":2,"minecraft:diamond_horse_armor":1,"minecraft:dirt":6,"minecraft:dark_oak_log":11,"born_in_chaos_v1:monster_skin":1,"minecraft:repeater":1,"minecraft:wooden_axe":3,"gravestone:obituary":3,"minecraft:smooth_basalt":7,"minecraft:bone":1,"alexsmobs:animal_dictionary":1,"minecraft:cobbled_deepslate":1,"minecraft:diamond_hoe":1,"minecraft:wheat":443,"minecraft:rotten_flesh":5,"minecraft:azure_bluet":1,"minecraft:echo_shard":8,"minecraft:gunpowder":2,"minecraft:peony":1,"minecraft:spruce_planks":3,"minecraft:spider_eye":1,"minecraft:calcite":20,"minecraft:netherrack":1},"minecraft:killed":{"minecraft:spider":1,"born_in_chaos_v1:maggot":3,"artifacts:mimic":1,"born_in_chaos_v1:diamond_termite":2,"minecraft:creeper":1,"minecraft:zombie":4,"alexsmobs:cockroach":1,"born_in_chaos_v1:dread_hound":1,"born_in_chaos_v1:corpse_fly":1,"minecraft:cow":14}},"DataVersion":3465}