{"stats":{"minecraft:broken":{"minecraft:diamond_chestplate":1,"minecraft:diamond_helmet":1,"minecraft:iron_boots":1,"minecraft:iron_chestplate":1,"minecraft:iron_leggings":1,"minecraft:diamond_leggings":1,"minecraft:chainmail_helmet":1,"minecraft:chainmail_boots":1,"minecraft:diamond_boots":1,"lucky_block_:jetpack_chestplate":1,"minecraft:iron_helmet":2},"minecraft:dropped":{"lucky_blocks:eldorado_boots":1,"lucky_blocks:cornucopia":1,"minecraft:iron_sword":1,"minecraft:moss_block":113,"minecraft:black_dye":4,"minecraft:orange_dye":1,"lucky_blocks:silverfish_egg":1,"minecraft:baked_potato":17,"lucky_block_:saphirblock":3,"minecraft:mossy_cobblestone":2,"minecraft:glass_bottle":1,"minecraft:diamond":576,"minecraft:golden_horse_armor":1,"minecraft:cyan_dye":4,"minecraft:sandstone_stairs":2,"minecraft:poisonous_potato":24,"lucky_blocks:excalibur":1,"minecraft:prismarine_shard":3,"minecraft:book":11,"minecraft:cobblestone":462,"minecraft:prismarine_crystals":4,"minecraft:andesite_wall":2,"lucky_blocks:jukebox_helmet":3,"minecraft:lantern":1,"minecraft:leather":1,"minecraft:creeper_banner_pattern":3,"minecraft:red_wool":11,"minecraft:purple_dye":8,"minecraft:spruce_stairs":2,"lucky_block_:shade_block":5,"minecraft:yellow_carpet":6,"minecraft:spruce_fence_gate":6,"minecraft:polished_andesite":12,"minecraft:stick":6,"minecraft:pufferfish":1,"minecraft:dirt":230,"minecraft:blue_dye":3,"minecraft:tadpole_spawn_egg":1,"minecraft:sponge":1,"minecraft:green_dye":3,"minecraft:yellow_dye":2,"lucky_blocks:the_spoon":1,"minecraft:repeater":1,"minecraft:dark_oak_trapdoor":1,"lucky_blocks:disco_leggings":2,"minecraft:gold_nugget":2,"minecraft:polished_andesite_stairs":1,"minecraft:red_dye":2,"minecraft:music_disc_wait":1,"lucky_blocks:knockback_slimeball":2,"minecraft:string":5,"minecraft:tripwire_hook":1,"minecraft:gray_dye":4,"minecraft:stone_brick_slab":15,"minecraft:gold_ingot":16,"minecraft:music_disc_blocks":1,"minecraft:redstone":2,"minecraft:stone_axe":1,"minecraft:brown_dye":3,"minecraft:diamond_block":287,"minecraft:oak_trapdoor":1,"minecraft:music_disc_chirp":2,"minecraft:polished_andesite_slab":9,"minecraft:ender_chest":1,"minecraft:nether_wart":1,"minecraft:stone_sword":1,"minecraft:lime_wool":10,"minecraft:tuff":128,"minecraft:pink_dye":4,"minecraft:yellow_wool":2,"minecraft:obsidian":28,"lucky_blocks:hot_helmet":1,"minecraft:orange_concrete":6,"minecraft:wither_skeleton_skull":1,"minecraft:iron_boots":1,"minecraft:comparator":2,"minecraft:lime_dye":2,"minecraft:prismarine":1,"lucky_block_:saphir":1,"minecraft:spruce_fence":20,"minecraft:oak_sign":2,"minecraft:rabbit_foot":1,"minecraft:chainmail_chestplate":1,"minecraft:light_blue_dye":1,"lucky_blocks:eldorado_chestplate":2,"minecraft:potato":92,"minecraft:gunpowder":2,"lucky_block_:chicken_nuggets":10,"minecraft:spruce_trapdoor":7,"minecraft:dropper":8,"minecraft:andesite":128,"minecraft:mossy_stone_bricks":7,"minecraft:hopper":2,"minecraft:chainmail_boots":1,"minecraft:painting":2,"minecraft:stone_bricks":96,"lucky_blocks:speedster_boots":1,"minecraft:light_gray_dye":5,"minecraft:spruce_slab":15,"minecraft:white_dye":1,"minecraft:magenta_dye":4,"lucky:lucky_sword":1,"minecraft:magenta_wool":1},"minecraft:killed":{"minecraft:creeper":1},"minecraft:picked_up":{"minecraft:iron_chestplate":1,"lucky_block_:saphirblock":3,"minecraft:nether_wart":1,"minecraft:chainmail_boots":2,"minecraft:ender_chest":2,"minecraft:yellow_wool":2,"minecraft:prismarine_shard":3,"lucky_block_:chicken_nuggets":10,"minecraft:potion":1,"minecraft:diamond_horse_armor":1,"minecraft:stone_brick_stairs":4,"lucky_blocks:unreliable_sword":2,"minecraft:oak_trapdoor":1,"minecraft:string":5,"minecraft:dark_oak_trapdoor":1,"minecraft:orange_concrete":6,"lucky_block_:saphir_apfel":8,"minecraft:iron_leggings":1,"lucky_block_:saphir":1,"minecraft:pufferfish":1,"minecraft:magenta_wool":1,"minecraft:creeper_banner_pattern":1,"minecraft:oak_sign":2,"lucky_blocks:speedster_boots":2,"minecraft:gold_nugget":1,"lucky:lucky_sword":1,"minecraft:comparator":2,"lucky_blocks:disco_leggings":2,"minecraft:red_dye":2,"minecraft:ender_eye":7,"minecraft:spruce_slab":15,"minecraft:enchanted_golden_apple":2,"minecraft:spruce_trapdoor":7,"minecraft:iron_boots":3,"minecraft:lime_wool":10,"minecraft:stick":6,"minecraft:orange_dye":1,"minecraft:music_disc_blocks":2,"minecraft:jukebox":1,"minecraft:spruce_stairs":2,"minecraft:spruce_fence":20,"minecraft:gray_dye":4,"lucky_block_:bazoka":2,"minecraft:white_dye":1,"minecraft:cake":1,"lucky_blocks:the_spoon":1,"lucky_blocks:carrot_corrupter":1,"lucky_blocks:cute_leggings":2,"minecraft:rabbit_foot":1,"minecraft:iron_horse_armor":1,"minecraft:redstone":2,"lucky_block_:shade_block":5,"minecraft:brown_dye":3,"minecraft:prismarine_crystals":4,"lucky_blocks:silverfish_egg":2,"minecraft:black_dye":4,"minecraft:tnt":11,"minecraft:andesite_wall":2,"minecraft:stone_sword":1,"lucky_block_:bleistift":1,"lucky_blocks:excalibur":2,"minecraft:sandstone_stairs":2,"minecraft:blue_dye":3,"lucky_block_:runenmetal":38,"minecraft:gold_ingot":16,"lucky_blocks:knockback_slimeball":3,"minecraft:music_disc_wait":1,"minecraft:obsidian":28,"lucky_block_:zauberstab":2,"minecraft:cobblestone":526,"lucky_blocks:eldorado_chestplate":2,"lucky_block_:jetpack_chestplate":1,"minecraft:sponge":1,"minecraft:purple_dye":8,"minecraft:repeater":1,"minecraft:tripwire_hook":1,"minecraft:andesite":88,"minecraft:leather":1,"minecraft:yellow_dye":2,"lucky_blocks:disco_helmet":1,"minecraft:potato":92,"minecraft:tadpole_spawn_egg":1,"minecraft:tuff":83,"minecraft:magenta_dye":4,"lucky_blocks:magic_toy_stick":1,"minecraft:light_gray_dye":5,"minecraft:chainmail_chestplate":1,"minecraft:gunpowder":2,"lucky_blocks:upgrade_book":3,"lucky:lucky_block":1,"minecraft:wither_skeleton_skull":1,"minecraft:lapis_lazuli":24,"minecraft:dirt":227,"minecraft:lantern":1,"lucky_blocks:weaponry_lucky_block":1,"minecraft:stone_bricks":48,"minecraft:light_blue_dye":1,"lucky_blocks:frog_helmet":1,"lucky_blocks:hot_helmet":1,"minecraft:mossy_stone_bricks":7,"minecraft:glass_bottle":1,"minecraft:moss_block":130,"minecraft:polished_andesite_slab":9,"minecraft:prismarine":1,"minecraft:iron_sword":1,"minecraft:music_disc_chirp":2,"minecraft:green_dye":3,"minecraft:book":11,"minecraft:polished_andesite_stairs":1,"lucky_blocks:cornucopia":1,"lucky_blocks:guardian_lucky_block":1,"lucky_block_:gefangnistab":2,"minecraft:stone_brick_slab":15,"minecraft:red_wool":11,"minecraft:poisonous_potato":24,"minecraft:dropper":9,"lucky_blocks:eldorado_boots":1,"minecraft:red_banner":1,"minecraft:fermented_spider_eye":1,"minecraft:diamond_block":354,"minecraft:dragon_egg":1,"minecraft:mossy_cobblestone":2,"minecraft:oak_wood":2,"minecraft:spruce_fence_gate":6,"minecraft:polished_andesite":12,"minecraft:lime_dye":2,"minecraft:yellow_carpet":8,"lucky_blocks:jukebox_helmet":3,"minecraft:diamond":196,"minecraft:stone_axe":1,"minecraft:iron_helmet":2,"lucky_block_:saphirkeule":1,"minecraft:crossbow":2,"minecraft:painting":2,"minecraft:golden_apple":4,"minecraft:emerald":36,"minecraft:chainmail_helmet":1,"minecraft:golden_horse_armor":2,"minecraft:cyan_dye":4,"minecraft:baked_potato":17,"lucky_block_:lucky_block":1,"minecraft:pink_dye":4,"minecraft:hopper":3,"minecraft:ender_pearl":10},"minecraft:killed_by":{"minecraft:player":20,"minecraft:ender_dragon":1,"minecraft:silverfish":1,"minecraft:zombie":1,"minecraft:wither":1},"minecraft:crafted":{"minecraft:oak_planks":8,"minecraft:diamond":576,"minecraft:diamond_helmet":1,"minecraft:diamond_leggings":1,"minecraft:diamond_boots":1,"minecraft:crafting_table":2,"minecraft:diamond_chestplate":1},"minecraft:used":{"minecraft:moss_block":1,"lucky_blocks:weaponry_lucky_block":96,"minecraft:ender_chest":1,"minecraft:dragon_egg":1,"minecraft:hopper":1,"minecraft:carrot":2,"minecraft:yellow_carpet":2,"lucky_block_:saphir_apfel":5,"lucky:lucky_block":226,"lucky_blocks:speedster_boots":1,"lucky_blocks:guardian_lucky_block":83,"minecraft:iron_helmet":1,"lucky_blocks:cornucopia":1,"lucky_blocks:insane_lucky_block":126,"minecraft:stone_brick_stairs":4,"lucky_blocks:excalibur":2,"lucky_blocks:cute_leggings":2,"lucky_block_:bleistift":41,"lucky_block_:jetpack_chestplate":1,"minecraft:enchanted_golden_apple":2,"lucky_blocks:magic_toy_stick":7,"minecraft:dropper":1,"lucky_blocks:hot_helmet":1,"minecraft:ender_pearl":4,"minecraft:golden_apple":3,"minecraft:diamond_block":3,"minecraft:tnt":1,"minecraft:crafting_table":2,"minecraft:cake":1,"lucky_block_:lucky_block":41,"minecraft:stone_axe":5,"minecraft:cobblestone":16,"minecraft:red_banner":1,"lucky_block_:saphirkeule":9,"minecraft:jukebox":1},"minecraft:mined":{"minecraft:grass_block":3,"minecraft:moss_block":3,"lucky_block_:lucky_block":24,"lucky:lucky_block":47,"lucky_block_:pandora_box":2,"minecraft:oak_wood":2,"lucky_blocks:guardian_lucky_block":23,"lucky_blocks:insane_lucky_block":5,"lucky_blocks:weaponry_lucky_block":12,"minecraft:grass":4,"minecraft:dirt":4,"minecraft:fern":1},"minecraft:custom":{"minecraft:mob_kills":5,"minecraft:inspect_hopper":1,"minecraft:interact_with_crafting_table":2,"minecraft:eat_cake_slice":2,"minecraft:leave_game":3,"minecraft:time_since_death":700,"minecraft:damage_resisted":2379,"minecraft:sprint_one_cm":125958,"minecraft:walk_one_cm":159809,"minecraft:drop":152,"minecraft:talked_to_villager":1,"minecraft:play_time":55444,"minecraft:deaths":58,"minecraft:sneak_time":976,"minecraft:walk_under_water_one_cm":15969,"minecraft:jump":974,"minecraft:walk_on_water_one_cm":22851,"minecraft:total_world_time":55444,"minecraft:time_since_rest":726,"minecraft:damage_absorbed":517,"minecraft:damage_taken":141180,"minecraft:damage_dealt":2031,"minecraft:swim_one_cm":21819,"minecraft:fly_one_cm":617861,"minecraft:player_kills":19,"minecraft:open_chest":1,"minecraft:crouch_one_cm":1526,"minecraft:fall_one_cm":89776}},"DataVersion":3120}