{"stats":{"minecraft:killed_by":{"minecraft:player":1},"minecraft:used":{"minecraft:wooden_axe":54,"minecraft:stone_pickaxe":139,"minecraft:wooden_pickaxe":9,"regions_unexplored:small_oak_log":1,"minecraft:crafting_table":2},"minecraft:crafted":{"minecraft:crafting_table":2,"minecraft:stick":12,"minecraft:wooden_pickaxe":1,"minecraft:stone_pickaxe":2,"minecraft:wooden_axe":1,"regions_unexplored:willow_planks":284,"minecraft:torch":4},"minecraft:mined":{"regions_unexplored:willow_log":3,"regions_unexplored:willow_leaves":3,"minecraft:iron_ore":7,"treechop:chopped_log":5,"regions_unexplored:hanging_prismarite":7,"minecraft:coal_ore":63,"minecraft:stone":63,"regions_unexplored:prismoss_sprout":1,"minecraft:diorite":7,"minecraft:fern":1},"minecraft:custom":{"minecraft:time_since_rest":9836,"minecraft:sprint_one_cm":39581,"minecraft:damage_taken":406,"minecraft:walk_one_cm":46133,"minecraft:damage_dealt":63,"minecraft:interact_with_crafting_table":4,"minecraft:fly_one_cm":7491,"minecraft:player_kills":1,"minecraft:crouch_one_cm":5432,"minecraft:play_time":31563,"minecraft:deaths":1,"minecraft:sneak_time":1645,"minecraft:jump":179,"minecraft:leave_game":2,"minecraft:time_since_death":10212,"minecraft:total_world_time":31563,"minecraft:fall_one_cm":3681},"minecraft:picked_up":{"regions_unexplored:small_oak_log":1,"minecraft:stick":21,"minecraft:raw_iron":7,"regions_unexplored:hanging_prismarite":11,"regions_unexplored:willow_sapling":15,"minecraft:diorite":7,"regions_unexplored:willow_log":77,"delightful:green_tea_leaf":1,"minecraft:coal":61,"minecraft:cobblestone":63},"minecraft:broken":{"minecraft:stone_pickaxe":1}},"DataVersion":3465}