{"stats":{"minecraft:killed_by":{"minecraft:player":1},"minecraft:used":{"minecraft:stone_pickaxe":556,"minecraft:wooden_pickaxe":9,"minecraft:shield":6,"minecraft:torch":3,"regions_unexplored:small_oak_log":1,"minecraft:crafting_table":7,"minecraft:wooden_axe":56,"minecraft:iron_pickaxe":11,"minecraft:iron_helmet":1,"minecraft:iron_boots":1,"minecraft:stone_axe":7,"delightful:green_tea_leaf":1,"minecraft:cobblestone":12,"minecraft:furnace":2,"tombstone:gift":1,"minecraft:cobbled_deepslate":5},"minecraft:crafted":{"minecraft:crafting_table":4,"minecraft:wooden_pickaxe":1,"minecraft:iron_helmet":1,"minecraft:furnace":1,"minecraft:stone_axe":1,"minecraft:air":0,"minecraft:iron_boots":1,"minecraft:iron_chestplate":1,"minecraft:shield":1,"minecraft:stick":12,"minecraft:iron_ingot":29,"minecraft:iron_pickaxe":1,"minecraft:stone_pickaxe":5,"minecraft:wooden_axe":1,"minecraft:iron_leggings":1,"regions_unexplored:willow_planks":284,"minecraft:torch":4},"minecraft:mined":{"regions_unexplored:willow_log":3,"regions_unexplored:willow_leaves":3,"minecraft:deepslate_diamond_ore":3,"minecraft:crafting_table":5,"minecraft:torch":2,"regions_unexplored:hanging_prismarite":7,"minecraft:granite":22,"galosphere:silver_ore":1,"minecraft:copper_ore":1,"minecraft:cobblestone":4,"minecraft:diorite":10,"minecraft:wall_torch":1,"supplementaries:urn":1,"minecraft:furnace":2,"regions_unexplored:redstone_bud":1,"minecraft:iron_ore":23,"minecraft:cobbled_deepslate":5,"treechop:chopped_log":5,"minecraft:coal_ore":63,"minecraft:deepslate_iron_ore":13,"crittersandcompanions:silk_cocoon":1,"minecraft:stone":327,"regions_unexplored:prismoss_sprout":1,"minecraft:deepslate":91,"minecraft:fern":1},"minecraft:custom":{"minecraft:interact_with_furnace":30,"minecraft:mob_kills":2,"minecraft:interact_with_crafting_table":22,"minecraft:leave_game":2,"minecraft:time_since_death":1875,"minecraft:time_since_rest":565,"minecraft:sprint_one_cm":74488,"minecraft:damage_taken":1011,"minecraft:walk_one_cm":99915,"minecraft:damage_blocked_by_shield":330,"minecraft:drop":8,"minecraft:damage_dealt":360,"minecraft:swim_one_cm":2689,"minecraft:player_kills":1,"minecraft:fly_one_cm":22570,"minecraft:crouch_one_cm":22388,"minecraft:play_time":67563,"tombstone:undead_killed":1,"minecraft:deaths":3,"minecraft:sneak_time":6916,"minecraft:walk_under_water_one_cm":176,"minecraft:jump":817,"minecraft:walk_on_water_one_cm":1706,"minecraft:total_world_time":67563,"minecraft:fall_one_cm":7950},"minecraft:picked_up":{"regions_unexplored:small_oak_log":1,"minecraft:crafting_table":4,"regions_unexplored:hanging_prismarite":11,"minecraft:andesite":1,"minecraft:enchanted_book":1,"minecraft:tuff":1,"minecraft:raw_copper":5,"minecraft:bone":5,"minecraft:cobbled_deepslate":108,"galosphere:raw_silver":1,"delightful:green_tea_leaf":1,"minecraft:furnace":2,"minecraft:raw_iron":47,"minecraft:stick":21,"regions_unexplored:willow_sapling":15,"minecraft:torch":3,"minecraft:diorite":10,"minecraft:redstone":1,"minecraft:diamond":3,"crittersandcompanions:silk":4,"minecraft:granite":22,"regions_unexplored:willow_log":77,"tombstone:magic_scroll":1,"minecraft:coal":176,"biomesoplenty:lavender":1,"minecraft:cobblestone":337,"regions_unexplored:pointed_redstone":6},"minecraft:dropped":{"minecraft:cobbled_deepslate":3,"biomesoplenty:lavender":1,"minecraft:granite":22,"minecraft:diorite":10,"minecraft:wooden_axe":1,"regions_unexplored:pointed_redstone":6,"minecraft:redstone":1},"minecraft:broken":{"minecraft:stone_pickaxe":4},"minecraft:killed":{"minecraft:spider":1,"minecraft:skeleton":1}},"DataVersion":3465}