{"stats":{"minecraft:killed":{"born_in_chaos_v1:maggot":2,"minecraft:zombie":1,"minecraft:cow":1},"minecraft:used":{"minecraft:stone_pickaxe":293,"minecraft:wooden_pickaxe":59,"minecraft:stone_hoe":39,"minecraft:crafting_table":8,"minecraft:wooden_axe":78,"minecraft:apple":1,"minecraft:iron_pickaxe":48,"minecraft:cobblestone":42,"minecraft:furnace":2,"minecraft:cooked_beef":3},"minecraft:dropped":{"minecraft:bone":1},"minecraft:custom":{"minecraft:interact_with_furnace":11,"minecraft:mob_kills":4,"minecraft:interact_with_crafting_table":10,"minecraft:leave_game":2,"minecraft:time_since_death":24988,"minecraft:time_since_rest":25028,"minecraft:sprint_one_cm":53238,"minecraft:damage_taken":525,"minecraft:walk_one_cm":84315,"minecraft:drop":1,"minecraft:damage_dealt":467,"minecraft:fly_one_cm":43101,"minecraft:open_chest":4,"minecraft:crouch_one_cm":127417,"minecraft:play_time":64568,"minecraft:deaths":1,"minecraft:sneak_time":26331,"minecraft:jump":562,"minecraft:walk_on_water_one_cm":61,"minecraft:total_world_time":64568,"minecraft:fall_one_cm":23010},"minecraft:picked_up":{"born_in_chaos_v1:corpse_maggot":2,"minecraft:crafting_table":8,"minecraft:andesite":7,"minecraft:leather":2,"minecraft:amethyst_block":2,"minecraft:dirt":4,"minecraft:bone":2,"minecraft:apple":1,"minecraft:cobbled_deepslate":130,"minecraft:beef":3,"minecraft:calcite":10,"minecraft:furnace":2,"minecraft:dark_oak_sapling":9,"minecraft:stick":19,"minecraft:raw_iron":6,"minecraft:smooth_basalt":7,"minecraft:spruce_sapling":17,"minecraft:spruce_log":67,"minecraft:dark_oak_log":23,"minecraft:diamond":1,"minecraft:granite":11,"minecraft:coal":50,"minecraft:cobblestone":223},"minecraft:crafted":{"minecraft:cooked_beef":3,"minecraft:crafting_table":1,"minecraft:spruce_planks":36,"minecraft:wooden_pickaxe":1,"minecraft:furnace":2,"minecraft:air":0,"minecraft:shield":1,"minecraft:stick":8,"minecraft:iron_ingot":4,"minecraft:iron_pickaxe":1,"minecraft:stone_pickaxe":3,"minecraft:wooden_axe":2,"minecraft:stone_hoe":1},"minecraft:mined":{"minecraft:deepslate_diamond_ore":2,"minecraft:sculk_vein":2,"minecraft:crafting_table":8,"minecraft:glow_lichen":1,"gravestone:gravestone":1,"minecraft:granite":11,"minecraft:calcite":10,"minecraft:sculk_sensor":25,"minecraft:cobblestone":1,"minecraft:sculk":4,"minecraft:amethyst_block":2,"minecraft:furnace":2,"minecraft:iron_ore":4,"minecraft:spruce_log":5,"minecraft:andesite":7,"treechop:chopped_log":8,"minecraft:grass":1,"minecraft:sculk_shrieker":10,"minecraft:deepslate_iron_ore":3,"minecraft:dirt":4,"minecraft:smooth_basalt":7,"minecraft:stone":223,"minecraft:deepslate":125},"minecraft:killed_by":{"minecraft:warden":1},"minecraft:broken":{"minecraft:stone_pickaxe":2,"minecraft:wooden_axe":1,"minecraft:wooden_pickaxe":1}},"DataVersion":3465}