{"stats":{"minecraft:killed_by":{"born_in_chaos_v1:nightmare_stalker":1,"born_in_chaos_v1:phantom_creeper_copy":1,"minecraft:warden":5,"born_in_chaos_v1:diamond_termite":1},"minecraft:custom":{"minecraft:interact_with_anvil":1,"minecraft:mob_kills":56,"minecraft:interact_with_crafting_table":42,"minecraft:open_barrel":23,"minecraft:bell_ring":2,"minecraft:damage_dealt_resisted":1208,"minecraft:leave_game":10,"minecraft:time_since_death":848,"minecraft:climb_one_cm":4777,"minecraft:sprint_one_cm":704255,"minecraft:walk_one_cm":581687,"minecraft:damage_blocked_by_shield":760,"minecraft:drop":91,"minecraft:talked_to_villager":1,"minecraft:play_time":344258,"minecraft:deaths":10,"minecraft:sneak_time":89704,"minecraft:walk_under_water_one_cm":4964,"minecraft:interact_with_brewingstand":1,"minecraft:jump":5432,"minecraft:walk_on_water_one_cm":9285,"minecraft:total_world_time":344258,"minecraft:interact_with_furnace":56,"minecraft:interact_with_cartography_table":1,"minecraft:pot_flower":1,"minecraft:sleep_in_bed":1,"minecraft:time_since_rest":873,"minecraft:waystone_activated":2,"minecraft:damage_taken":7437,"minecraft:damage_dealt":9545,"minecraft:player_kills":1,"minecraft:swim_one_cm":14268,"minecraft:fly_one_cm":771194,"minecraft:open_chest":80,"minecraft:crouch_one_cm":419107,"minecraft:fall_one_cm":200197},"minecraft:picked_up":{"minecraft:wooden_axe":2,"minecraft:crafting_table":9,"minecraft:wheat":510,"minecraft:azure_bluet":1,"born_in_chaos_v1:seedof_chaos":4,"gnumus:gnumus_claw":2,"gravestone:obituary":8,"minecraft:amethyst_block":2,"minecraft:string":7,"minecraft:iron_leggings":1,"beautify:acacia_trellis":2,"minecraft:deepslate_tiles":3,"minecraft:cobbled_deepslate":161,"minecraft:beef":27,"minecraft:calcite":20,"minecraft:diamond_hoe":1,"minecraft:furnace":4,"minecraft:egg":1,"minecraft:dark_oak_sapling":9,"minecraft:stick":19,"minecraft:raw_iron":35,"born_in_chaos_v1:phantom_powder":2,"minecraft:torch":3,"sophisticatedbackpacks:backpack":1,"minecraft:cherry_log":2,"born_in_chaos_v1:pieceofdarkmetal":14,"minecraft:carrot":113,"minecraft:redstone":26,"minecraft:dark_oak_planks":3,"minecraft:arrow":3,"minecraft:rotten_flesh":13,"minecraft:peony":1,"minecraft:hay_block":169,"minecraft:cracked_deepslate_bricks":1,"minecraft:deepslate_brick_stairs":1,"duneons:goatgear_chestplate":1,"iammusicplayer:boombox":2,"minecraft:bone_block":2,"minecraft:cobblestone":229,"born_in_chaos_v1:corpse_maggot":10,"minecraft:magma_block":1,"minecraft:feather":1,"minecraft:repeater":1,"born_in_chaos_v1:monster_flesh":3,"minecraft:andesite":7,"gnumus:overripe_carrot":2,"minecraft:leather":19,"minecraft:potato":74,"minecraft:tuff":5,"artifacts:flame_pendant":1,"minecraft:gunpowder":2,"duneons:scattermines":1,"minecraft:dirt":42,"born_in_chaos_v1:monster_skin":1,"minecraft:bone":7,"minecraft:apple":1,"minecraft:kelp":18,"minecraft:bow":1,"minecraft:wheat_seeds":324,"minecraft:raw_gold":11,"minecraft:iron_ingot":5,"minecraft:oak_planks":3,"minecraft:book":2,"minecraft:sculk_catalyst":1,"minecraft:smooth_basalt":7,"minecraft:poisonous_potato":1,"minecraft:raw_iron_block":2,"minecraft:spruce_sapling":17,"minecraft:spruce_log":69,"minecraft:cyan_bed":3,"minecraft:dark_oak_log":27,"minecraft:spider_eye":1,"minecraft:sculk_sensor":2,"minecraft:diamond":9,"waystones:waystone":1,"minecraft:granite":12,"alexsmobs:maggot":3,"minecraft:netherrack":1,"minecraft:coal":70},"minecraft:mined":{"minecraft:dark_oak_planks":3,"minecraft:deepslate_tiles":3,"minecraft:tuff":7,"minecraft:deepslate_diamond_ore":10,"minecraft:sculk_vein":39,"minecraft:glow_lichen":1,"gravestone:gravestone":10,"minecraft:granite":15,"biomesoplenty:bush":5,"minecraft:yellow_carpet":1,"duneons:highlandtallgrass":1,"born_in_chaos_v1:black_argillite":1,"minecraft:deepslate_bricks":1,"minecraft:kelp":1,"minecraft:hay_block":183,"minecraft:raw_iron_block":2,"minecraft:magma_block":1,"minecraft:furnace":4,"minecraft:carrots":30,"minecraft:iron_ore":17,"minecraft:andesite":7,"treechop:chopped_log":8,"biomesoplenty:hanging_cobweb":2,"minecraft:sculk_shrieker":29,"minecraft:potatoes":25,"minecraft:deepslate_iron_ore":19,"biomesoplenty:webbing":2,"minecraft:deepslate_brick_stairs":1,"minecraft:stripped_oak_log":3,"minecraft:stone":225,"minecraft:deepslate_redstone_ore":6,"minecraft:kelp_plant":1,"biomesoplenty:wildflower":1,"biomesoplenty:hanging_cobweb_strand":2,"born_in_chaos_v1:infected_deepslate_diamond_ore":6,"minecraft:crafting_table":9,"minecraft:torch":1,"minecraft:calcite":10,"minecraft:sculk_sensor":149,"minecraft:tall_grass":2,"minecraft:cobblestone":5,"minecraft:deepslate_gold_ore":11,"minecraft:cyan_bed":3,"minecraft:cracked_deepslate_bricks":1,"minecraft:sculk":314,"minecraft:wall_torch":2,"minecraft:amethyst_block":2,"minecraft:repeater":1,"minecraft:wheat":125,"minecraft:spruce_log":5,"born_in_chaos_v1:black_argillite_brick":1,"duneons:highlandfern":1,"minecraft:grass":12,"minecraft:potted_azure_bluet":1,"minecraft:beetroots":1,"minecraft:dirt":15,"biomesoplenty:stringy_cobweb":4,"minecraft:cobweb":7,"minecraft:smooth_basalt":7,"minecraft:netherrack":1,"minecraft:oak_leaves":2,"minecraft:deepslate":156},"minecraft:crafted":{"minecraft:raw_iron":18,"minecraft:furnace":2,"minecraft:piston":1,"minecraft:iron_boots":1,"minecraft:iron_hoe":1,"minecraft:stone_pickaxe":3,"minecraft:chest":2,"minecraft:dark_oak_planks":64,"minecraft:stone_hoe":1,"sophisticatedbackpacks:iron_backpack":1,"minecraft:wheat":351,"minecraft:cooked_beef":3,"sophisticatedbackpacks:backpack":1,"minecraft:crafting_table":3,"minecraft:spruce_planks":40,"minecraft:wooden_pickaxe":1,"minecraft:iron_helmet":1,"minecraft:iron_sword":1,"sophisticatedbackpacks:gold_backpack":1,"sophisticatedbackpacks:upgrade_base":1,"minecraft:bread":159,"minecraft:air":0,"minecraft:iron_chestplate":1,"minecraft:shield":1,"sophisticatedbackpacks:diamond_backpack":1,"minecraft:stick":20,"minecraft:iron_ingot":45,"minecraft:iron_pickaxe":1,"minecraft:wooden_axe":2,"minecraft:gold_ingot":11,"minecraft:torch":32,"sophisticatedbackpacks:deposit_upgrade":1},"minecraft:broken":{"minecraft:stone_hoe":1,"minecraft:wooden_pickaxe":1,"minecraft:stone_pickaxe":2,"minecraft:iron_sword":1,"minecraft:wooden_axe":1},"minecraft:used":{"minecraft:diamond_hoe":385,"minecraft:shield":8,"minecraft:iron_sword":250,"minecraft:stone_hoe":130,"minecraft:torch":30,"minecraft:dirt":7,"minecraft:tuff":5,"minecraft:granite":12,"minecraft:dark_oak_planks":21,"minecraft:iron_hoe":131,"minecraft:wooden_axe":97,"minecraft:magma_block":1,"minecraft:furnace":5,"minecraft:egg":1,"minecraft:cooked_beef":3,"minecraft:cobbled_deepslate":118,"minecraft:wheat_seeds":157,"minecraft:stone_pickaxe":305,"minecraft:oak_planks":3,"minecraft:wooden_pickaxe":59,"minecraft:crafting_table":11,"minecraft:deepslate_brick_stairs":1,"waystones:waystone":1,"minecraft:apple":1,"minecraft:bread":77,"minecraft:cyan_bed":3,"minecraft:iron_pickaxe":190,"minecraft:cobblestone":190,"minecraft:potion":2,"minecraft:sculk_catalyst":1},"minecraft:dropped":{"minecraft:iron_ingot":6,"duneons:goatgear_chestplate":1,"minecraft:wheat_seeds":164,"minecraft:cherry_log":2,"gnumus:overripe_carrot":2,"minecraft:glass_bottle":1,"minecraft:dark_oak_sapling":9,"minecraft:poisonous_potato":1,"minecraft:cobblestone":10,"minecraft:lead":1,"minecraft:book":4,"minecraft:amethyst_block":2,"minecraft:stick":1,"born_in_chaos_v1:monster_flesh":2,"minecraft:diamond_horse_armor":1,"minecraft:dirt":20,"minecraft:dark_oak_log":11,"gnumus:gnumus_claw":2,"born_in_chaos_v1:monster_skin":1,"minecraft:torch":1,"minecraft:repeater":1,"minecraft:wooden_axe":3,"minecraft:iron_leggings":1,"gravestone:obituary":11,"minecraft:bone_block":2,"minecraft:smooth_basalt":7,"minecraft:bone":1,"alexsmobs:animal_dictionary":1,"minecraft:cobbled_deepslate":30,"minecraft:diamond_hoe":1,"minecraft:wheat":443,"minecraft:sculk_sensor":2,"minecraft:rotten_flesh":13,"iammusicplayer:boombox":2,"minecraft:azure_bluet":1,"minecraft:echo_shard":8,"minecraft:gunpowder":2,"minecraft:peony":1,"minecraft:spruce_planks":3,"minecraft:spider_eye":1,"minecraft:spruce_log":2,"minecraft:arrow":1,"minecraft:calcite":20,"minecraft:netherrack":1},"minecraft:killed":{"born_in_chaos_v1:zombie_lumberjack":1,"minecraft:spider":1,"duneons:wraith":2,"born_in_chaos_v1:zombie_bruiser":3,"born_in_chaos_v1:maggot":7,"minecraft:skeleton":1,"alexsmobs:blue_jay":1,"gnumus:gnumus_hunter":1,"artifacts:mimic":1,"alexsmobs:guster":1,"minecraft:zombie_villager":2,"born_in_chaos_v1:diamond_termite":2,"minecraft:creeper":1,"born_in_chaos_v1:decrepit_skeleton":2,"minecraft:pillager":2,"minecraft:zombie":6,"alexsmobs:cockroach":1,"born_in_chaos_v1:dread_hound":1,"born_in_chaos_v1:corpse_fly":2,"alexsmobs:fly":2,"born_in_chaos_v1:door_knight":1,"minecraft:cow":14}},"DataVersion":3465}