{"stats":{"minecraft:killed_by":{"born_in_chaos_v1:nightmare_stalker":1,"minecraft:piglin_brute":4,"born_in_chaos_v1:phantom_creeper_copy":1,"minecraft:piglin":4,"born_in_chaos_v1:diamond_termite":1,"minecraft:warden":5},"minecraft:custom":{"minecraft:interact_with_crafting_table":44,"minecraft:open_barrel":23,"minecraft:bell_ring":2,"minecraft:leave_game":14,"minecraft:time_since_death":21519,"minecraft:sprint_one_cm":912633,"minecraft:damage_blocked_by_shield":2095,"minecraft:drop":127,"minecraft:talked_to_villager":1,"minecraft:play_time":447282,"minecraft:deaths":20,"minecraft:jump":7105,"minecraft:interact_with_brewingstand":1,"minecraft:walk_on_water_one_cm":9285,"minecraft:interact_with_furnace":56,"minecraft:interact_with_cartography_table":1,"minecraft:sleep_in_bed":1,"minecraft:waystone_activated":3,"minecraft:damage_dealt":15424,"minecraft:player_kills":1,"minecraft:crouch_one_cm":512013,"minecraft:mob_kills":86,"minecraft:interact_with_anvil":1,"minecraft:damage_dealt_resisted":1208,"minecraft:climb_one_cm":4956,"minecraft:walk_one_cm":762089,"minecraft:damage_dealt_absorbed":70,"minecraft:sneak_time":112786,"minecraft:walk_under_water_one_cm":4964,"minecraft:total_world_time":447282,"minecraft:pot_flower":1,"minecraft:time_since_rest":21544,"minecraft:damage_taken":12515,"minecraft:swim_one_cm":15171,"minecraft:fly_one_cm":964062,"minecraft:open_chest":105,"minecraft:fall_one_cm":245707},"minecraft:picked_up":{"minecraft:wooden_axe":2,"minecraft:wheat":510,"gnumus:gnumus_claw":2,"minecraft:golden_sword":1,"minecraft:amethyst_block":2,"minecraft:string":7,"minecraft:iron_leggings":1,"biomesoplenty:brimstone":25,"minecraft:deepslate_tiles":3,"minecraft:cobbled_deepslate":161,"minecraft:spruce_planks":3,"minecraft:calcite":20,"minecraft:furnace":4,"minecraft:stick":19,"born_in_chaos_v1:phantom_powder":2,"minecraft:torch":3,"minecraft:cherry_log":2,"minecraft:rotten_flesh":15,"minecraft:deepslate_brick_stairs":1,"iammusicplayer:boombox":2,"minecraft:cobblestone":229,"minecraft:magma_block":1,"minecraft:feather":1,"minecraft:repeater":1,"minecraft:andesite":7,"gnumus:overripe_carrot":2,"minecraft:golden_leggings":1,"minecraft:potato":74,"minecraft:tuff":5,"minecraft:flint":1,"artifacts:flame_pendant":2,"duneons:scattermines":1,"minecraft:dirt":108,"born_in_chaos_v1:monster_skin":1,"minecraft:bone":10,"minecraft:bow":1,"minecraft:wheat_seeds":325,"minecraft:raw_gold":11,"minecraft:oak_planks":3,"duneons:crimsonroots":6,"minecraft:warped_wart_block":1,"minecraft:poisonous_potato":1,"minecraft:sand":3,"minecraft:cyan_bed":3,"minecraft:dark_oak_log":27,"born_in_chaos_v1:fire_dust":2,"minecraft:diamond":9,"waystones:waystone":1,"duneons:scorchgrass":6,"minecraft:cracked_polished_blackstone_bricks":8,"minecraft:crossbow":1,"minecraft:granite":12,"alexsmobs:maggot":3,"minecraft:netherrack":780,"minecraft:crafting_table":10,"minecraft:azure_bluet":1,"born_in_chaos_v1:seedof_chaos":4,"biomesoplenty:flesh":8,"minecraft:gold_block":4,"gravestone:obituary":11,"beautify:acacia_trellis":2,"minecraft:blackstone":1,"minecraft:beef":27,"minecraft:diamond_hoe":1,"minecraft:egg":1,"minecraft:dark_oak_sapling":9,"minecraft:raw_iron":35,"sophisticatedbackpacks:backpack":1,"minecraft:polished_blackstone_bricks":8,"born_in_chaos_v1:pieceofdarkmetal":14,"minecraft:carrot":113,"minecraft:redstone":26,"minecraft:dark_oak_planks":4,"minecraft:arrow":3,"minecraft:peony":1,"minecraft:hay_block":169,"minecraft:cracked_deepslate_bricks":1,"duneons:goatgear_chestplate":1,"minecraft:bone_block":2,"born_in_chaos_v1:corpse_maggot":18,"minecraft:basalt":3,"born_in_chaos_v1:monster_flesh":3,"minecraft:leather":19,"minecraft:gunpowder":2,"minecraft:apple":1,"minecraft:kelp":18,"minecraft:iron_ingot":9,"sophisticatedbackpacks:diamond_backpack":1,"minecraft:book":2,"minecraft:sculk_catalyst":1,"minecraft:smooth_basalt":7,"minecraft:quartz":206,"minecraft:raw_iron_block":2,"minecraft:gravel":7,"minecraft:spruce_sapling":17,"minecraft:spruce_log":69,"minecraft:spider_eye":1,"minecraft:diamond_shovel":1,"minecraft:sculk_sensor":2,"duneons:warpedpodfungus":1,"minecraft:coal":70},"minecraft:mined":{"minecraft:dark_oak_planks":4,"minecraft:spruce_planks":3,"duneons:warpedpodfungus":1,"minecraft:sculk_vein":39,"biomesoplenty:brimstone":25,"minecraft:granite":15,"minecraft:grass_block":49,"minecraft:yellow_carpet":1,"minecraft:cracked_polished_blackstone_bricks":6,"minecraft:deepslate_bricks":1,"biomesoplenty:pus_bubble":1,"minecraft:spawner":1,"minecraft:polished_blackstone_bricks":8,"minecraft:magma_block":4,"minecraft:raw_iron_block":2,"minecraft:iron_ore":17,"minecraft:fire":8,"biomesoplenty:flesh_tendons":1,"biomesoplenty:hanging_cobweb":2,"minecraft:sculk_shrieker":29,"biomesoplenty:webbing":2,"minecraft:deepslate_brick_stairs":1,"minecraft:deepslate_redstone_ore":6,"minecraft:blackstone":1,"minecraft:kelp_plant":1,"biomesoplenty:wildflower":1,"minecraft:soul_fire":2,"biomesoplenty:hanging_cobweb_strand":2,"biomesoplenty:brimstone_fumarole":2,"born_in_chaos_v1:infected_deepslate_diamond_ore":6,"minecraft:torch":1,"minecraft:calcite":10,"minecraft:nether_quartz_ore":212,"minecraft:cobblestone":5,"minecraft:cyan_bed":3,"minecraft:wall_torch":2,"minecraft:amethyst_block":2,"minecraft:repeater":1,"minecraft:wheat":125,"born_in_chaos_v1:black_argillite_brick":1,"minecraft:grass":12,"minecraft:beetroots":1,"minecraft:sand":3,"minecraft:dirt":22,"minecraft:smooth_basalt":7,"minecraft:netherrack":528,"minecraft:oak_leaves":2,"minecraft:deepslate":156,"duneons:scorchgrass":2,"minecraft:deepslate_tiles":3,"minecraft:tuff":7,"minecraft:deepslate_diamond_ore":10,"biomesoplenty:desert_grass":1,"minecraft:glow_lichen":1,"gravestone:gravestone":17,"biomesoplenty:bush":5,"born_in_chaos_v1:black_argillite":1,"duneons:highlandtallgrass":1,"minecraft:kelp":1,"minecraft:hay_block":183,"minecraft:furnace":4,"minecraft:carrots":30,"minecraft:andesite":7,"treechop:chopped_log":8,"biomesoplenty:flesh":9,"minecraft:gold_block":4,"minecraft:potatoes":25,"minecraft:deepslate_iron_ore":19,"minecraft:stripped_oak_log":3,"minecraft:stone":225,"minecraft:basalt":4,"minecraft:crafting_table":10,"minecraft:sculk_sensor":149,"minecraft:tall_grass":2,"minecraft:deepslate_gold_ore":11,"minecraft:cracked_deepslate_bricks":1,"minecraft:sculk":314,"minecraft:warped_wart_block":1,"minecraft:spruce_log":5,"duneons:highlandfern":1,"minecraft:potted_azure_bluet":1,"minecraft:gravel":8,"biomesoplenty:stringy_cobweb":4,"minecraft:cobweb":7},"minecraft:crafted":{"minecraft:iron_boots":1,"minecraft:chest":2,"minecraft:stone_hoe":1,"sophisticatedbackpacks:backpack":1,"minecraft:crafting_table":3,"minecraft:spruce_planks":60,"minecraft:iron_helmet":1,"minecraft:wooden_pickaxe":1,"sophisticatedbackpacks:upgrade_base":1,"minecraft:iron_chestplate":1,"minecraft:shield":1,"sophisticatedbackpacks:diamond_backpack":1,"minecraft:stick":24,"minecraft:iron_ingot":45,"minecraft:iron_pickaxe":1,"minecraft:gold_ingot":11,"sophisticatedbackpacks:deposit_upgrade":1,"minecraft:raw_iron":18,"minecraft:furnace":2,"minecraft:piston":1,"minecraft:flint_and_steel":1,"minecraft:iron_hoe":1,"minecraft:stone_pickaxe":3,"minecraft:dark_oak_planks":64,"minecraft:wheat":351,"sophisticatedbackpacks:iron_backpack":1,"minecraft:cooked_beef":3,"minecraft:iron_sword":2,"sophisticatedbackpacks:gold_backpack":1,"minecraft:bread":159,"minecraft:air":0,"minecraft:wooden_axe":2,"minecraft:torch":32},"minecraft:broken":{"minecraft:stone_pickaxe":2,"minecraft:iron_sword":1,"minecraft:wooden_axe":1,"minecraft:stone_hoe":1,"minecraft:wooden_pickaxe":1,"minecraft:iron_pickaxe":1,"minecraft:iron_helmet":1},"minecraft:used":{"minecraft:diamond_hoe":386,"minecraft:shield":29,"minecraft:iron_sword":276,"minecraft:tuff":5,"minecraft:magma_block":1,"minecraft:furnace":6,"minecraft:egg":1,"biomesoplenty:flesh":8,"minecraft:stone_pickaxe":305,"minecraft:oak_planks":3,"minecraft:wooden_pickaxe":59,"minecraft:diamond_axe":4,"minecraft:sand":3,"minecraft:deepslate_brick_stairs":1,"waystones:waystone":1,"minecraft:cyan_bed":3,"minecraft:bread":121,"minecraft:gravel":7,"minecraft:diamond_sword":84,"minecraft:flint_and_steel":1,"minecraft:spruce_planks":23,"minecraft:stone_hoe":130,"minecraft:netherrack":261,"minecraft:torch":30,"minecraft:dirt":59,"minecraft:granite":12,"minecraft:iron_hoe":131,"minecraft:wooden_axe":97,"minecraft:dark_oak_planks":47,"minecraft:cooked_beef":3,"minecraft:cobbled_deepslate":118,"minecraft:wheat_seeds":157,"minecraft:polished_blackstone_bricks":6,"minecraft:crafting_table":12,"minecraft:diamond_pickaxe":760,"minecraft:apple":1,"minecraft:diamond_shovel":55,"minecraft:iron_pickaxe":234,"minecraft:cobblestone":209,"minecraft:potion":3,"minecraft:sculk_catalyst":1},"minecraft:dropped":{"gnumus:overripe_carrot":2,"minecraft:glass_bottle":1,"minecraft:dark_oak_sapling":9,"born_in_chaos_v1:monster_flesh":2,"duneons:scorchgrass":6,"minecraft:dirt":40,"minecraft:dark_oak_log":11,"gnumus:gnumus_claw":2,"born_in_chaos_v1:monster_skin":1,"gravestone:obituary":22,"minecraft:bone_block":2,"minecraft:bone":1,"minecraft:cobbled_deepslate":30,"alexsmobs:animal_dictionary":1,"minecraft:wheat":443,"minecraft:rotten_flesh":13,"iammusicplayer:boombox":2,"minecraft:azure_bluet":1,"minecraft:echo_shard":8,"minecraft:gunpowder":2,"minecraft:basalt":3,"minecraft:arrow":1,"minecraft:quartz":64,"minecraft:netherrack":44,"duneons:crimsonroots":6,"minecraft:iron_ingot":6,"minecraft:wheat_seeds":165,"duneons:goatgear_chestplate":1,"minecraft:cherry_log":2,"minecraft:poisonous_potato":1,"minecraft:book":4,"minecraft:lead":1,"minecraft:cobblestone":10,"minecraft:amethyst_block":2,"minecraft:stick":4,"minecraft:diamond_horse_armor":1,"minecraft:torch":1,"minecraft:repeater":1,"duneons:warpedpodfungus":1,"minecraft:wooden_axe":3,"minecraft:iron_leggings":1,"minecraft:smooth_basalt":7,"minecraft:diamond_hoe":1,"minecraft:sculk_sensor":2,"minecraft:peony":1,"minecraft:spruce_planks":3,"minecraft:golden_leggings":1,"minecraft:golden_sword":1,"minecraft:spider_eye":1,"minecraft:spruce_log":2,"minecraft:calcite":20},"minecraft:killed":{"born_in_chaos_v1:zombie_lumberjack":1,"minecraft:spider":2,"duneons:wraith":2,"minecraft:skeleton":1,"minecraft:piglin_brute":2,"artifacts:mimic":1,"minecraft:magma_cube":1,"minecraft:piglin":17,"born_in_chaos_v1:bone_imp":1,"minecraft:zombie_villager":2,"born_in_chaos_v1:diamond_termite":2,"minecraft:creeper":1,"minecraft:pillager":2,"minecraft:zombie":6,"born_in_chaos_v1:dread_hound":1,"born_in_chaos_v1:corpse_fly":5,"alexsmobs:fly":2,"born_in_chaos_v1:door_knight":1,"minecraft:cow":14,"born_in_chaos_v1:zombie_bruiser":3,"born_in_chaos_v1:maggot":8,"alexsmobs:blue_jay":1,"gnumus:gnumus_hunter":1,"alexsmobs:guster":1,"born_in_chaos_v1:decrepit_skeleton":4,"alexsmobs:cockroach":1}},"DataVersion":3465}