{"stats":{"minecraft:picked_up":{"minecraft:stripped_oak_log":1,"minecraft:oak_slab":9,"minecraft:pumpkin":1,"minecraft:clay_ball":12,"minecraft:oak_fence":3,"minecraft:gravel":1,"minecraft:porkchop":3,"minecraft:oak_log":33,"minecraft:dirt":97,"minecraft:apple":2,"minecraft:wheat_seeds":3,"minecraft:oak_sapling":5,"minecraft:melon_slice":10,"minecraft:chest":6,"minecraft:stick":4,"minecraft:birch_log":1},"minecraft:killed":{"minecraft:pig":2},"minecraft:dropped":{"minecraft:oak_log":7},"minecraft:mined":{"minecraft:podzol":1,"minecraft:birch_planks":1,"minecraft:oak_slab":19,"minecraft:oak_sapling":2,"minecraft:farmland":2,"minecraft:birch_log":1,"minecraft:pumpkin":1,"minecraft:oak_fence":2,"minecraft:clay":3,"minecraft:grass_block":45,"minecraft:oak_log":23,"minecraft:melon":1,"minecraft:chest":3,"minecraft:gravel":1,"minecraft:dirt":4,"minecraft:oak_leaves":50},"minecraft:broken":{"minecraft:wooden_axe":1},"minecraft:used":{"minecraft:wheat_seeds":11,"minecraft:oak_fence":24,"minecraft:wooden_hoe":28,"minecraft:wooden_axe":56,"minecraft:water_bucket":5,"minecraft:chest":3,"minecraft:dirt":95,"minecraft:oak_slab":78,"minecraft:oak_sapling":4,"minecraft:bucket":4},"minecraft:custom":{"minecraft:time_since_rest":3839,"minecraft:sprint_one_cm":56142,"minecraft:damage_taken":973,"minecraft:walk_one_cm":140607,"minecraft:mob_kills":2,"minecraft:drop":2,"minecraft:damage_dealt":241,"minecraft:swim_one_cm":386,"minecraft:interact_with_crafting_table":21,"minecraft:fly_one_cm":20716,"minecraft:open_chest":42,"minecraft:crouch_one_cm":78841,"minecraft:play_time":31243,"minecraft:deaths":4,"minecraft:walk_under_water_one_cm":42409,"minecraft:sneak_time":8520,"minecraft:jump":235,"minecraft:leave_game":3,"minecraft:walk_on_water_one_cm":5136,"minecraft:time_since_death":3831,"minecraft:total_world_time":31243,"minecraft:fall_one_cm":2717},"minecraft:crafted":{"minecraft:oak_slab":66,"minecraft:oak_planks":80,"minecraft:wooden_hoe":1,"minecraft:stick":20,"minecraft:wooden_axe":2,"minecraft:oak_fence":24}},"DataVersion":3120}