{"stats":{"minecraft:killed":{"born_in_chaos_v1:diamond_termite":2,"born_in_chaos_v1:maggot":3,"minecraft:zombie":4,"alexsmobs:cockroach":1,"born_in_chaos_v1:dread_hound":1,"born_in_chaos_v1:corpse_fly":1,"minecraft:cow":9},"minecraft:mined":{"minecraft:tuff":5,"minecraft:deepslate_diamond_ore":2,"minecraft:sculk_vein":6,"biomesoplenty:bush":1,"biomesoplenty:hanging_cobweb_strand":2,"born_in_chaos_v1:infected_deepslate_diamond_ore":6,"minecraft:crafting_table":9,"minecraft:glow_lichen":1,"gravestone:gravestone":8,"minecraft:granite":11,"minecraft:calcite":10,"minecraft:yellow_carpet":1,"minecraft:sculk_sensor":91,"minecraft:deepslate_bricks":1,"minecraft:cobblestone":5,"minecraft:deepslate_gold_ore":5,"minecraft:sculk":20,"minecraft:amethyst_block":2,"minecraft:hay_block":52,"minecraft:raw_iron_block":2,"minecraft:furnace":4,"minecraft:carrots":30,"minecraft:iron_ore":4,"minecraft:wheat":125,"minecraft:spruce_log":5,"minecraft:andesite":7,"treechop:chopped_log":8,"biomesoplenty:hanging_cobweb":2,"minecraft:grass":4,"minecraft:sculk_shrieker":24,"minecraft:potatoes":25,"minecraft:beetroots":1,"minecraft:deepslate_iron_ore":19,"minecraft:deepslate_brick_stairs":1,"minecraft:dirt":4,"biomesoplenty:stringy_cobweb":3,"minecraft:cobweb":6,"minecraft:smooth_basalt":7,"minecraft:stone":223,"minecraft:deepslate":126},"minecraft:killed_by":{"minecraft:warden":5,"born_in_chaos_v1:diamond_termite":1},"minecraft:dropped":{"minecraft:wheat_seeds":162,"gnumus:overripe_carrot":2,"alexsmobs:animal_dictionary":1,"minecraft:cobbled_deepslate":1,"minecraft:poisonous_potato":1,"minecraft:dark_oak_sapling":9,"minecraft:wheat":443,"minecraft:rotten_flesh":5,"minecraft:cobblestone":10,"minecraft:book":4,"minecraft:amethyst_block":2,"minecraft:echo_shard":8,"minecraft:diamond_horse_armor":1,"minecraft:dark_oak_log":11,"minecraft:peony":1,"minecraft:spruce_planks":3,"minecraft:wooden_axe":2,"gravestone:obituary":3,"minecraft:calcite":20,"minecraft:smooth_basalt":7,"minecraft:bone":1},"minecraft:broken":{"minecraft:stone_pickaxe":2,"minecraft:wooden_axe":1,"minecraft:stone_hoe":1,"minecraft:wooden_pickaxe":1},"minecraft:used":{"minecraft:wheat_seeds":157,"minecraft:diamond_hoe":1,"minecraft:stone_pickaxe":305,"minecraft:oak_planks":2,"minecraft:wooden_pickaxe":59,"minecraft:iron_sword":74,"minecraft:stone_hoe":130,"minecraft:crafting_table":11,"minecraft:tuff":5,"minecraft:deepslate_brick_stairs":1,"minecraft:iron_hoe":1,"minecraft:wooden_axe":93,"minecraft:apple":1,"minecraft:bread":7,"minecraft:iron_pickaxe":102,"minecraft:potion":1,"minecraft:cobblestone":126,"minecraft:furnace":4,"minecraft:cooked_beef":3,"minecraft:cobbled_deepslate":72},"minecraft:picked_up":{"minecraft:wooden_axe":2,"born_in_chaos_v1:corpse_maggot":6,"minecraft:crafting_table":9,"minecraft:wheat":510,"gnumus:overripe_carrot":2,"born_in_chaos_v1:seedof_chaos":4,"minecraft:andesite":7,"minecraft:leather":14,"minecraft:potato":74,"minecraft:tuff":5,"gravestone:obituary":1,"minecraft:amethyst_block":2,"minecraft:dirt":4,"minecraft:string":6,"minecraft:iron_leggings":1,"minecraft:bone":2,"minecraft:apple":1,"minecraft:bow":1,"minecraft:wheat_seeds":319,"minecraft:cobbled_deepslate":131,"minecraft:raw_gold":5,"minecraft:beef":18,"minecraft:calcite":20,"minecraft:oak_planks":2,"minecraft:furnace":4,"minecraft:book":2,"minecraft:dark_oak_sapling":9,"minecraft:stick":19,"minecraft:raw_iron":22,"minecraft:smooth_basalt":7,"minecraft:poisonous_potato":1,"sophisticatedbackpacks:backpack":1,"minecraft:raw_iron_block":2,"minecraft:spruce_sapling":17,"minecraft:carrot":113,"minecraft:spruce_log":67,"born_in_chaos_v1:pieceofdarkmetal":11,"minecraft:dark_oak_log":27,"minecraft:rotten_flesh":5,"minecraft:diamond":1,"minecraft:peony":1,"minecraft:hay_block":52,"minecraft:granite":11,"minecraft:deepslate_brick_stairs":1,"minecraft:coal":70,"minecraft:cobblestone":227},"minecraft:custom":{"minecraft:interact_with_furnace":32,"minecraft:mob_kills":21,"minecraft:interact_with_crafting_table":23,"minecraft:leave_game":4,"minecraft:time_since_death":29430,"minecraft:climb_one_cm":1605,"minecraft:waystone_activated":1,"minecraft:time_since_rest":29458,"minecraft:sprint_one_cm":237745,"minecraft:damage_taken":3198,"minecraft:walk_one_cm":232965,"minecraft:drop":43,"minecraft:damage_dealt":3292,"minecraft:swim_one_cm":3846,"minecraft:player_kills":1,"minecraft:fly_one_cm":149291,"minecraft:open_chest":19,"minecraft:crouch_one_cm":280847,"minecraft:play_time":143115,"minecraft:deaths":8,"minecraft:sneak_time":57394,"minecraft:walk_under_water_one_cm":622,"minecraft:jump":1636,"minecraft:walk_on_water_one_cm":2694,"minecraft:total_world_time":143115,"minecraft:fall_one_cm":61890},"minecraft:crafted":{"minecraft:cooked_beef":3,"minecraft:raw_iron":18,"sophisticatedbackpacks:backpack":1,"minecraft:crafting_table":2,"minecraft:spruce_planks":40,"minecraft:wooden_pickaxe":1,"minecraft:iron_helmet":1,"minecraft:iron_sword":1,"minecraft:furnace":2,"minecraft:bread":96,"minecraft:air":0,"minecraft:iron_boots":1,"minecraft:iron_chestplate":1,"minecraft:shield":1,"minecraft:iron_hoe":1,"minecraft:stick":12,"minecraft:iron_ingot":40,"minecraft:iron_pickaxe":1,"minecraft:stone_pickaxe":3,"minecraft:wooden_axe":2,"minecraft:chest":1,"minecraft:stone_hoe":1,"minecraft:wheat":270}},"DataVersion":3465}