{"stats":{"minecraft:killed_by":{"iceandfire:dread_beast":2,"realmrpg_demons:chort":1,"bosses_of_mass_destruction:void_blossom":1,"grimoireofgaia:kobold":2,"iceandfire:ice_dragon":3,"minecraft:skeleton":1,"minecraft:guardian":1,"iceandfire:ghost":1,"alexsmobs:moose":1},"minecraft:custom":{"minecraft:interact_with_smithing_table":15,"minecraft:mob_kills":65,"minecraft:interact_with_crafting_table":46,"minecraft:open_barrel":5,"minecraft:leave_game":4,"minecraft:time_since_death":5869,"minecraft:climb_one_cm":1707,"minecraft:sprint_one_cm":554033,"minecraft:walk_one_cm":276938,"minecraft:damage_blocked_by_shield":660,"minecraft:drop":73,"minecraft:play_time":200156,"minecraft:sneak_time":15848,"minecraft:deaths":15,"minecraft:walk_under_water_one_cm":6183,"minecraft:jump":4348,"minecraft:walk_on_water_one_cm":14915,"minecraft:total_world_time":200156,"minecraft:interact_with_furnace":89,"spartanshields:shield_bash_hits":2,"minecraft:sleep_in_bed":1,"minecraft:time_since_rest":5924,"minecraft:damage_taken":6553,"minecraft:trigger_trapped_chest":3,"minecraft:damage_dealt":10499,"minecraft:swim_one_cm":48123,"minecraft:fly_one_cm":834011,"minecraft:open_chest":77,"minecraft:crouch_one_cm":56106,"minecraft:fall_one_cm":124204},"minecraft:picked_up":{"iceandfire:dread_stone_bricks":3,"minecraft:crafting_table":17,"minecraft:wheat":8,"minecraft:chicken":2,"minecraft:gold_block":2,"gravestone:obituary":8,"minecraft:raw_copper":3,"minecraft:string":1,"minecraft:cobbled_deepslate":70,"minecraft:spruce_planks":122,"minecraft:beef":19,"minecraft:sugar_cane":10,"minecraft:chest":2,"minecraft:furnace":14,"minecraft:egg":1,"minecraft:blue_wool":2,"minecraft:stick":3,"minecraft:raw_iron":51,"iceandfire:dragonbone":52,"orcz:orcskull":2,"minecraft:torch":2,"minecraft:porkchop":15,"orcz:orchorn":2,"orcz:squigs_claws":4,"iceandfire:dragon_skull_ice":4,"minecraft:arrow":2,"minecraft:rotten_flesh":3,"orcz:orcshroom":10,"minecraft:hay_block":25,"minecraft:mutton":4,"forbidden_arcanus:spawner_scrap":1,"minecraft:white_wool":5,"minecraft:cobblestone":94,"iceandfire:sapphire_gem":1,"orcz:orcteeth":42,"minecraft:leather":14,"minecraft:tuff":6,"minecraft:oak_log":23,"minecraft:gunpowder":1,"minecraft:dirt":34,"minecraft:lantern":1,"minecraft:glass":3,"minecraft:bone":10,"travelersbackpack:backpack_tank":2,"minecraft:apple":1,"minecraft:moss_block":5,"orcz:orcagaric":1,"orcz:bone_1deco":1,"minecraft:gravel":2,"orcz:blue_orcshroom":4,"minecraft:sand":51,"orcz:orcamanita":1,"minecraft:spruce_log":5,"minecraft:spider_eye":1,"minecraft:diamond":10,"minecraft:stone_axe":2,"alexsmobs:moose_ribs":1,"orcz:ironscrap":9,"minecraft:oak_sapling":4,"orcz:orceye":2,"minecraft:coal":504,"iceandfire:raw_silver":7,"minecraft:sunflower":1},"minecraft:mined":{"minecraft:tuff":1,"iceandfire:silver_ore":7,"orcz:palisadedarkoak":1,"gravestone:gravestone":15,"minecraft:grass_block":9,"iceandfire:dread_spawner":1,"minecraft:spruce_leaves":2,"minecraft:blue_wool":2,"minecraft:moss_block":3,"orcz:bone_1deco":1,"minecraft:hay_block":25,"minecraft:furnace":14,"minecraft:iron_ore":57,"minecraft:gold_block":1,"minecraft:vine":1,"minecraft:stone":81,"iceandfire:dread_stone_bricks_cracked":9,"minecraft:white_wool":1,"orcz:scrapblock":3,"minecraft:powder_snow":12,"minecraft:crafting_table":16,"minecraft:torch":1,"realmrpg_skeletons:basic_skeleton":1,"minecraft:chest":1,"iceandfire:sapphire_ore":1,"biomesoplenty:high_grass_plant":1,"minecraft:cobblestone":3,"biomesoplenty:sprout":3,"minecraft:sugar_cane":5,"minecraft:sculk":1,"minecraft:wall_torch":1,"realmrpg_skeletons:bow_skeleton":1,"mirabilis:sand_pile":1,"minecraft:white_carpet":9,"minecraft:spruce_log":5,"minecraft:grass":2,"minecraft:oak_log":23,"minecraft:coal_ore":134,"minecraft:sand":51,"minecraft:sunflower":1,"minecraft:gravel":3,"minecraft:dirt":25,"minecraft:stone_bricks":1,"minecraft:mossy_stone_bricks":1,"iceandfire:dread_stone_bricks":7,"minecraft:oak_leaves":26,"minecraft:deepslate":12,"minecraft:fern":1},"minecraft:crafted":{"minecraft:oak_planks":92,"iceandfire:dragonbone_axe":1,"minecraft:cooked_chicken":2,"spartanshields:wooden_tower_shield":1,"minecraft:furnace":5,"travelersbackpack:blank_upgrade":4,"travelersbackpack:gold_tier_upgrade":1,"minecraft:cooked_mutton":2,"minecraft:glass":24,"minecraft:iron_boots":1,"minecraft:stone_pickaxe":1,"minecraft:chest":3,"travelersbackpack:diamond_tier_upgrade":1,"minecraft:wheat":225,"iceandfire:dragonbone_sword":1,"travelersbackpack:iron_tier_upgrade":1,"minecraft:cooked_porkchop":15,"minecraft:crafting_table":2,"minecraft:spruce_planks":20,"minecraft:iron_helmet":1,"travelersbackpack:backpack_tank":4,"travelersbackpack:standard":4,"spartanshields:iron_tower_shield":1,"minecraft:wooden_pickaxe":1,"travelersbackpack:blue_sleeping_bag":1,"minecraft:stone_axe":1,"iceandfire:dragonbone_pickaxe":1,"minecraft:bread":81,"minecraft:air":0,"minecraft:iron_chestplate":1,"minecraft:shield":1,"minecraft:stick":24,"minecraft:iron_ingot":51,"minecraft:wooden_axe":1,"minecraft:iron_leggings":1,"minecraft:gold_ingot":18,"minecraft:torch":60,"iceandfire:dragonbone_hoe":1},"minecraft:used":{"minecraft:chest":1,"minecraft:spruce_planks":14,"minecraft:shield":6,"minecraft:cooked_chicken":2,"minecraft:torch":38,"minecraft:dirt":33,"iceandfire:dragonbone_axe":71,"minecraft:wooden_axe":57,"minecraft:furnace":16,"minecraft:egg":1,"iceandfire:dragonbone_pickaxe":258,"minecraft:cooked_mutton":2,"minecraft:stone_pickaxe":86,"minecraft:oak_planks":1,"minecraft:wooden_pickaxe":8,"spartanshields:iron_tower_shield":7,"minecraft:crafting_table":16,"iceandfire:dragonbone_sword":113,"minecraft:apple":1,"minecraft:bread":38,"minecraft:stone_axe":17,"orcz:bone_1deco":1,"travelersbackpack:standard":8,"minecraft:cobblestone":69,"minecraft:cooked_porkchop":15,"minecraft:smithing_table":1},"minecraft:dropped":{"minecraft:moss_block":5,"orcz:orcskull":2,"minecraft:crafting_table":1,"minecraft:cobblestone":26,"minecraft:book":6,"minecraft:lantern":1,"orcz:blue_orcshroom":4,"minecraft:coal":112,"minecraft:dirt":1,"minecraft:packed_ice":3,"minecraft:wooden_axe":1,"iceandfire:dread_stone_bricks":3,"gravestone:obituary":16,"minecraft:sunflower":1,"minecraft:bone_block":1,"iceandfire:ash":1,"minecraft:paper":5,"iceandfire:dread_shard":3,"minecraft:gravel":2,"minecraft:furnace":1,"minecraft:stone_axe":1,"minecraft:sugar_cane":10,"alexsmobs:animal_dictionary":1,"minecraft:wheat":8,"minecraft:rotten_flesh":3,"orcz:orcamanita":1,"iceandfire:dragon_skull_ice":3,"orcz:orcshroom":10,"minecraft:shield":1,"minecraft:gunpowder":1,"minecraft:skeleton_skull":1,"minecraft:spruce_planks":106,"minecraft:chest":1,"minecraft:oak_sapling":4,"alexsmobs:moose_ribs":1,"minecraft:spider_eye":1,"minecraft:glass":3,"minecraft:arrow":2,"minecraft:wooden_pickaxe":1},"minecraft:killed":{"minecraft:cave_spider":1,"bloodandmadness:church_doctor":1,"orcz:goblinshield":1,"minecraft:spider":1,"minecraft:skeleton":4,"orcz:squig":4,"orcz:orcsavagemace":2,"minecraft:pig":7,"orcz:goblinsavagemace":3,"riskofrain_mobs:lemurian_entity":1,"minecraft:creeper":3,"minecraft:sheep":3,"minecraft:zombie":4,"iceandfire:ghost":3,"orcz:bigorcboss":2,"alexsmobs:moose":1,"orcz:orcsavage_2sword":2,"orcz:snot":8,"orcz:orcshield":2,"minecraft:cow":11}},"DataVersion":3465}