{"stats":{"minecraft:picked_up":{"minecraft:birch_log":22,"minecraft:stripped_oak_log":2,"minecraft:andesite":7,"minecraft:clay_ball":88,"minecraft:birch_planks":2,"minecraft:flint":2,"minecraft:oak_log":60,"minecraft:dirt":170,"minecraft:apple":3,"minecraft:wheat_seeds":5,"minecraft:rabbit_hide":2,"minecraft:rabbit":2,"minecraft:melon_slice":25,"minecraft:chest":10,"minecraft:oak_planks":4,"minecraft:oak_slab":10,"minecraft:stick":4,"minecraft:raw_iron":4,"minecraft:pumpkin":3,"minecraft:oak_fence":11,"minecraft:gravel":18,"minecraft:porkchop":3,"minecraft:spruce_sapling":1,"minecraft:diorite":4,"minecraft:leather_helmet":1,"minecraft:rotten_flesh":3,"the_slumbering_omen:voidmatter":4,"minecraft:granite":8,"minecraft:oak_sapling":9,"minecraft:coal":3,"minecraft:cobblestone":73},"minecraft:killed_by":{"endofherobrine:rabbit":1},"minecraft:killed":{"minecraft:pig":2,"minecraft:rabbit":1,"endofherobrine:rabbit":1,"minecraft:zombie":3},"minecraft:dropped":{"minecraft:oak_log":31,"the_slumbering_omen:voidmatter":2,"minecraft:oak_planks":10,"minecraft:stone_pickaxe":1},"minecraft:mined":{"minecraft:podzol":12,"minecraft:oak_slab":23,"minecraft:oak_sapling":3,"minecraft:farmland":2,"minecraft:oak_fence":9,"minecraft:clay":21,"minecraft:granite":8,"minecraft:grass_block":88,"minecraft:melon":4,"minecraft:chest":7,"minecraft:cobblestone":1,"minecraft:oak_planks":6,"the_slumbering_omen:voidmatter":2,"minecraft:diorite":4,"minecraft:birch_planks":3,"minecraft:spruce_sapling":1,"minecraft:birch_log":22,"minecraft:iron_ore":4,"minecraft:wheat":1,"minecraft:andesite":7,"minecraft:pumpkin":3,"minecraft:coal_ore":2,"minecraft:oak_log":50,"minecraft:gravel":20,"minecraft:dirt":22,"minecraft:stone":72,"minecraft:oak_leaves":85},"minecraft:broken":{"minecraft:leather_helmet":1,"minecraft:wooden_axe":2},"minecraft:used":{"minecraft:oak_fence":33,"minecraft:wheat_seeds":14,"minecraft:water_bucket":17,"minecraft:birch_planks":1,"minecraft:stone_pickaxe":96,"minecraft:oak_planks":2,"minecraft:chest":5,"minecraft:wooden_pickaxe":5,"minecraft:cobblestone_slab":6,"minecraft:dirt":158,"minecraft:oak_slab":125,"minecraft:wooden_axe":114,"minecraft:wooden_hoe":28,"minecraft:stone_axe":43,"the_slumbering_omen:voidmatter":2,"minecraft:cobblestone":4,"minecraft:oak_sapling":6,"minecraft:andesite":1,"minecraft:bucket":16},"minecraft:custom":{"minecraft:mob_kills":7,"minecraft:interact_with_crafting_table":31,"minecraft:leave_game":3,"minecraft:time_since_death":4043,"minecraft:time_since_rest":4066,"minecraft:sprint_one_cm":93760,"minecraft:damage_taken":1788,"minecraft:walk_one_cm":301683,"minecraft:drop":6,"minecraft:damage_dealt":953,"minecraft:swim_one_cm":3846,"minecraft:fly_one_cm":41917,"minecraft:open_chest":86,"minecraft:crouch_one_cm":118940,"minecraft:play_time":61243,"minecraft:deaths":7,"minecraft:sneak_time":12037,"minecraft:walk_under_water_one_cm":59141,"minecraft:jump":464,"minecraft:walk_on_water_one_cm":11966,"minecraft:total_world_time":61243,"minecraft:fall_one_cm":4180},"minecraft:crafted":{"minecraft:oak_slab":150,"minecraft:oak_planks":136,"minecraft:cobblestone_slab":6,"minecraft:wooden_pickaxe":1,"minecraft:stone_axe":1,"minecraft:wooden_hoe":1,"minecraft:stick":28,"minecraft:stone_pickaxe":1,"minecraft:wooden_axe":2,"minecraft:oak_fence":24}},"DataVersion":3120}