{"stats":{"minecraft:killed_by":{"iceandfire:dread_beast":2,"minecraft:player":2,"minecraft:wither_skeleton":1,"minecraft:piglin_brute":3,"realmrpg_demons:chort":1,"realmrpg_demons:demon":8,"bosses_of_mass_destruction:void_blossom":1,"minecraft:zoglin":1,"minecraft:magma_cube":2,"iceandfire:dread_ghoul":1,"realmrpg_demons:imp":1,"grimoireofgaia:kobold":2,"iceandfire:ice_dragon":3,"riskofrain_mobs:lemurian_entity":1,"minecraft:skeleton":1,"minecraft:guardian":1,"iceandfire:ghost":1,"alexsmobs:moose":1},"minecraft:dropped":{"minecraft:iron_sword":1,"minecraft:moss_block":5,"spartanshields:iron_tower_shield":1,"minecraft:golden_helmet":1,"minecraft:polished_blackstone":2,"minecraft:glass_bottle":1,"orcz:orcskull":2,"minecraft:crafting_table":1,"minecraft:cobblestone":26,"minecraft:book":6,"minecraft:lantern":1,"orcz:blue_orcshroom":4,"minecraft:coal":112,"minecraft:cracked_polished_blackstone_bricks":10,"minecraft:dirt":1,"minecraft:packed_ice":3,"minecraft:wooden_axe":1,"iceandfire:dread_stone_bricks":3,"minecraft:diamond_helmet":1,"gravestone:obituary":25,"minecraft:sunflower":1,"minecraft:bone_block":1,"iceandfire:ash":1,"minecraft:polished_blackstone_bricks":6,"minecraft:polished_basalt":5,"minecraft:polished_blackstone_slab":3,"minecraft:paper":5,"iceandfire:dread_shard":3,"minecraft:bone":1,"minecraft:gravel":2,"minecraft:furnace":1,"minecraft:stone_axe":1,"minecraft:blackstone":4,"minecraft:sugar_cane":10,"minecraft:cobbled_deepslate":6,"alexsmobs:animal_dictionary":1,"minecraft:raw_copper":3,"minecraft:wheat":8,"minecraft:obsidian":2,"minecraft:rotten_flesh":3,"orcz:orcamanita":1,"iceandfire:dragon_skull_ice":3,"orcz:orcshroom":10,"minecraft:shield":1,"minecraft:gunpowder":1,"minecraft:skeleton_skull":1,"minecraft:spruce_planks":106,"minecraft:oak_sapling":4,"minecraft:chest":1,"alexsmobs:moose_ribs":1,"minecraft:spider_eye":1,"minecraft:arrow":2,"minecraft:glass":3,"minecraft:wooden_pickaxe":1},"minecraft:picked_up":{"iceandfire:dread_stone_bricks":7,"minecraft:crafting_table":18,"biomesoplenty:burning_blossom":1,"minecraft:wheat":8,"minecraft:azure_bluet":1,"minecraft:chicken":2,"minecraft:gold_block":20,"gravestone:obituary":11,"minecraft:string":7,"minecraft:raw_copper":3,"minecraft:blackstone":5,"bloodandmadness:blood_vial":1,"alexsmobs:blood_sac":2,"minecraft:gold_nugget":58,"minecraft:cobbled_deepslate":76,"minecraft:spruce_planks":122,"minecraft:beef":24,"minecraft:iron_nugget":6,"minecraft:sugar_cane":10,"minecraft:chest":2,"minecraft:iron_boots":1,"minecraft:egg":1,"minecraft:furnace":14,"minecraft:blue_wool":2,"minecraft:golden_helmet":1,"minecraft:polished_blackstone_brick_slab":1,"minecraft:raw_iron":51,"minecraft:stick":3,"iceandfire:dragonbone":52,"orcz:orcskull":2,"minecraft:torch":2,"minecraft:porkchop":15,"minecraft:polished_blackstone_bricks":7,"orcz:orchorn":2,"orcz:squigs_claws":4,"iceandfire:dragon_skull_ice":4,"minecraft:arrow":2,"minecraft:rotten_flesh":3,"orcz:orcshroom":10,"minecraft:polished_basalt":5,"minecraft:hay_block":25,"minecraft:iron_block":1,"minecraft:polished_blackstone":7,"minecraft:mutton":4,"minecraft:white_wool":5,"forbidden_arcanus:spawner_scrap":1,"minecraft:cobblestone":94,"iceandfire:sapphire_gem":1,"minecraft:magma_block":3,"orcz:orcteeth":42,"minecraft:magma_cream":1,"minecraft:leather":19,"minecraft:golden_leggings":1,"iceandfire:dread_stone_bricks_cracked":1,"minecraft:tuff":6,"minecraft:oak_log":23,"minecraft:golden_boots":1,"minecraft:gunpowder":1,"minecraft:dirt":37,"minecraft:lantern":1,"travelersbackpack:backpack_tank":2,"minecraft:glass":3,"minecraft:bone":12,"minecraft:apple":1,"minecraft:wheat_seeds":3,"iceandfire:armor_silver_metal_helmet":1,"forbidden_arcanus:nipa":1,"minecraft:glowstone_dust":4,"minecraft:moss_block":5,"minecraft:oak_planks":4,"minecraft:quartz":47,"orcz:orcagaric":1,"orcz:bone_1deco":1,"minecraft:gravel":2,"minecraft:polished_blackstone_slab":4,"orcz:blue_orcshroom":4,"minecraft:sand":51,"orcz:orcamanita":1,"minecraft:spruce_log":5,"minecraft:spider_eye":1,"grimoireofgaia:fireshard":3,"biomesoplenty:bramble":2,"minecraft:stone_axe":2,"minecraft:diamond":10,"grimoireofgaia:withered_brain":1,"minecraft:cracked_polished_blackstone_bricks":10,"alexsmobs:moose_ribs":1,"orcz:ironscrap":9,"minecraft:oak_sapling":4,"orcz:orceye":2,"minecraft:netherrack":250,"minecraft:coal":504,"iceandfire:raw_silver":7,"minecraft:sunflower":1},"minecraft:crafted":{"minecraft:oak_planks":92,"iceandfire:dragonbone_axe":1,"spartanshields:wooden_tower_shield":2,"minecraft:cooked_chicken":2,"minecraft:furnace":5,"travelersbackpack:blank_upgrade":4,"travelersbackpack:gold_tier_upgrade":1,"minecraft:cooked_mutton":2,"minecraft:glass":24,"spartanshields:obsidian_tower_shield":1,"minecraft:iron_boots":1,"minecraft:stone_pickaxe":1,"minecraft:chest":3,"travelersbackpack:diamond_tier_upgrade":1,"minecraft:wheat":225,"iceandfire:dragonbone_sword":1,"travelersbackpack:iron_tier_upgrade":1,"minecraft:cooked_porkchop":15,"minecraft:crafting_table":2,"minecraft:spruce_planks":20,"travelersbackpack:backpack_tank":4,"spartanshields:iron_tower_shield":1,"minecraft:wooden_pickaxe":1,"minecraft:iron_helmet":1,"travelersbackpack:standard":4,"travelersbackpack:blue_sleeping_bag":1,"minecraft:stone_axe":1,"iceandfire:dragonbone_pickaxe":1,"minecraft:bread":81,"minecraft:air":0,"minecraft:iron_chestplate":1,"minecraft:shield":1,"minecraft:stick":28,"minecraft:iron_ingot":51,"minecraft:wooden_axe":1,"minecraft:iron_leggings":1,"minecraft:gold_ingot":18,"minecraft:torch":60,"iceandfire:dragonbone_hoe":1},"minecraft:killed":{"minecraft:cave_spider":1,"bloodandmadness:church_doctor":1,"orcz:goblinshield":1,"minecraft:spider":1,"grimoireofgaia:succubus":5,"realmrpg_demons:imp":1,"realmrpg_demons:imp_guard":2,"minecraft:skeleton":5,"bloodandmadness:huntsman_axe":1,"orcz:squig":4,"orcz:orcsavagemace":2,"realmrpg_demons:demon":3,"minecraft:piglin_brute":5,"minecraft:magma_cube":2,"minecraft:piglin":6,"minecraft:pig":7,"orcz:goblinsavagemace":3,"riskofrain_mobs:lemurian_entity":2,"minecraft:creeper":3,"alexsmobs:crimson_mosquito":1,"minecraft:sheep":3,"minecraft:zombie":5,"iceandfire:ghost":3,"orcz:bigorcboss":2,"alexsmobs:moose":1,"grimoireofgaia:wither_cow":2,"orcz:orcsavage_2sword":2,"orcz:snot":8,"minecraft:villager":1,"orcz:orcshield":2,"minecraft:cow":14},"minecraft:custom":{"minecraft:interact_with_smithing_table":16,"minecraft:mob_kills":102,"minecraft:interact_with_crafting_table":52,"minecraft:open_barrel":12,"minecraft:leave_game":6,"minecraft:time_since_death":4231,"minecraft:sprint_one_cm":778403,"minecraft:climb_one_cm":3349,"minecraft:walk_one_cm":426934,"minecraft:damage_blocked_by_shield":2340,"minecraft:drop":100,"minecraft:play_time":280483,"minecraft:sneak_time":36797,"minecraft:deaths":36,"minecraft:walk_under_water_one_cm":10004,"minecraft:jump":6158,"minecraft:walk_on_water_one_cm":26049,"minecraft:total_world_time":280483,"minecraft:interact_with_furnace":89,"spartanshields:shield_bash_hits":3,"minecraft:sleep_in_bed":1,"minecraft:time_since_rest":4269,"minecraft:damage_taken":14427,"minecraft:trigger_trapped_chest":3,"minecraft:damage_dealt":21322,"minecraft:swim_one_cm":59966,"minecraft:fly_one_cm":1086656,"minecraft:player_kills":2,"minecraft:open_chest":149,"minecraft:crouch_one_cm":144715,"minecraft:fall_one_cm":177484},"minecraft:mined":{"minecraft:tuff":1,"iceandfire:silver_ore":7,"orcz:palisadedarkoak":1,"biomesoplenty:burning_blossom":1,"gravestone:gravestone":30,"biomesoplenty:bramble":1,"minecraft:grass_block":11,"minecraft:cracked_polished_blackstone_bricks":11,"iceandfire:dread_spawner":1,"minecraft:polished_blackstone_brick_slab":1,"minecraft:spruce_leaves":2,"biomesoplenty:dead_grass":4,"minecraft:blue_wool":2,"minecraft:moss_block":3,"orcz:bone_1deco":1,"minecraft:spawner":1,"realmrpg_skeletons:dungeon_crawler_skeleton":1,"minecraft:hay_block":25,"minecraft:polished_blackstone_bricks":7,"minecraft:furnace":14,"minecraft:polished_basalt":5,"minecraft:iron_ore":57,"minecraft:fire":4,"biomesoplenty:willow_vine":2,"minecraft:gold_block":19,"minecraft:vine":1,"minecraft:shroomlight":1,"iceandfire:dread_stone_bricks_cracked":10,"minecraft:stone":81,"minecraft:white_wool":1,"orcz:scrapblock":3,"minecraft:blackstone":3,"minecraft:basalt":1,"minecraft:powder_snow":22,"minecraft:torch":1,"minecraft:crafting_table":17,"realmrpg_skeletons:basic_skeleton":1,"minecraft:chest":3,"iceandfire:sapphire_ore":1,"biomesoplenty:high_grass_plant":1,"minecraft:nether_quartz_ore":48,"minecraft:cobblestone":3,"biomesoplenty:sprout":15,"minecraft:oak_planks":3,"minecraft:sugar_cane":5,"minecraft:sculk":1,"minecraft:wall_torch":1,"minecraft:coarse_dirt":6,"realmrpg_skeletons:bow_skeleton":1,"minecraft:wheat":2,"mirabilis:sand_pile":1,"minecraft:polished_blackstone_slab":2,"minecraft:white_carpet":9,"minecraft:spruce_log":5,"minecraft:grass":2,"minecraft:coal_ore":134,"minecraft:oak_log":23,"forbidden_arcanus:nipa":1,"minecraft:gravel":3,"minecraft:dirt":29,"minecraft:sunflower":1,"minecraft:sand":51,"minecraft:stone_bricks":1,"minecraft:polished_blackstone":9,"minecraft:netherrack":239,"iceandfire:dread_stone_bricks":12,"minecraft:mossy_stone_bricks":1,"minecraft:oak_leaves":26,"minecraft:deepslate":12,"minecraft:fern":1},"minecraft:used":{"minecraft:chest":1,"minecraft:spruce_planks":14,"minecraft:shield":6,"minecraft:cooked_chicken":2,"minecraft:netherrack":250,"minecraft:torch":56,"minecraft:dirt":36,"minecraft:obsidian":3,"minecraft:wooden_axe":57,"iceandfire:dragonbone_axe":103,"minecraft:furnace":18,"minecraft:egg":1,"iceandfire:dragonbone_pickaxe":619,"minecraft:cobbled_deepslate":70,"minecraft:cooked_mutton":2,"minecraft:oak_planks":57,"minecraft:stone_pickaxe":86,"iceandfire:dread_stone_bricks":2,"minecraft:wooden_pickaxe":8,"spartanshields:iron_tower_shield":7,"minecraft:crafting_table":17,"iceandfire:dragonbone_sword":297,"minecraft:apple":1,"minecraft:bread":87,"minecraft:stone_axe":17,"travelersbackpack:standard":14,"minecraft:cobblestone":69,"orcz:bone_1deco":1,"minecraft:potion":1,"minecraft:smithing_table":1,"minecraft:cooked_porkchop":15,"minecraft:splash_potion":1,"spartanshields:obsidian_tower_shield":19},"minecraft:broken":{"minecraft:golden_boots":1,"minecraft:iron_boots":1,"minecraft:iron_leggings":1,"minecraft:iron_helmet":1}},"DataVersion":3465}