{"stats":{"minecraft:dropped":{"minecraft:sunflower":1},"minecraft:mined":{"minecraft:oak_log":8,"minecraft:sunflower":1,"biomesoplenty:sprout":2,"minecraft:spruce_leaves":2,"minecraft:spruce_log":5,"minecraft:sugar_cane":5,"minecraft:oak_leaves":16,"minecraft:crafting_table":1},"minecraft:picked_up":{"minecraft:crafting_table":1,"minecraft:oak_log":8,"minecraft:spruce_log":5,"minecraft:oak_sapling":3,"minecraft:sugar_cane":10,"minecraft:sunflower":1},"minecraft:custom":{"minecraft:open_barrel":3,"minecraft:time_since_rest":4262,"minecraft:open_chest":2,"minecraft:crouch_one_cm":873,"minecraft:play_time":4262,"minecraft:sprint_one_cm":9562,"minecraft:walk_one_cm":7554,"minecraft:sneak_time":438,"minecraft:drop":1,"minecraft:jump":65,"minecraft:walk_on_water_one_cm":329,"minecraft:time_since_death":4262,"minecraft:total_world_time":4262,"minecraft:interact_with_crafting_table":1,"minecraft:fall_one_cm":1312,"minecraft:fly_one_cm":9523},"minecraft:crafted":{"minecraft:crafting_table":1,"minecraft:spruce_planks":20,"minecraft:stick":8,"minecraft:wooden_pickaxe":1,"minecraft:wooden_axe":1},"minecraft:used":{"minecraft:wooden_axe":33,"minecraft:crafting_table":1}},"DataVersion":3465}