{"stats":{"minecraft:picked_up":{"minecraft:birch_log":24,"minecraft:stripped_oak_log":2,"minecraft:wheat":1,"minecraft:clay_ball":88,"minecraft:andesite":9,"minecraft:birch_planks":2,"minecraft:flint":3,"minecraft:oak_log":71,"minecraft:dirt":204,"minecraft:string":2,"minecraft:apple":3,"minecraft:wheat_seeds":11,"minecraft:rabbit_hide":2,"minecraft:rabbit":2,"minecraft:melon_slice":25,"minecraft:chest":12,"minecraft:oak_planks":11,"minecraft:oak_slab":10,"minecraft:stick":4,"minecraft:raw_iron":9,"minecraft:pumpkin":3,"minecraft:oak_fence":13,"minecraft:snow_block":80,"minecraft:gravel":28,"minecraft:porkchop":3,"minecraft:spruce_sapling":1,"minecraft:diorite":15,"minecraft:spider_eye":1,"minecraft:leather_helmet":1,"minecraft:rotten_flesh":3,"the_slumbering_omen:voidmatter":4,"minecraft:granite":15,"minecraft:oak_sapling":14,"minecraft:coal":13,"minecraft:snowball":5,"minecraft:cobblestone":73},"minecraft:killed_by":{"minecraft:player":1,"endofherobrine:lurker":1,"endofherobrine:rabbit":1},"minecraft:killed":{"minecraft:pig":2,"minecraft:rabbit":1,"minecraft:spider":2,"endofherobrine:rabbit":1,"minecraft:zombie":4},"minecraft:dropped":{"minecraft:oak_log":31,"the_slumbering_omen:voidmatter":2,"minecraft:oak_planks":10,"minecraft:wooden_pickaxe":1,"minecraft:stone_pickaxe":1},"minecraft:mined":{"minecraft:podzol":12,"minecraft:oak_slab":34,"minecraft:oak_sapling":3,"minecraft:farmland":2,"minecraft:oak_fence":11,"minecraft:clay":21,"minecraft:granite":15,"minecraft:grass_block":103,"minecraft:melon":4,"minecraft:chest":7,"minecraft:cobblestone":1,"minecraft:oak_planks":16,"the_slumbering_omen:voidmatter":2,"minecraft:diorite":27,"minecraft:birch_planks":3,"minecraft:spruce_sapling":1,"minecraft:birch_log":24,"minecraft:iron_ore":10,"minecraft:wheat":2,"minecraft:andesite":13,"minecraft:pumpkin":3,"minecraft:oak_log":61,"minecraft:coal_ore":13,"minecraft:cobblestone_slab":1,"minecraft:gravel":32,"minecraft:dirt":66,"minecraft:stone":72,"minecraft:oak_leaves":124},"minecraft:broken":{"minecraft:leather_helmet":1,"minecraft:stone_axe":1,"minecraft:wooden_axe":2},"minecraft:used":{"minecraft:wheat_seeds":20,"minecraft:oak_fence":35,"minecraft:water_bucket":18,"minecraft:diorite":9,"minecraft:snow_block":5,"minecraft:birch_planks":1,"minecraft:stone_pickaxe":152,"minecraft:stone_shovel":68,"minecraft:oak_planks":2,"minecraft:chest":9,"minecraft:wooden_pickaxe":5,"minecraft:cobblestone_slab":6,"minecraft:dirt":203,"minecraft:oak_slab":170,"minecraft:granite":1,"minecraft:wooden_axe":114,"minecraft:wooden_hoe":33,"minecraft:apple":1,"minecraft:stone_axe":109,"the_slumbering_omen:voidmatter":2,"minecraft:cobblestone":4,"minecraft:furnace":2,"minecraft:oak_sapling":10,"minecraft:bucket":17,"minecraft:andesite":9},"minecraft:custom":{"minecraft:interact_with_furnace":32,"minecraft:mob_kills":11,"minecraft:interact_with_crafting_table":37,"minecraft:leave_game":5,"minecraft:time_since_death":8079,"minecraft:time_since_rest":8094,"minecraft:sprint_one_cm":149285,"minecraft:damage_taken":2280,"minecraft:walk_one_cm":444951,"minecraft:drop":7,"minecraft:damage_dealt":2116,"minecraft:swim_one_cm":3846,"minecraft:fly_one_cm":101497,"minecraft:player_kills":1,"minecraft:open_chest":146,"minecraft:crouch_one_cm":162745,"minecraft:play_time":82331,"minecraft:deaths":9,"minecraft:sneak_time":15928,"minecraft:walk_under_water_one_cm":61809,"minecraft:jump":943,"minecraft:walk_on_water_one_cm":15665,"minecraft:total_world_time":82331,"minecraft:fall_one_cm":10659},"minecraft:crafted":{"minecraft:oak_planks":136,"minecraft:oak_slab":150,"minecraft:cobblestone_slab":6,"minecraft:stone_shovel":1,"minecraft:wooden_pickaxe":1,"minecraft:furnace":2,"minecraft:stone_axe":2,"minecraft:air":0,"minecraft:wooden_hoe":1,"minecraft:stick":28,"minecraft:iron_ingot":8,"minecraft:stone_pickaxe":2,"minecraft:wooden_axe":2,"minecraft:oak_fence":24,"minecraft:cooked_rabbit":2}},"DataVersion":3120}