{"stats":{"minecraft:dropped":{"orcz:orcskull":2,"minecraft:crafting_table":1,"minecraft:cobblestone":25,"minecraft:book":6,"orcz:blue_orcshroom":4,"minecraft:coal":112,"minecraft:dirt":1,"minecraft:packed_ice":3,"minecraft:wooden_axe":1,"iceandfire:dread_stone_bricks":3,"gravestone:obituary":10,"minecraft:sunflower":1,"minecraft:bone_block":1,"iceandfire:ash":1,"minecraft:paper":5,"minecraft:gravel":1,"minecraft:furnace":1,"minecraft:stone_axe":1,"minecraft:sugar_cane":10,"alexsmobs:animal_dictionary":1,"minecraft:wheat":8,"minecraft:rotten_flesh":3,"orcz:orcamanita":1,"iceandfire:dragon_skull_ice":3,"orcz:orcshroom":10,"minecraft:shield":1,"minecraft:gunpowder":1,"minecraft:skeleton_skull":1,"minecraft:spruce_planks":50,"minecraft:chest":1,"minecraft:oak_sapling":4,"alexsmobs:moose_ribs":1,"minecraft:spider_eye":1,"minecraft:arrow":2,"minecraft:wooden_pickaxe":1},"minecraft:picked_up":{"iceandfire:dread_stone_bricks":3,"minecraft:crafting_table":13,"minecraft:wheat":8,"minecraft:chicken":2,"minecraft:gold_block":2,"gravestone:obituary":3,"minecraft:string":1,"minecraft:spruce_planks":50,"minecraft:beef":8,"minecraft:sugar_cane":10,"minecraft:furnace":8,"minecraft:egg":1,"minecraft:blue_wool":2,"minecraft:stick":3,"minecraft:raw_iron":51,"iceandfire:dragonbone":52,"orcz:orcskull":2,"minecraft:torch":1,"minecraft:porkchop":15,"orcz:orchorn":2,"orcz:squigs_claws":4,"iceandfire:dragon_skull_ice":4,"minecraft:arrow":2,"minecraft:rotten_flesh":3,"orcz:orcshroom":10,"minecraft:hay_block":23,"minecraft:mutton":4,"forbidden_arcanus:spawner_scrap":1,"minecraft:white_wool":5,"minecraft:cobblestone":77,"iceandfire:sapphire_gem":1,"orcz:orcteeth":42,"minecraft:leather":6,"minecraft:oak_log":23,"minecraft:gunpowder":1,"minecraft:dirt":34,"minecraft:bone":10,"minecraft:apple":1,"minecraft:sand":51,"orcz:orcagaric":1,"orcz:bone_1deco":1,"minecraft:gravel":1,"orcz:blue_orcshroom":4,"orcz:orcamanita":1,"minecraft:spruce_log":5,"minecraft:spider_eye":1,"minecraft:diamond":10,"minecraft:stone_axe":2,"alexsmobs:moose_ribs":1,"orcz:ironscrap":9,"minecraft:oak_sapling":4,"orcz:orceye":2,"minecraft:coal":423,"iceandfire:raw_silver":7,"minecraft:sunflower":1},"minecraft:killed_by":{"iceandfire:dread_beast":2,"realmrpg_demons:chort":1,"grimoireofgaia:kobold":2,"iceandfire:ice_dragon":2,"minecraft:skeleton":1,"minecraft:guardian":1,"iceandfire:ghost":1,"alexsmobs:moose":1},"minecraft:used":{"minecraft:spruce_planks":14,"minecraft:shield":6,"minecraft:cooked_chicken":2,"minecraft:torch":35,"minecraft:dirt":33,"iceandfire:dragonbone_axe":59,"minecraft:wooden_axe":57,"minecraft:furnace":10,"minecraft:egg":1,"iceandfire:dragonbone_pickaxe":218,"minecraft:cooked_mutton":2,"minecraft:stone_pickaxe":86,"minecraft:wooden_pickaxe":8,"spartanshields:iron_tower_shield":7,"minecraft:crafting_table":12,"iceandfire:dragonbone_sword":111,"minecraft:apple":1,"minecraft:bread":30,"minecraft:stone_axe":17,"orcz:bone_1deco":1,"minecraft:cobblestone":69,"minecraft:cooked_porkchop":15},"minecraft:killed":{"minecraft:cave_spider":1,"bloodandmadness:church_doctor":1,"orcz:goblinshield":1,"minecraft:spider":1,"minecraft:skeleton":4,"orcz:orcsavagemace":2,"orcz:squig":4,"minecraft:pig":7,"riskofrain_mobs:lemurian_entity":1,"orcz:goblinsavagemace":3,"minecraft:creeper":3,"minecraft:sheep":3,"minecraft:zombie":4,"iceandfire:ghost":3,"orcz:bigorcboss":2,"alexsmobs:moose":1,"orcz:orcsavage_2sword":2,"orcz:snot":8,"orcz:orcshield":2,"minecraft:cow":4},"minecraft:mined":{"iceandfire:silver_ore":7,"orcz:palisadedarkoak":1,"gravestone:gravestone":12,"minecraft:grass_block":9,"iceandfire:dread_spawner":1,"minecraft:spruce_leaves":2,"minecraft:blue_wool":2,"orcz:bone_1deco":1,"minecraft:hay_block":23,"minecraft:furnace":8,"minecraft:iron_ore":57,"minecraft:gold_block":1,"minecraft:vine":1,"iceandfire:dread_stone_bricks_cracked":9,"minecraft:stone":67,"minecraft:white_wool":1,"orcz:scrapblock":3,"minecraft:powder_snow":12,"minecraft:crafting_table":12,"minecraft:torch":1,"realmrpg_skeletons:basic_skeleton":1,"iceandfire:sapphire_ore":1,"biomesoplenty:high_grass_plant":1,"biomesoplenty:sprout":3,"minecraft:sugar_cane":5,"realmrpg_skeletons:bow_skeleton":1,"mirabilis:sand_pile":1,"minecraft:white_carpet":9,"minecraft:spruce_log":5,"minecraft:grass":2,"minecraft:oak_log":23,"minecraft:coal_ore":134,"minecraft:sand":51,"minecraft:sunflower":1,"minecraft:gravel":2,"minecraft:dirt":25,"minecraft:stone_bricks":1,"minecraft:mossy_stone_bricks":1,"iceandfire:dread_stone_bricks":7,"minecraft:oak_leaves":26,"minecraft:fern":1},"minecraft:custom":{"minecraft:mob_kills":58,"minecraft:interact_with_crafting_table":22,"minecraft:open_barrel":5,"minecraft:leave_game":4,"minecraft:time_since_death":28195,"minecraft:climb_one_cm":1358,"minecraft:sprint_one_cm":491220,"minecraft:walk_one_cm":236340,"minecraft:damage_blocked_by_shield":660,"minecraft:drop":58,"minecraft:play_time":159348,"minecraft:sneak_time":10909,"minecraft:deaths":12,"minecraft:walk_under_water_one_cm":5921,"minecraft:jump":3710,"minecraft:walk_on_water_one_cm":12326,"minecraft:total_world_time":159348,"minecraft:interact_with_furnace":61,"spartanshields:shield_bash_hits":2,"minecraft:sleep_in_bed":1,"minecraft:time_since_rest":28289,"minecraft:damage_taken":5553,"minecraft:trigger_trapped_chest":3,"minecraft:damage_dealt":9799,"minecraft:swim_one_cm":46100,"minecraft:fly_one_cm":725014,"minecraft:open_chest":67,"minecraft:crouch_one_cm":34727,"minecraft:fall_one_cm":105691},"minecraft:crafted":{"iceandfire:dragonbone_axe":1,"minecraft:cooked_chicken":2,"spartanshields:wooden_tower_shield":1,"minecraft:furnace":3,"minecraft:cooked_mutton":2,"minecraft:iron_boots":1,"minecraft:stone_pickaxe":1,"minecraft:chest":1,"minecraft:wheat":207,"iceandfire:dragonbone_sword":1,"minecraft:cooked_porkchop":15,"minecraft:crafting_table":1,"minecraft:spruce_planks":20,"spartanshields:iron_tower_shield":1,"minecraft:wooden_pickaxe":1,"minecraft:iron_helmet":1,"travelersbackpack:blue_sleeping_bag":1,"minecraft:stone_axe":1,"iceandfire:dragonbone_pickaxe":1,"minecraft:bread":75,"minecraft:air":0,"minecraft:iron_chestplate":1,"minecraft:shield":1,"minecraft:stick":24,"minecraft:iron_ingot":51,"minecraft:wooden_axe":1,"minecraft:gold_ingot":18,"minecraft:iron_leggings":1,"minecraft:torch":60}},"DataVersion":3465}