{"stats":{"minecraft:killed":{"minecraft:zombie":1,"minecraft:cow":1,"born_in_chaos_v1:maggot":2},"minecraft:used":{"minecraft:wooden_axe":74,"minecraft:apple":1,"minecraft:stone_pickaxe":235,"minecraft:wooden_pickaxe":59,"minecraft:crafting_table":4},"minecraft:custom":{"minecraft:time_since_rest":28568,"minecraft:sprint_one_cm":9963,"minecraft:damage_taken":115,"minecraft:walk_one_cm":54513,"minecraft:mob_kills":4,"minecraft:damage_dealt":420,"minecraft:interact_with_crafting_table":4,"minecraft:fly_one_cm":11892,"minecraft:crouch_one_cm":5284,"minecraft:play_time":28568,"minecraft:sneak_time":2524,"minecraft:jump":114,"minecraft:leave_game":2,"minecraft:time_since_death":28568,"minecraft:total_world_time":28568,"minecraft:fall_one_cm":4559},"minecraft:picked_up":{"minecraft:raw_iron":4,"minecraft:dark_oak_sapling":9,"born_in_chaos_v1:corpse_maggot":2,"minecraft:stick":19,"minecraft:crafting_table":4,"minecraft:andesite":7,"minecraft:leather":2,"minecraft:spruce_sapling":17,"minecraft:spruce_log":67,"minecraft:dark_oak_log":23,"minecraft:dirt":4,"minecraft:bone":2,"minecraft:apple":1,"minecraft:cobbled_deepslate":49,"minecraft:beef":3,"minecraft:granite":11,"minecraft:cobblestone":222},"minecraft:crafted":{"minecraft:crafting_table":1,"minecraft:spruce_planks":36,"minecraft:stick":8,"minecraft:wooden_pickaxe":1,"minecraft:stone_pickaxe":2,"minecraft:wooden_axe":2},"minecraft:mined":{"minecraft:iron_ore":4,"minecraft:spruce_log":5,"minecraft:andesite":7,"treechop:chopped_log":8,"minecraft:crafting_table":4,"minecraft:granite":11,"minecraft:grass":1,"minecraft:dirt":4,"minecraft:stone":223,"minecraft:deepslate":49},"minecraft:broken":{"minecraft:stone_pickaxe":1,"minecraft:wooden_axe":1,"minecraft:wooden_pickaxe":1}},"DataVersion":3465}