{"stats":{"minecraft:custom":{"minecraft:jump":142,"minecraft:time_since_rest":10468,"minecraft:damage_dealt":18,"minecraft:leave_game":2,"minecraft:play_time":10468,"minecraft:sprint_one_cm":9867,"minecraft:damage_taken":20,"minecraft:time_since_death":10468,"minecraft:walk_one_cm":11296,"minecraft:total_world_time":10468,"minecraft:fall_one_cm":5020,"minecraft:fly_one_cm":34211},"minecraft:used":{"cave_dweller:cave_dweller_spawn_egg":1},"minecraft:mined":{"minecraft:grass":1}},"DataVersion":3120}