{"stats":{"minecraft:picked_up":{"lucky_block_:bazoka":1,"lucky_block_:shade_bogen":1,"lucky_blocks:weaponry_lucky_block":1,"minecraft:tnt":10},"minecraft:killed_by":{"minecraft:player":1},"minecraft:used":{"lucky_blocks:crazy_lucky_block":4,"lucky_block_:lucky_block":4},"minecraft:mined":{"lucky_blocks:crazy_lucky_block":2},"minecraft:custom":{"minecraft:jump":86,"minecraft:time_since_rest":6166,"minecraft:damage_dealt":218,"minecraft:crouch_one_cm":601,"minecraft:deaths":1,"minecraft:sprint_one_cm":10067,"minecraft:play_time":6853,"minecraft:damage_taken":279,"minecraft:time_since_death":6142,"minecraft:walk_one_cm":10985,"minecraft:sneak_time":188,"minecraft:total_world_time":6853,"minecraft:fall_one_cm":811,"minecraft:fly_one_cm":54982,"minecraft:leave_game":1}},"DataVersion":3120}