{"stats":{"minecraft:mined":{"minecraft:grass":1,"minecraft:grass_block":1,"autumnity:maple_leaves":1},"minecraft:custom":{"minecraft:jump":130,"minecraft:time_since_rest":6886,"minecraft:damage_dealt":37,"minecraft:crouch_one_cm":258,"minecraft:leave_game":4,"minecraft:sprint_one_cm":15435,"minecraft:play_time":6886,"minecraft:damage_taken":220,"minecraft:time_since_death":6886,"minecraft:walk_one_cm":25385,"minecraft:sneak_time":155,"minecraft:total_world_time":6886,"minecraft:fall_one_cm":6651,"minecraft:fly_one_cm":12385}},"DataVersion":3465}