{"stats":{"minecraft:picked_up":{"minecraft:crafting_table":5,"artifacts:night_vision_goggles":1,"aether:iron_gloves":1,"artifacts:chorus_totem":1,"minecraft:enchanted_book":5,"minecraft:red_bed":1,"valhelsia_structures:unlit_soul_lantern":1,"minecraft:string":28,"minecraft:moss_carpet":2,"minecraft:iron_axe":1,"dungeonnowloading:spawner_fragment":8,"minecraft:gold_nugget":36,"minecraft:cobbled_deepslate":22,"delightful:acorn":5,"minecraft:iron_nugget":8,"minecraft:iron_pickaxe":1,"delightful:green_tea_leaf":2,"minecraft:furnace":6,"minecraft:egg":3,"minecraft:stick":8,"minecraft:raw_iron":103,"minecraft:torch":14,"minecraft:porkchop":11,"tombstone:grave_dust":2,"minecraft:diorite":1,"minecraft:dark_oak_planks":40,"minecraft:arrow":23,"minecraft:rotten_flesh":38,"minecraft:hay_block":9,"supplementaries:antique_ink":4,"supplementaries:ash":8,"minecraft:mutton":10,"minecraft:white_wool":11,"alexsmobs:lobster_tail":1,"minecraft:cobblestone":46,"minecraft:oxeye_daisy":1,"minecraft:feather":5,"minecraft:cooked_beef":1,"minecraft:jungle_log":1,"minecraft:andesite":9,"minecraft:leather":7,"minecraft:filled_map":1,"paraglider:spirit_orb":4,"minecraft:flint":1,"minecraft:tuff":4,"minecraft:oak_log":55,"minecraft:dirt":16,"minecraft:paper":2,"quark:forgotten_hat":1,"minecraft:name_tag":1,"minecraft:cooked_mutton":8,"minecraft:bone":6,"minecraft:apple":1,"quark:music_disc_crickets":2,"minecraft:wheat_seeds":4,"minecraft:raw_gold":22,"minecraft:iron_ingot":1,"minecraft:cobweb":6,"minecraft:bamboo":23,"minecraft:gray_bed":1,"minecraft:oak_planks":24,"minecraft:music_disc_13":1,"minecraft:cooked_porkchop":8,"dungeonnowloading:spawner_frame":1,"minecraft:pumpkin":3,"minecraft:red_wool":1,"minecraft:gravel":7,"minecraft:sand":1,"minecraft:spider_eye":3,"alexsmobs:animal_dictionary":1,"minecraft:diamond":12,"minecraft:granite":3,"minecraft:gray_wool":1,"minecraft:oak_sapling":19,"minecraft:coal":76,"iceandfire:raw_silver":2},"minecraft:dropped":{"minecraft:enchanted_book":3,"minecraft:wheat_seeds":2,"minecraft:red_wool":1,"minecraft:coal":8,"minecraft:flint":1,"artifacts:night_vision_goggles":1,"minecraft:oxeye_daisy":1,"minecraft:dirt":3,"minecraft:torch":1,"tombstone:grave_dust":1,"delightful:acorn":2,"minecraft:iron_leggings":1,"minecraft:sand":1,"minecraft:string":4,"minecraft:cobbled_deepslate":11,"minecraft:tuff":4,"minecraft:rotten_flesh":3,"minecraft:oak_planks":18,"artifacts:chorus_totem":1,"dungeonnowloading:spawner_fragment":4,"supplementaries:ash":6,"aether:iron_gloves":1,"quark:forgotten_hat":1,"minecraft:spider_eye":2},"minecraft:custom":{"minecraft:interact_with_smithing_table":1,"lootr:looted_stat":28,"minecraft:mob_kills":62,"minecraft:interact_with_crafting_table":19,"minecraft:open_barrel":11,"goblintraders:trade_with_goblin":30,"minecraft:leave_game":2,"minecraft:time_since_death":54691,"minecraft:climb_one_cm":3510,"minecraft:sprint_one_cm":177484,"minecraft:walk_one_cm":441935,"minecraft:damage_blocked_by_shield":1666,"minecraft:drop":48,"minecraft:play_time":126436,"minecraft:deaths":7,"minecraft:sneak_time":3394,"minecraft:walk_under_water_one_cm":1310,"minecraft:jump":1799,"minecraft:walk_on_water_one_cm":8089,"minecraft:total_world_time":126436,"minecraft:interact_with_furnace":18,"minecraft:sleep_in_bed":1,"minecraft:time_since_rest":15157,"minecraft:damage_taken":3076,"minecraft:damage_dealt":9884,"minecraft:fly_one_cm":224624,"minecraft:swim_one_cm":28711,"minecraft:open_chest":5,"minecraft:crouch_one_cm":9734,"tombstone:undead_killed":32,"minecraft:fall_one_cm":39114},"minecraft:crafted":{"minecraft:oak_planks":80,"minecraft:furnace":1,"minecraft:cooked_mutton":10,"minecraft:iron_boots":1,"minecraft:iron_axe":1,"minecraft:stone_pickaxe":1,"minecraft:wheat":81,"minecraft:cooked_porkchop":3,"sophisticatedbackpacks:backpack":1,"dungeonnowloading:spawner_frame":1,"alexsmobs:cooked_lobster_tail":1,"minecraft:crafting_table":2,"minecraft:wooden_pickaxe":1,"minecraft:iron_helmet":1,"minecraft:iron_sword":1,"more_bows_and_arrows:iron_bow":1,"minecraft:bread":27,"minecraft:air":0,"minecraft:jungle_planks":4,"aether:iron_gloves":1,"minecraft:iron_chestplate":2,"minecraft:shield":1,"minecraft:stick":27,"quark:oak_chest":1,"minecraft:iron_pickaxe":2,"minecraft:iron_ingot":91,"minecraft:iron_leggings":3,"minecraft:torch":36},"minecraft:used":{"minecraft:moss_carpet":2,"minecraft:shield":48,"minecraft:iron_sword":210,"minecraft:rotten_flesh":15,"minecraft:torch":47,"minecraft:dirt":4,"minecraft:jungle_planks":4,"minecraft:granite":3,"minecraft:iron_axe":22,"alexsmobs:cooked_lobster_tail":1,"minecraft:iron_helmet":1,"minecraft:bamboo":1,"delightful:green_tea_leaf":1,"valhelsia_structures:unlit_soul_lantern":1,"minecraft:furnace":3,"minecraft:gray_bed":1,"tombstone:gift":2,"minecraft:egg":3,"minecraft:cooked_beef":7,"minecraft:cobbled_deepslate":4,"minecraft:pumpkin":2,"more_bows_and_arrows:iron_bow":5,"minecraft:cooked_mutton":2,"minecraft:diorite":1,"minecraft:stone_pickaxe":125,"minecraft:oak_planks":13,"quark:forgotten_hat":1,"minecraft:wooden_pickaxe":18,"minecraft:crafting_table":6,"minecraft:oak_log":3,"minecraft:apple":1,"minecraft:iron_pickaxe":102,"minecraft:gravel":6,"minecraft:cobblestone":32,"minecraft:andesite":7,"delightful:acorn":3},"minecraft:mined":{"minecraft:tuff":2,"iceandfire:silver_ore":1,"minecraft:deepslate_diamond_ore":6,"minecraft:granite":3,"minecraft:grass_block":5,"minecraft:hay_block":9,"minecraft:furnace":4,"minecraft:iron_ore":53,"minecraft:andesite":9,"minecraft:pumpkin":3,"treechop:chopped_log":4,"minecraft:sculk_shrieker":1,"minecraft:deepslate_iron_ore":33,"minecraft:bamboo":1,"minecraft:stone":46,"valhelsia_structures:big_purple_glazed_jar":1,"minecraft:red_bed":1,"minecraft:torch":3,"minecraft:crafting_table":4,"valhelsia_structures:black_glazed_jar":1,"minecraft:tall_grass":1,"minecraft:deepslate_gold_ore":8,"minecraft:oak_planks":1,"minecraft:diorite":1,"minecraft:wall_torch":2,"supplementaries:urn":3,"minecraft:gray_bed":1,"minecraft:grass":7,"minecraft:oak_log":3,"minecraft:coal_ore":44,"valhelsia_structures:unlit_soul_lantern":1,"minecraft:gravel":9,"minecraft:dirt":11,"minecraft:cobweb":16,"minecraft:oak_leaves":1,"minecraft:deepslate":16},"minecraft:broken":{"aether:iron_gloves":1,"minecraft:stone_pickaxe":1},"minecraft:killed":{"alexsmobs:lobster":2,"mca:male_zombie_villager":1,"minecraft:spider":6,"alexsmobs:murmur":1,"alexsmobs:seagull":2,"creeperoverhaul:bamboo_creeper":1,"minecraft:skeleton":5,"creeperoverhaul:cave_creeper":1,"minecraft:pig":9,"minecraft:sheep":7,"minecraft:zombie":25,"minecraft:cow":1}},"DataVersion":3465}