{"stats":{"minecraft:killed":{"minecraft:cave_spider":1,"born_in_chaos_v1:zombie_lumberjack":1,"born_in_chaos_v1:restless_spirit":1,"born_in_chaos_v1:maggot":10,"minecraft:skeleton":2,"alexsmobs:guster":1,"born_in_chaos_v1:bone_imp_minion":1,"born_in_chaos_v1:baby_skeleton":1,"born_in_chaos_v1:swarmer":1,"duneons:mountaineer":1,"born_in_chaos_v1:decrepit_skeleton":3,"born_in_chaos_v1:bloody_gadfly":1,"minecraft:zombie":4,"born_in_chaos_v1:corpse_fly":6,"born_in_chaos_v1:door_knight":1},"minecraft:mined":{"minecraft:tuff":14,"minecraft:deepslate_diamond_ore":9,"minecraft:sculk_vein":55,"biomesoplenty:desert_grass":2,"gravestone:gravestone":3,"minecraft:granite":2,"biomesoplenty:bush":1,"minecraft:grass_block":79,"duneons:highlandtallgrass":2,"biomesoplenty:dried_salt":1,"minecraft:sandstone":1,"minecraft:hay_block":15,"minecraft:sculk_catalyst":30,"minecraft:furnace":1,"minecraft:carrots":13,"minecraft:iron_ore":23,"minecraft:cobbled_deepslate":1,"minecraft:andesite":1,"treechop:chopped_log":3,"minecraft:sculk_shrieker":16,"minecraft:potatoes":15,"minecraft:deepslate_iron_ore":8,"minecraft:stone":480,"minecraft:soul_fire":1,"minecraft:crafting_table":2,"minecraft:dead_bush":1,"minecraft:sculk_sensor":97,"minecraft:copper_ore":2,"minecraft:cobblestone":27,"farmersdelight:wild_tomatoes":1,"minecraft:oak_planks":78,"minecraft:sculk":1158,"minecraft:diorite":23,"minecraft:wall_torch":2,"minecraft:grass":14,"minecraft:coal_ore":117,"minecraft:oak_log":2,"minecraft:dirt":55,"minecraft:sand":58,"biomesoplenty:stringy_cobweb":2,"minecraft:deepslate":252},"minecraft:broken":{"minecraft:stone_pickaxe":5,"minecraft:iron_pickaxe":1,"minecraft:stone_shovel":1},"minecraft:killed_by":{"born_in_chaos_v1:zombie_lumberjack":1,"minecraft:warden":2},"minecraft:dropped":{"minecraft:oak_log":2,"minecraft:glass_bottle":2,"minecraft:poisonous_potato":2,"minecraft:cobblestone":3,"minecraft:coal":26,"farmersdelight:rice":4,"minecraft:stick":10,"minecraft:diorite":38,"gravestone:obituary":4,"minecraft:sand":1,"minecraft:cactus":16,"minecraft:string":1,"minecraft:cobbled_deepslate":8,"minecraft:rotten_flesh":4,"minecraft:oak_planks":1,"minecraft:carrot":1,"minecraft:oak_sapling":1,"minecraft:ladder":1,"minecraft:sandstone":1,"minecraft:stone_pickaxe":1,"minecraft:wooden_pickaxe":1},"minecraft:used":{"minecraft:stone_shovel":175,"minecraft:diamond_hoe":1164,"minecraft:chest":2,"minecraft:shield":4,"minecraft:iron_sword":150,"minecraft:iron_chestplate":1,"minecraft:oak_door":2,"minecraft:torch":74,"minecraft:dirt":3,"minecraft:carrot":96,"minecraft:glass":28,"minecraft:iron_axe":115,"minecraft:item_frame":1,"minecraft:furnace":3,"minecraft:potato":16,"minecraft:cobbled_deepslate":83,"minecraft:stone_pickaxe":733,"minecraft:baked_potato":14,"minecraft:oak_planks":272,"minecraft:wooden_pickaxe":31,"minecraft:sand":1,"minecraft:crafting_table":7,"brewery:corn":1,"minecraft:bread":15,"minecraft:iron_pickaxe":261,"minecraft:cobblestone":163,"alexsmobs:animal_dictionary":1,"beachparty:rubber_ring_pelican":1,"minecraft:diamond_leggings":1,"minecraft:experience_bottle":1},"minecraft:picked_up":{"minecraft:crafting_table":2,"minecraft:ladder":1,"minecraft:potion":2,"born_in_chaos_v1:bloody_gadfly_eye":1,"minecraft:string":1,"minecraft:item_frame":1,"minecraft:experience_bottle":1,"minecraft:cobbled_deepslate":219,"biomesoplenty:wildflower":1,"minecraft:furnace":1,"minecraft:raw_iron":31,"minecraft:stick":8,"minecraft:sandstone":1,"minecraft:torch":2,"minecraft:diorite":57,"minecraft:carrot":56,"minecraft:cactus":8,"minecraft:rotten_flesh":22,"artifacts:villager_hat":1,"minecraft:hay_block":14,"minecraft:glow_berries":6,"minecraft:cobblestone":337,"born_in_chaos_v1:corpse_maggot":11,"minecraft:glow_ink_sac":3,"minecraft:potato":57,"minecraft:oak_log":69,"minecraft:gunpowder":2,"minecraft:dirt":176,"minecraft:bone":7,"minecraft:apple":2,"minecraft:stone_pickaxe":1,"minecraft:glass_bottle":2,"minecraft:oak_planks":78,"born_in_chaos_v1:ethereal_spirit":2,"minecraft:poisonous_potato":2,"minecraft:sand":58,"minecraft:dark_oak_log":2,"alexsmobs:animal_dictionary":1,"beachparty:rubber_ring_pelican":2,"alexsmobs:guster_eye":1,"minecraft:slime_ball":1,"minecraft:diamond":7,"minecraft:oak_sapling":12,"minecraft:coal":116},"minecraft:custom":{"minecraft:mob_kills":35,"minecraft:interact_with_crafting_table":28,"minecraft:open_barrel":9,"minecraft:bell_ring":1,"minecraft:damage_dealt_resisted":1751,"minecraft:leave_game":3,"minecraft:time_since_death":56104,"minecraft:climb_one_cm":4110,"minecraft:sprint_one_cm":181775,"minecraft:walk_one_cm":500831,"minecraft:damage_blocked_by_shield":150,"minecraft:drop":32,"minecraft:talked_to_villager":2,"minecraft:play_time":219266,"minecraft:deaths":4,"minecraft:sneak_time":64928,"minecraft:walk_under_water_one_cm":4087,"minecraft:jump":3314,"minecraft:interact_with_brewingstand":2,"minecraft:walk_on_water_one_cm":13028,"minecraft:total_world_time":219266,"minecraft:interact_with_furnace":37,"minecraft:sleep_in_bed":1,"minecraft:time_since_rest":56133,"minecraft:waystone_activated":1,"minecraft:damage_taken":3808,"minecraft:damage_dealt":6121,"minecraft:swim_one_cm":11919,"minecraft:fly_one_cm":399652,"minecraft:open_chest":68,"minecraft:crouch_one_cm":273794,"minecraft:fall_one_cm":89853,"minecraft:horse_one_cm":2728},"minecraft:crafted":{"minecraft:oak_door":3,"minecraft:oak_planks":268,"minecraft:stone_shovel":2,"minecraft:furnace":2,"minecraft:glass":40,"minecraft:iron_boots":1,"minecraft:iron_axe":1,"minecraft:stone_pickaxe":6,"minecraft:chest":2,"minecraft:crafting_table":5,"minecraft:baked_potato":41,"minecraft:wooden_pickaxe":1,"minecraft:iron_helmet":1,"minecraft:iron_sword":1,"minecraft:air":0,"minecraft:iron_chestplate":1,"minecraft:diamond_pickaxe":1,"minecraft:shield":1,"minecraft:stick":44,"minecraft:iron_ingot":31,"minecraft:iron_pickaxe":2,"minecraft:torch":80}},"DataVersion":3465}