{"stats":{"minecraft:killed":{"alexsmobs:guster":1,"minecraft:cave_spider":1,"born_in_chaos_v1:restless_spirit":1,"born_in_chaos_v1:baby_skeleton":1,"born_in_chaos_v1:decrepit_skeleton":1,"born_in_chaos_v1:maggot":3,"minecraft:skeleton":1,"minecraft:zombie":3},"minecraft:mined":{"minecraft:tuff":14,"minecraft:deepslate_diamond_ore":9,"minecraft:sculk_vein":55,"minecraft:soul_fire":1,"biomesoplenty:desert_grass":2,"minecraft:crafting_table":2,"gravestone:gravestone":3,"minecraft:granite":2,"minecraft:grass_block":41,"minecraft:dead_bush":1,"minecraft:sculk_sensor":97,"minecraft:cobblestone":25,"minecraft:copper_ore":2,"biomesoplenty:dried_salt":1,"farmersdelight:wild_tomatoes":1,"minecraft:sculk":1158,"minecraft:diorite":23,"minecraft:sandstone":1,"minecraft:wall_torch":2,"minecraft:hay_block":15,"minecraft:sculk_catalyst":30,"minecraft:furnace":1,"minecraft:carrots":13,"minecraft:iron_ore":23,"minecraft:cobbled_deepslate":1,"minecraft:andesite":1,"treechop:chopped_log":2,"minecraft:grass":14,"minecraft:sculk_shrieker":16,"minecraft:potatoes":15,"minecraft:coal_ore":117,"minecraft:deepslate_iron_ore":8,"minecraft:sand":34,"minecraft:dirt":12,"biomesoplenty:stringy_cobweb":2,"minecraft:stone":480,"minecraft:deepslate":252},"minecraft:killed_by":{"minecraft:warden":2,"born_in_chaos_v1:zombie_lumberjack":1},"minecraft:dropped":{"minecraft:oak_log":2,"minecraft:cobbled_deepslate":8,"minecraft:glass_bottle":2,"minecraft:poisonous_potato":2,"minecraft:cobblestone":3,"minecraft:rotten_flesh":2,"minecraft:oak_planks":1,"minecraft:carrot":1,"minecraft:coal":26,"farmersdelight:rice":4,"minecraft:stick":10,"minecraft:diorite":38,"minecraft:oak_sapling":1,"minecraft:ladder":1,"minecraft:sand":1,"gravestone:obituary":4,"minecraft:sandstone":1,"minecraft:wooden_pickaxe":1,"minecraft:stone_pickaxe":1,"minecraft:cactus":16,"minecraft:string":1},"minecraft:broken":{"minecraft:stone_pickaxe":5,"minecraft:iron_pickaxe":1},"minecraft:used":{"minecraft:oak_planks":104,"minecraft:stone_shovel":69,"minecraft:stone_pickaxe":733,"minecraft:baked_potato":5,"minecraft:diamond_hoe":1164,"minecraft:chest":2,"minecraft:wooden_pickaxe":31,"minecraft:iron_sword":29,"minecraft:iron_chestplate":1,"minecraft:torch":72,"minecraft:dirt":2,"minecraft:sand":1,"minecraft:crafting_table":7,"brewery:corn":1,"minecraft:carrot":96,"minecraft:iron_axe":21,"minecraft:bread":15,"minecraft:iron_pickaxe":259,"minecraft:item_frame":1,"minecraft:cobblestone":163,"minecraft:furnace":2,"alexsmobs:animal_dictionary":1,"minecraft:potato":16,"minecraft:cobbled_deepslate":83,"beachparty:rubber_ring_pelican":1,"minecraft:diamond_leggings":1,"minecraft:experience_bottle":1},"minecraft:picked_up":{"born_in_chaos_v1:corpse_maggot":2,"minecraft:crafting_table":2,"minecraft:ladder":1,"minecraft:glow_ink_sac":3,"minecraft:potato":57,"minecraft:potion":2,"minecraft:oak_log":47,"minecraft:gunpowder":2,"minecraft:dirt":95,"minecraft:string":1,"minecraft:item_frame":1,"minecraft:bone":2,"minecraft:experience_bottle":1,"minecraft:apple":1,"minecraft:cobbled_deepslate":219,"minecraft:stone_pickaxe":1,"biomesoplenty:wildflower":1,"minecraft:glass_bottle":2,"minecraft:furnace":1,"minecraft:stick":8,"minecraft:raw_iron":31,"minecraft:sandstone":1,"born_in_chaos_v1:ethereal_spirit":2,"minecraft:torch":2,"minecraft:poisonous_potato":2,"minecraft:sand":33,"minecraft:diorite":57,"minecraft:carrot":55,"alexsmobs:animal_dictionary":1,"beachparty:rubber_ring_pelican":2,"alexsmobs:guster_eye":1,"minecraft:cactus":8,"minecraft:rotten_flesh":9,"minecraft:diamond":7,"artifacts:villager_hat":1,"minecraft:hay_block":14,"minecraft:oak_sapling":5,"minecraft:glow_berries":6,"minecraft:coal":116,"minecraft:cobblestone":335},"minecraft:custom":{"minecraft:interact_with_furnace":18,"minecraft:mob_kills":12,"minecraft:interact_with_crafting_table":20,"minecraft:open_barrel":9,"minecraft:bell_ring":1,"minecraft:damage_dealt_resisted":293,"minecraft:leave_game":3,"minecraft:time_since_death":32104,"minecraft:sleep_in_bed":1,"minecraft:climb_one_cm":4110,"minecraft:time_since_rest":32133,"minecraft:waystone_activated":1,"minecraft:sprint_one_cm":149688,"minecraft:damage_taken":3466,"minecraft:walk_one_cm":408206,"minecraft:drop":31,"minecraft:damage_dealt":2111,"minecraft:swim_one_cm":3567,"minecraft:fly_one_cm":359572,"minecraft:talked_to_villager":2,"minecraft:open_chest":50,"minecraft:crouch_one_cm":263769,"minecraft:play_time":195266,"minecraft:deaths":4,"minecraft:sneak_time":62926,"minecraft:walk_under_water_one_cm":4009,"minecraft:interact_with_brewingstand":2,"minecraft:jump":3030,"minecraft:walk_on_water_one_cm":10576,"minecraft:total_world_time":195266,"minecraft:fall_one_cm":83957,"minecraft:horse_one_cm":2728},"minecraft:crafted":{"minecraft:oak_planks":180,"minecraft:stone_shovel":1,"minecraft:crafting_table":5,"minecraft:iron_helmet":1,"minecraft:wooden_pickaxe":1,"minecraft:baked_potato":5,"minecraft:iron_sword":1,"minecraft:furnace":1,"minecraft:air":0,"minecraft:iron_boots":1,"minecraft:iron_chestplate":1,"minecraft:iron_axe":1,"minecraft:stick":40,"minecraft:iron_ingot":31,"minecraft:iron_pickaxe":2,"minecraft:stone_pickaxe":6,"minecraft:chest":2,"minecraft:torch":72}},"DataVersion":3465}