{"stats":{"minecraft:picked_up":{"minecraft:dirt":2},"minecraft:killed_by":{"the_slumbering_omen:combatscout":1},"minecraft:custom":{"minecraft:time_since_rest":7051,"minecraft:crouch_one_cm":4328,"minecraft:walk_one_cm":37337,"minecraft:sprint_one_cm":21168,"minecraft:play_time":21898,"minecraft:damage_taken":1038,"minecraft:deaths":9,"minecraft:sneak_time":1441,"minecraft:walk_under_water_one_cm":1551,"minecraft:jump":346,"minecraft:damage_dealt":69,"minecraft:leave_game":3,"minecraft:walk_on_water_one_cm":1236,"minecraft:time_since_death":7016,"minecraft:total_world_time":21898,"minecraft:swim_one_cm":2979,"minecraft:fly_one_cm":195563,"minecraft:fall_one_cm":8260},"minecraft:used":{"apollyon:the_damned_spawn_egg":3,"minecraft:dirt":1,"minecraft:milk_bucket":15},"minecraft:mined":{"minecraft:grass":2,"minecraft:grass_block":2,"minecraft:oak_leaves":10}},"DataVersion":3120}