{"stats":{"minecraft:killed":{"alexsmobs:lobster":2,"minecraft:spider":3,"minecraft:zombie":6},"minecraft:picked_up":{"minecraft:crafting_table":4,"minecraft:andesite":7,"aether:iron_gloves":1,"minecraft:flint":1,"minecraft:oak_log":35,"minecraft:string":5,"minecraft:dirt":9,"minecraft:apple":1,"minecraft:gold_nugget":6,"minecraft:cobbled_deepslate":8,"delightful:acorn":4,"delightful:green_tea_leaf":2,"minecraft:furnace":2,"minecraft:stick":5,"minecraft:raw_iron":78,"minecraft:torch":3,"minecraft:gravel":7,"tombstone:grave_dust":1,"minecraft:diorite":1,"minecraft:spider_eye":2,"minecraft:rotten_flesh":7,"supplementaries:antique_ink":2,"minecraft:granite":1,"minecraft:oak_sapling":19,"alexsmobs:lobster_tail":1,"minecraft:coal":60,"iceandfire:raw_silver":1,"minecraft:cobblestone":41,"minecraft:oxeye_daisy":1},"minecraft:mined":{"iceandfire:silver_ore":1,"minecraft:crafting_table":4,"minecraft:granite":1,"valhelsia_structures:black_glazed_jar":1,"minecraft:grass_block":3,"minecraft:diorite":1,"minecraft:wall_torch":2,"supplementaries:urn":1,"minecraft:furnace":2,"minecraft:iron_ore":47,"minecraft:andesite":7,"treechop:chopped_log":2,"minecraft:sculk_shrieker":1,"minecraft:coal_ore":28,"minecraft:deepslate_iron_ore":32,"minecraft:gravel":9,"minecraft:dirt":6,"minecraft:stone":41,"minecraft:oak_leaves":1,"minecraft:deepslate":7},"minecraft:dropped":{"minecraft:coal":8,"minecraft:oxeye_daisy":1,"aether:iron_gloves":1,"minecraft:torch":1,"tombstone:grave_dust":1,"minecraft:iron_leggings":1,"delightful:acorn":1,"minecraft:spider_eye":1},"minecraft:broken":{"minecraft:stone_pickaxe":1},"minecraft:crafted":{"minecraft:oak_planks":24,"minecraft:crafting_table":1,"minecraft:iron_helmet":1,"minecraft:wooden_pickaxe":1,"minecraft:iron_sword":1,"minecraft:furnace":1,"minecraft:air":0,"aether:iron_gloves":1,"minecraft:iron_boots":1,"minecraft:iron_chestplate":1,"minecraft:shield":1,"minecraft:iron_axe":1,"minecraft:stick":16,"minecraft:iron_ingot":91,"minecraft:iron_pickaxe":2,"minecraft:stone_pickaxe":1,"minecraft:iron_leggings":2,"minecraft:torch":36},"minecraft:used":{"minecraft:diorite":1,"minecraft:stone_pickaxe":125,"minecraft:shield":18,"minecraft:wooden_pickaxe":18,"minecraft:iron_sword":36,"minecraft:rotten_flesh":2,"minecraft:torch":18,"minecraft:crafting_table":4,"minecraft:granite":1,"minecraft:apple":1,"minecraft:iron_axe":1,"minecraft:iron_pickaxe":40,"minecraft:gravel":6,"delightful:green_tea_leaf":1,"minecraft:furnace":2,"minecraft:andesite":5,"tombstone:gift":1,"minecraft:cobbled_deepslate":4,"delightful:acorn":3},"minecraft:custom":{"lootr:looted_stat":1,"minecraft:interact_with_furnace":10,"minecraft:mob_kills":11,"minecraft:interact_with_crafting_table":12,"goblintraders:trade_with_goblin":30,"minecraft:time_since_death":5160,"minecraft:time_since_rest":2761,"minecraft:sprint_one_cm":22579,"minecraft:damage_taken":715,"minecraft:walk_one_cm":92528,"minecraft:damage_blocked_by_shield":236,"minecraft:drop":8,"minecraft:damage_dealt":2013,"minecraft:fly_one_cm":29710,"minecraft:crouch_one_cm":4512,"minecraft:play_time":42720,"tombstone:undead_killed":6,"minecraft:deaths":2,"minecraft:sneak_time":1855,"minecraft:jump":326,"minecraft:walk_on_water_one_cm":2902,"minecraft:total_world_time":42720,"minecraft:fall_one_cm":9906}},"DataVersion":3465}