{"stats":{"minecraft:picked_up":{"minecraft:birch_log":10,"minecraft:clay_ball":12,"minecraft:andesite":18,"minecraft:birch_planks":1,"minecraft:mushroom_stew":3,"minecraft:flint":2,"minecraft:oak_log":18,"minecraft:map":1,"minecraft:dirt":66,"minecraft:wheat_seeds":3,"minecraft:stone_pickaxe":1,"minecraft:chest":5,"minecraft:oak_planks":2,"minecraft:raw_iron":6,"minecraft:pumpkin":1,"minecraft:oak_fence":7,"minecraft:gravel":21,"minecraft:spruce_sapling":5,"minecraft:diorite":8,"minecraft:spruce_log":2,"minecraft:pumpkin_seeds":4,"minecraft:stone_shovel":1,"minecraft:carved_pumpkin":1,"the_slumbering_omen:voidmatter":12,"minecraft:granite":13,"minecraft:oak_sapling":3,"minecraft:coal":13,"minecraft:snowball":44,"minecraft:cobblestone":30},"minecraft:killed_by":{"minecraft:player":3,"the_slumbering_omen:darakuchase":1},"minecraft:dropped":{"minecraft:oak_log":9,"minecraft:oak_sapling":1,"minecraft:spruce_sapling":2},"minecraft:mined":{"minecraft:podzol":4,"minecraft:oak_sapling":1,"minecraft:snow_block":6,"minecraft:carved_pumpkin":1,"minecraft:oak_fence":8,"minecraft:clay":3,"minecraft:granite":13,"minecraft:grass_block":31,"minecraft:chest":7,"minecraft:oak_planks":2,"the_slumbering_omen:voidmatter":2,"minecraft:diorite":10,"minecraft:birch_planks":3,"minecraft:snow":13,"minecraft:birch_log":8,"minecraft:iron_ore":5,"minecraft:wheat":2,"the_slumbering_omen:watervoidmatter":1,"minecraft:spruce_log":3,"minecraft:andesite":21,"minecraft:oak_log":15,"minecraft:coal_ore":8,"minecraft:gravel":23,"minecraft:dirt":29,"minecraft:stone":28},"minecraft:broken":{"minecraft:stone_pickaxe":1},"minecraft:used":{"minecraft:oak_fence":34,"minecraft:wheat_seeds":3,"minecraft:water_bucket":5,"minecraft:snow_block":2,"minecraft:carved_pumpkin":1,"minecraft:stone_shovel":25,"minecraft:stone_pickaxe":128,"minecraft:oak_planks":1,"minecraft:torch":1,"minecraft:dirt":33,"minecraft:oak_slab":1,"minecraft:mushroom_stew":5,"minecraft:snowball":4,"minecraft:shears":1,"minecraft:pumpkin_seeds":1,"minecraft:oak_fence_gate":1,"minecraft:map":1,"the_slumbering_omen:voidmatter":2,"minecraft:oak_sapling":2,"minecraft:bucket":5,"minecraft:birch_log":1,"minecraft:pumpkin":1},"minecraft:custom":{"minecraft:interact_with_crafting_table":20,"minecraft:leave_game":1,"minecraft:time_since_death":5509,"minecraft:time_since_rest":5518,"minecraft:sprint_one_cm":105678,"minecraft:damage_taken":1805,"minecraft:walk_one_cm":524326,"minecraft:drop":4,"minecraft:damage_dealt":390,"minecraft:swim_one_cm":39221,"minecraft:fly_one_cm":93420,"minecraft:player_kills":8,"minecraft:open_chest":150,"minecraft:crouch_one_cm":99966,"minecraft:play_time":68786,"minecraft:deaths":5,"minecraft:sneak_time":9952,"minecraft:walk_under_water_one_cm":114028,"minecraft:jump":916,"minecraft:walk_on_water_one_cm":11661,"minecraft:total_world_time":68786,"minecraft:fall_one_cm":16617},"minecraft:crafted":{"minecraft:oak_planks":64,"minecraft:oak_fence_gate":1,"minecraft:stick":28,"minecraft:stone_pickaxe":1,"minecraft:snow_block":2,"minecraft:oak_fence":27,"minecraft:shears":1}},"DataVersion":3120}