{"stats":{"minecraft:custom":{"minecraft:interact_with_anvil":4,"minecraft:mob_kills":70,"minecraft:interact_with_crafting_table":60,"minecraft:open_barrel":21,"minecraft:bell_ring":3,"minecraft:damage_dealt_resisted":2781,"minecraft:eat_cake_slice":2,"minecraft:leave_game":6,"minecraft:time_since_death":54087,"minecraft:climb_one_cm":6479,"minecraft:sprint_one_cm":472797,"minecraft:walk_one_cm":1312490,"minecraft:damage_blocked_by_shield":225,"minecraft:drop":57,"minecraft:play_noteblock":10,"minecraft:talked_to_villager":6,"minecraft:play_time":490486,"minecraft:sneak_time":99628,"minecraft:deaths":9,"minecraft:walk_under_water_one_cm":28869,"minecraft:interact_with_brewingstand":3,"minecraft:jump":6037,"minecraft:walk_on_water_one_cm":27329,"minecraft:total_world_time":490486,"minecraft:interact_with_furnace":56,"minecraft:tune_noteblock":55,"minecraft:interact_with_grindstone":1,"minecraft:sleep_in_bed":5,"minecraft:time_since_rest":54111,"minecraft:waystone_activated":2,"minecraft:damage_taken":7773,"minecraft:damage_dealt":13677,"minecraft:player_kills":1,"minecraft:swim_one_cm":51014,"minecraft:fly_one_cm":736854,"minecraft:open_chest":213,"minecraft:crouch_one_cm":407798,"minecraft:interact_with_smoker":10,"minecraft:fall_one_cm":169289,"minecraft:horse_one_cm":2728},"minecraft:killed_by":{"born_in_chaos_v1:lifestealer_true_form":1,"born_in_chaos_v1:zombie_lumberjack":1,"minecraft:warden":4},"minecraft:picked_up":{"minecraft:crafting_table":3,"born_in_chaos_v1:charmof_stealth":2,"born_in_chaos_v1:diamond_termite_shard":5,"minecraft:wheat":1,"minecraft:sandstone_slab":2,"minecraft:redstone_block":2,"minecraft:ladder":1,"born_in_chaos_v1:seedof_chaos":1,"minecraft:lead":1,"minecraft:potion":2,"born_in_chaos_v1:bloody_gadfly_eye":1,"gravestone:obituary":3,"minecraft:string":20,"beautify:acacia_trellis":2,"minecraft:sticky_piston":1,"minecraft:item_frame":2,"minecraft:experience_bottle":3,"biomesoplenty:dead_sapling":3,"minecraft:cobbled_deepslate":246,"minecraft:iron_nugget":1,"minecraft:lectern":1,"biomesoplenty:wildflower":2,"minecraft:chest":1,"minecraft:mangrove_log":2,"minecraft:egg":1,"minecraft:furnace":1,"minecraft:dark_oak_sapling":2,"minecraft:raw_iron":31,"minecraft:stick":11,"minecraft:sandstone":1,"minecraft:torch":4,"duneons:stonetablemaping":2,"minecraft:note_block":2,"minecraft:stone_button":2,"minecraft:diorite":57,"born_in_chaos_v1:pieceofdarkmetal":9,"iammusicplayer:cassette_tape":2,"minecraft:carrot":56,"minecraft:redstone":45,"minecraft:cactus":8,"minecraft:light_gray_bed":1,"minecraft:rotten_flesh":53,"artifacts:villager_hat":1,"minecraft:deepslate_bricks":4,"minecraft:hay_block":14,"minecraft:saddle":1,"minecraft:gold_ingot":1,"minecraft:glow_berries":6,"duneons:goatgear_chestplate":1,"iammusicplayer:boombox":4,"minecraft:white_wool":2,"minecraft:cobblestone":341,"born_in_chaos_v1:fused_bone":1,"born_in_chaos_v1:corpse_maggot":13,"born_in_chaos_v1:monster_flesh":3,"minecraft:golden_carrot":1,"minecraft:glow_ink_sac":3,"brewery:corn_seeds":1,"minecraft:smoker":1,"gnumus:gnumus_pouch":1,"minecraft:potato":58,"biomesoplenty:dead_log":50,"minecraft:oak_log":73,"minecraft:gunpowder":6,"iammusicplayer:cassette_tape_glass":1,"minecraft:deepslate_tile_slab":2,"minecraft:dirt":207,"born_in_chaos_v1:monster_skin":1,"minecraft:bone":16,"minecraft:apple":4,"minecraft:gray_carpet":2,"minecraft:kelp":44,"gnumus:gnumus_horn":1,"minecraft:bow":1,"minecraft:wheat_seeds":6,"minecraft:iron_ingot":7,"minecraft:stone_pickaxe":1,"minecraft:glass_bottle":3,"minecraft:oak_planks":78,"minecraft:book":1,"born_in_chaos_v1:ethereal_spirit":6,"minecraft:dandelion":2,"minecraft:poisonous_potato":2,"minecraft:dripstone_block":3,"minecraft:sand":64,"gnumus:gnumus_cheese":1,"minecraft:spruce_sapling":2,"sophisticatedbackpacks:iron_backpack":1,"minecraft:spruce_log":11,"minecraft:spider_eye":1,"minecraft:dark_oak_log":13,"alexsmobs:animal_dictionary":1,"beachparty:rubber_ring_pelican":2,"alexsmobs:guster_eye":1,"minecraft:yellow_carpet":1,"minecraft:slime_ball":1,"minecraft:diamond":13,"gnumus:gnumus_clay":5,"alexsmobs:rattlesnake_rattle":1,"minecraft:painting":2,"minecraft:gray_wool":1,"minecraft:oak_button":1,"alexsmobs:maggot":2,"minecraft:oak_sapling":12,"minecraft:damaged_anvil":1,"minecraft:netherrack":1,"minecraft:coal":117},"minecraft:mined":{"minecraft:tuff":14,"minecraft:deepslate_diamond_ore":14,"biomesoplenty:desert_grass":2,"minecraft:dark_oak_log":1,"minecraft:sculk_vein":316,"gravestone:gravestone":8,"minecraft:granite":2,"biomesoplenty:bush":3,"minecraft:grass_block":83,"minecraft:yellow_carpet":1,"duneons:highlandtallgrass":2,"minecraft:light_gray_bed":1,"minecraft:deepslate_bricks":4,"iammusicplayer:boombox":4,"biomesoplenty:dried_salt":1,"minecraft:kelp":7,"minecraft:sandstone":1,"minecraft:hay_block":15,"minecraft:tall_seagrass":17,"minecraft:sculk_catalyst":49,"minecraft:furnace":1,"minecraft:carrots":13,"minecraft:iron_ore":23,"minecraft:sticky_piston":1,"minecraft:cobbled_deepslate":2,"minecraft:chiseled_deepslate":1,"minecraft:andesite":1,"treechop:chopped_log":7,"minecraft:sculk_shrieker":25,"minecraft:potatoes":15,"minecraft:deepslate_iron_ore":8,"minecraft:stone":480,"minecraft:tripwire":1,"minecraft:deepslate_redstone_ore":10,"minecraft:sandstone_slab":2,"minecraft:acacia_leaves":1,"minecraft:redstone_block":2,"minecraft:glass_pane":4,"minecraft:kelp_plant":6,"minecraft:smoker":1,"minecraft:soul_fire":2,"minecraft:deepslate_tile_slab":2,"born_in_chaos_v1:infected_deepslate_diamond_ore":3,"minecraft:crafting_table":3,"minecraft:note_block":2,"minecraft:chest":1,"minecraft:dead_bush":1,"minecraft:sculk_sensor":130,"minecraft:lectern":1,"minecraft:copper_ore":2,"minecraft:tall_grass":7,"minecraft:cobblestone":31,"farmersdelight:wild_tomatoes":1,"minecraft:damaged_anvil":1,"minecraft:oak_planks":78,"minecraft:sculk":5486,"minecraft:wall_torch":3,"minecraft:diorite":23,"minecraft:seagrass":6,"minecraft:gray_wool":1,"duneons:stonetablemaping":1,"minecraft:tnt":2,"minecraft:grass":18,"minecraft:coal_ore":118,"minecraft:oak_log":2,"minecraft:dirt":55,"minecraft:sand":62,"minecraft:gray_carpet":2,"biomesoplenty:stringy_cobweb":2,"minecraft:cobweb":19,"minecraft:deepslate":269},"minecraft:crafted":{"minecraft:oak_door":3,"iammusicplayer:music_manager":1,"minecraft:oak_planks":276,"minecraft:stone_shovel":2,"minecraft:jukebox":1,"iammusicplayer:cassette_deck":1,"minecraft:iron_nugget":9,"minecraft:oak_pressure_plate":2,"minecraft:furnace":2,"minecraft:glass_pane":16,"minecraft:glass":40,"minecraft:iron_boots":1,"minecraft:iron_axe":1,"minecraft:stone_pickaxe":6,"minecraft:chest":4,"minecraft:diamond_boots":1,"iammusicplayer:cassette_tape_glass":1,"minecraft:oak_button":2,"minecraft:dark_oak_planks":12,"minecraft:wheat":126,"biomesoplenty:dead_planks":32,"minecraft:diamond_sword":1,"minecraft:crafting_table":5,"minecraft:spruce_planks":44,"minecraft:dried_kelp":53,"minecraft:iron_helmet":1,"minecraft:wooden_pickaxe":1,"minecraft:baked_potato":41,"minecraft:iron_sword":1,"minecraft:mangrove_planks":8,"minecraft:dark_oak_button":4,"minecraft:air":0,"minecraft:bread":61,"minecraft:iron_chestplate":1,"minecraft:diamond_pickaxe":1,"minecraft:shield":2,"minecraft:stick":80,"minecraft:iron_ingot":31,"minecraft:iron_pickaxe":2,"minecraft:note_block":2,"minecraft:torch":112},"minecraft:broken":{"minecraft:stone_pickaxe":5,"minecraft:iron_sword":1,"minecraft:iron_pickaxe":1,"minecraft:stone_shovel":1},"minecraft:used":{"minecraft:stone_shovel":175,"minecraft:chest":5,"minecraft:diamond_hoe":5814,"minecraft:shield":6,"minecraft:iron_sword":236,"minecraft:oak_door":2,"minecraft:netherrack":1,"minecraft:iron_chestplate":1,"minecraft:torch":111,"minecraft:dirt":43,"iammusicplayer:boombox":3,"minecraft:carrot":96,"minecraft:glass":28,"minecraft:iron_axe":168,"minecraft:dark_oak_button":4,"minecraft:item_frame":1,"minecraft:golden_carrot":1,"minecraft:furnace":3,"minecraft:egg":1,"minecraft:potato":16,"minecraft:cobbled_deepslate":106,"minecraft:light_gray_bed":1,"minecraft:water_bucket":31,"minecraft:damaged_anvil":1,"minecraft:baked_potato":41,"iammusicplayer:cassette_deck":1,"minecraft:stone_pickaxe":733,"minecraft:oak_planks":273,"minecraft:wooden_pickaxe":31,"minecraft:deepslate_bricks":4,"iammusicplayer:music_manager":1,"minecraft:sand":3,"minecraft:crafting_table":7,"alexscaves:cave_book":3,"brewery:corn":1,"gnumus:gnumus_cheese":1,"minecraft:note_block":2,"minecraft:smoker":1,"minecraft:diamond_pickaxe":12,"minecraft:iron_pickaxe":336,"minecraft:stone_button":1,"minecraft:string":1,"minecraft:bread":41,"minecraft:oak_button":3,"minecraft:oak_pressure_plate":2,"minecraft:diamond_sword":163,"minecraft:cobblestone":225,"minecraft:bucket":32,"alexsmobs:animal_dictionary":1,"minecraft:diamond_leggings":1,"beachparty:rubber_ring_pelican":1,"minecraft:experience_bottle":2},"minecraft:dropped":{"sophisticatedbackpacks:iron_backpack":1,"minecraft:bread":9,"duneons:goatgear_chestplate":1,"minecraft:wheat_seeds":3,"minecraft:oak_log":2,"minecraft:glass_bottle":3,"iammusicplayer:cassette_tape_glass":1,"minecraft:poisonous_potato":2,"minecraft:cobblestone":3,"minecraft:saddle":1,"minecraft:coal":26,"farmersdelight:rice":4,"minecraft:stick":10,"minecraft:diorite":38,"gravestone:obituary":9,"minecraft:sand":1,"beautify:acacia_trellis":2,"minecraft:cactus":16,"minecraft:string":1,"minecraft:cobbled_deepslate":12,"minecraft:rotten_flesh":8,"minecraft:oak_planks":1,"minecraft:iron_boots":1,"iammusicplayer:boombox":1,"minecraft:carrot":1,"duneons:stonetablemaping":1,"minecraft:potato":1,"minecraft:gunpowder":2,"minecraft:spruce_planks":28,"biomesoplenty:wildflower":1,"minecraft:oak_sapling":1,"minecraft:ladder":1,"minecraft:spider_eye":1,"minecraft:sandstone":1,"minecraft:stone_pickaxe":1,"minecraft:wooden_pickaxe":1,"iammusicplayer:cassette_tape":1},"minecraft:killed":{"minecraft:cave_spider":1,"born_in_chaos_v1:restless_spirit":1,"born_in_chaos_v1:zombie_lumberjack":2,"born_in_chaos_v1:skeleton_demoman":1,"minecraft:spider":1,"alexsmobs:rattlesnake":1,"born_in_chaos_v1:zombie_bruiser":1,"born_in_chaos_v1:siamese_skeletonsright":1,"born_in_chaos_v1:maggot":10,"minecraft:skeleton":4,"gnumus:gnumus_hunter":1,"born_in_chaos_v1:skeleton_thrasher":1,"alexsmobs:guster":1,"born_in_chaos_v1:bone_imp_minion":1,"minecraft:zombie_villager":3,"born_in_chaos_v1:diamond_termite":6,"born_in_chaos_v1:baby_skeleton":2,"born_in_chaos_v1:swarmer":1,"duneons:mountaineer":1,"born_in_chaos_v1:decrepit_skeleton":6,"born_in_chaos_v1:bloody_gadfly":1,"minecraft:zombie":6,"born_in_chaos_v1:dread_hound":3,"born_in_chaos_v1:corpse_fly":8,"born_in_chaos_v1:door_knight":2}},"DataVersion":3465}