{"stats":{"minecraft:killed_by":{"grimoireofgaia:minotaurus":1},"minecraft:killed":{"minecraft:pig":1,"bloodandmadness:beast_patient":1,"riskofrain_mobs:lemurian_entity":2,"realmrpg_demons:chort":1},"minecraft:mined":{"minecraft:grass":1,"minecraft:oak_log":12,"biomesoplenty:yellow_autumn_leaves":6,"minecraft:tall_grass":1,"mirabilis:oak_leave_carpet":1,"minecraft:powder_snow":8,"minecraft:oak_leaves":2,"gravestone:gravestone":1},"minecraft:used":{"minecraft:cooked_beef":3,"minecraft:iron_sword":24},"minecraft:picked_up":{"minecraft:wheat":1,"minecraft:stick":2,"bloodandmadness:blood_vial":1,"minecraft:porkchop":1,"minecraft:oak_log":12,"minecraft:coal":2,"biomesoplenty:yellow_autumn_sapling":1},"minecraft:custom":{"minecraft:open_barrel":3,"minecraft:time_since_rest":20678,"minecraft:open_chest":2,"minecraft:crouch_one_cm":2408,"minecraft:deaths":1,"minecraft:play_time":28643,"minecraft:sprint_one_cm":15913,"minecraft:damage_taken":628,"minecraft:walk_one_cm":40977,"minecraft:sneak_time":773,"minecraft:mob_kills":5,"minecraft:jump":221,"minecraft:damage_dealt":1082,"minecraft:time_since_death":20641,"minecraft:walk_on_water_one_cm":452,"minecraft:total_world_time":28643,"minecraft:climb_one_cm":170,"minecraft:interact_with_crafting_table":3,"minecraft:fall_one_cm":3913,"minecraft:fly_one_cm":18149}},"DataVersion":3465}