{"stats":{"minecraft:broken":{"minecraft:stone_pickaxe":1,"minecraft:stone_shovel":14},"minecraft:killed_by":{"minecraft:player":3,"the_slumbering_omen:darakuchase":1},"minecraft:mined":{"minecraft:oak_sapling":1,"minecraft:snow_block":11,"minecraft:dark_oak_log":2,"minecraft:oak_fence":8,"minecraft:carved_pumpkin":1,"minecraft:clay":3,"minecraft:granite":14,"minecraft:grass_block":54,"minecraft:chest":11,"minecraft:birch_slab":1,"minecraft:oak_planks":5,"the_slumbering_omen:voidmatter":2,"minecraft:diorite":10,"minecraft:birch_planks":3,"minecraft:birch_log":8,"minecraft:iron_ore":9,"minecraft:wheat":2,"the_slumbering_omen:watervoidmatter":1,"minecraft:snow":1861,"minecraft:spruce_log":3,"minecraft:andesite":24,"minecraft:oak_log":26,"minecraft:coal_ore":13,"minecraft:gravel":33,"minecraft:dirt":29,"minecraft:packed_ice":4,"minecraft:stone":37,"minecraft:oak_leaves":4,"minecraft:podzol":4},"minecraft:custom":{"minecraft:interact_with_furnace":1,"minecraft:mob_kills":1,"minecraft:interact_with_crafting_table":29,"minecraft:leave_game":13,"minecraft:time_since_death":2652,"minecraft:climb_one_cm":4576,"minecraft:time_since_rest":2663,"minecraft:sprint_one_cm":127373,"minecraft:damage_taken":2944,"minecraft:walk_one_cm":669863,"minecraft:drop":13,"minecraft:damage_dealt":649,"minecraft:swim_one_cm":39756,"minecraft:fly_one_cm":129898,"minecraft:player_kills":11,"minecraft:open_chest":195,"minecraft:crouch_one_cm":118463,"minecraft:play_time":90000,"minecraft:deaths":8,"minecraft:sneak_time":11992,"minecraft:walk_under_water_one_cm":121541,"minecraft:jump":1219,"minecraft:walk_on_water_one_cm":12790,"minecraft:total_world_time":90000,"minecraft:fall_one_cm":22615},"minecraft:used":{"minecraft:oak_fence":35,"minecraft:wheat_seeds":4,"minecraft:water_bucket":5,"minecraft:snow_block":8,"minecraft:carved_pumpkin":4,"minecraft:stone_shovel":1903,"minecraft:stone_pickaxe":159,"minecraft:oak_planks":7,"minecraft:torch":1,"minecraft:dirt":33,"minecraft:oak_slab":1,"minecraft:mushroom_stew":12,"minecraft:snowball":36,"minecraft:shears":1,"minecraft:pumpkin_seeds":1,"minecraft:oak_fence_gate":1,"minecraft:birch_slab":2,"minecraft:map":1,"minecraft:stone_axe":15,"the_slumbering_omen:voidmatter":2,"minecraft:oak_sapling":4,"minecraft:bucket":5,"minecraft:birch_log":1,"minecraft:egg":1,"minecraft:pumpkin":1},"minecraft:crafted":{"minecraft:oak_planks":112,"minecraft:stone_shovel":16,"minecraft:stone_axe":1,"minecraft:oak_fence_gate":1,"minecraft:stick":72,"minecraft:stone_pickaxe":2,"minecraft:snow_block":417,"minecraft:oak_fence":27,"minecraft:shears":1},"minecraft:dropped":{"minecraft:snow_block":314,"minecraft:oak_log":9,"minecraft:oak_sapling":1,"minecraft:snowball":1,"minecraft:spruce_sapling":2},"minecraft:picked_up":{"minecraft:birch_log":10,"minecraft:andesite":21,"minecraft:clay_ball":12,"minecraft:birch_slab":2,"minecraft:birch_planks":1,"minecraft:mushroom_stew":3,"minecraft:flint":4,"minecraft:oak_log":29,"minecraft:map":1,"minecraft:dirt":89,"minecraft:wheat_seeds":3,"minecraft:stone_pickaxe":1,"minecraft:chest":11,"minecraft:oak_planks":5,"minecraft:stick":3,"minecraft:raw_iron":10,"minecraft:pumpkin":1,"minecraft:oak_fence":8,"minecraft:snow_block":36,"minecraft:gravel":29,"minecraft:spruce_sapling":5,"minecraft:diorite":8,"minecraft:spruce_log":2,"minecraft:dark_oak_log":2,"minecraft:pumpkin_seeds":4,"minecraft:rotten_flesh":3,"minecraft:stone_shovel":1,"the_slumbering_omen:voidmatter":12,"minecraft:granite":13,"minecraft:carved_pumpkin":5,"minecraft:oak_sapling":4,"minecraft:coal":17,"minecraft:snowball":1914,"minecraft:cobblestone":39}},"DataVersion":3120}