{"stats":{"minecraft:picked_up":{"minecraft:birch_log":9,"minecraft:raw_iron":2,"minecraft:andesite":13,"minecraft:clay_ball":12,"minecraft:pumpkin":1,"minecraft:oak_fence":7,"minecraft:flint":1,"minecraft:mushroom_stew":3,"minecraft:gravel":9,"minecraft:birch_planks":1,"minecraft:oak_log":14,"minecraft:spruce_sapling":2,"minecraft:diorite":1,"minecraft:dirt":44,"minecraft:wheat_seeds":1,"minecraft:granite":11,"the_slumbering_omen:voidmatter":12,"minecraft:stone_pickaxe":1,"minecraft:oak_sapling":2,"minecraft:coal":5,"minecraft:chest":2,"minecraft:oak_planks":2,"minecraft:cobblestone":29},"minecraft:killed_by":{"the_slumbering_omen:darakuchase":1,"minecraft:player":2},"minecraft:dropped":{"minecraft:oak_sapling":1,"minecraft:spruce_sapling":2},"minecraft:mined":{"minecraft:podzol":4,"minecraft:birch_planks":3,"minecraft:oak_sapling":1,"minecraft:iron_ore":2,"minecraft:birch_log":7,"the_slumbering_omen:watervoidmatter":1,"minecraft:wheat":2,"minecraft:andesite":14,"minecraft:clay":3,"minecraft:oak_fence":8,"minecraft:granite":11,"minecraft:coal_ore":5,"minecraft:grass_block":24,"minecraft:oak_log":11,"minecraft:chest":4,"minecraft:gravel":10,"minecraft:dirt":13,"minecraft:stone":27,"minecraft:oak_planks":2,"the_slumbering_omen:voidmatter":2,"minecraft:diorite":2},"minecraft:broken":{"minecraft:stone_pickaxe":1},"minecraft:used":{"minecraft:wheat_seeds":1,"minecraft:oak_fence":34,"minecraft:water_bucket":5,"minecraft:stone_pickaxe":79,"minecraft:oak_planks":1,"minecraft:torch":1,"the_slumbering_omen:voidmatter":2,"minecraft:dirt":33,"minecraft:oak_slab":1,"minecraft:oak_sapling":2,"minecraft:mushroom_stew":1,"minecraft:birch_log":1,"minecraft:bucket":5,"minecraft:oak_fence_gate":1},"minecraft:custom":{"minecraft:time_since_rest":8466,"minecraft:sprint_one_cm":70556,"minecraft:damage_taken":1032,"minecraft:walk_one_cm":424537,"minecraft:drop":3,"minecraft:damage_dealt":116,"minecraft:swim_one_cm":24878,"minecraft:interact_with_crafting_table":16,"minecraft:fly_one_cm":61182,"minecraft:player_kills":1,"minecraft:open_chest":124,"minecraft:crouch_one_cm":83232,"minecraft:play_time":56786,"minecraft:deaths":4,"minecraft:sneak_time":7961,"minecraft:walk_under_water_one_cm":65184,"minecraft:jump":620,"minecraft:leave_game":1,"minecraft:walk_on_water_one_cm":8864,"minecraft:time_since_death":8455,"minecraft:total_world_time":56786,"minecraft:fall_one_cm":12052},"minecraft:crafted":{"minecraft:oak_fence_gate":1,"minecraft:oak_planks":64,"minecraft:stick":28,"minecraft:stone_pickaxe":1,"minecraft:oak_fence":27}},"DataVersion":3120}