{"stats":{"minecraft:killed_by":{"born_in_chaos_v1:zombie_lumberjack":1},"minecraft:picked_up":{"minecraft:dirt":1},"minecraft:mined":{"minecraft:grass_block":1},"minecraft:used":{"alexsmobs:animal_dictionary":1,"minecraft:dirt":1},"minecraft:custom":{"minecraft:jump":46,"minecraft:time_since_rest":1860,"minecraft:deaths":1,"minecraft:damage_taken":270,"minecraft:crouch_one_cm":46,"minecraft:leave_game":2,"minecraft:play_time":6494,"minecraft:sprint_one_cm":1807,"minecraft:time_since_death":1820,"minecraft:walk_one_cm":6122,"minecraft:sneak_time":57,"minecraft:total_world_time":6494,"minecraft:fall_one_cm":476,"minecraft:fly_one_cm":3258}},"DataVersion":3465}