{"stats":{"minecraft:picked_up":{"minecraft:birch_log":9,"minecraft:raw_iron":5,"minecraft:andesite":18,"minecraft:clay_ball":12,"minecraft:pumpkin":1,"minecraft:oak_fence":7,"minecraft:flint":2,"minecraft:mushroom_stew":3,"minecraft:gravel":16,"minecraft:birch_planks":1,"minecraft:oak_log":17,"minecraft:spruce_sapling":2,"minecraft:diorite":8,"minecraft:dirt":60,"minecraft:wheat_seeds":1,"minecraft:granite":13,"the_slumbering_omen:voidmatter":12,"minecraft:stone_pickaxe":1,"minecraft:oak_sapling":3,"minecraft:coal":8,"minecraft:chest":4,"minecraft:oak_planks":2,"minecraft:cobblestone":30},"minecraft:killed_by":{"the_slumbering_omen:darakuchase":1,"minecraft:player":2},"minecraft:dropped":{"minecraft:oak_sapling":1,"minecraft:spruce_sapling":2},"minecraft:mined":{"minecraft:podzol":4,"minecraft:birch_planks":3,"minecraft:oak_sapling":1,"minecraft:iron_ore":5,"minecraft:birch_log":7,"the_slumbering_omen:watervoidmatter":1,"minecraft:wheat":2,"minecraft:andesite":21,"minecraft:clay":3,"minecraft:oak_fence":8,"minecraft:granite":13,"minecraft:coal_ore":7,"minecraft:grass_block":25,"minecraft:oak_log":14,"minecraft:chest":6,"minecraft:gravel":18,"minecraft:dirt":29,"minecraft:stone":28,"minecraft:oak_planks":2,"the_slumbering_omen:voidmatter":2,"minecraft:diorite":10},"minecraft:broken":{"minecraft:stone_pickaxe":1},"minecraft:used":{"minecraft:wheat_seeds":1,"minecraft:oak_fence":34,"minecraft:water_bucket":5,"minecraft:stone_pickaxe":115,"minecraft:oak_planks":1,"minecraft:torch":1,"the_slumbering_omen:voidmatter":2,"minecraft:dirt":33,"minecraft:oak_slab":1,"minecraft:oak_sapling":2,"minecraft:mushroom_stew":3,"minecraft:birch_log":1,"minecraft:bucket":5,"minecraft:oak_fence_gate":1},"minecraft:custom":{"minecraft:time_since_rest":14466,"minecraft:sprint_one_cm":80554,"minecraft:damage_taken":1269,"minecraft:walk_one_cm":463002,"minecraft:drop":3,"minecraft:damage_dealt":170,"minecraft:swim_one_cm":31147,"minecraft:interact_with_crafting_table":16,"minecraft:fly_one_cm":72080,"minecraft:player_kills":4,"minecraft:open_chest":131,"minecraft:crouch_one_cm":93671,"minecraft:play_time":62786,"minecraft:deaths":4,"minecraft:sneak_time":9374,"minecraft:walk_under_water_one_cm":102615,"minecraft:jump":722,"minecraft:leave_game":1,"minecraft:walk_on_water_one_cm":10076,"minecraft:time_since_death":14455,"minecraft:total_world_time":62786,"minecraft:fall_one_cm":13935},"minecraft:crafted":{"minecraft:oak_fence_gate":1,"minecraft:oak_planks":64,"minecraft:stick":28,"minecraft:stone_pickaxe":1,"minecraft:oak_fence":27}},"DataVersion":3120}