{"stats":{"minecraft:killed":{"alexsmobs:lobster":2,"minecraft:spider":5,"minecraft:skeleton":1,"minecraft:zombie":13},"minecraft:picked_up":{"minecraft:crafting_table":4,"minecraft:andesite":7,"aether:iron_gloves":1,"paraglider:spirit_orb":2,"minecraft:flint":1,"minecraft:tuff":2,"minecraft:oak_log":38,"valhelsia_structures:unlit_soul_lantern":1,"minecraft:string":5,"minecraft:dirt":9,"quark:forgotten_hat":1,"minecraft:bone":2,"dungeonnowloading:spawner_fragment":8,"minecraft:apple":1,"quark:music_disc_crickets":1,"minecraft:gold_nugget":18,"minecraft:cobbled_deepslate":15,"minecraft:raw_gold":8,"delightful:acorn":4,"delightful:green_tea_leaf":2,"minecraft:furnace":4,"minecraft:stick":5,"minecraft:raw_iron":79,"minecraft:torch":5,"minecraft:gravel":7,"tombstone:grave_dust":1,"minecraft:diorite":1,"minecraft:spider_eye":2,"minecraft:rotten_flesh":10,"minecraft:diamond":6,"supplementaries:antique_ink":2,"minecraft:granite":1,"supplementaries:ash":6,"minecraft:oak_sapling":19,"alexsmobs:lobster_tail":1,"minecraft:coal":60,"iceandfire:raw_silver":1,"minecraft:cobblestone":41,"minecraft:oxeye_daisy":1},"minecraft:mined":{"minecraft:tuff":2,"iceandfire:silver_ore":1,"minecraft:deepslate_diamond_ore":6,"minecraft:crafting_table":4,"minecraft:granite":1,"valhelsia_structures:black_glazed_jar":1,"minecraft:grass_block":3,"minecraft:deepslate_gold_ore":8,"minecraft:diorite":1,"minecraft:wall_torch":2,"supplementaries:urn":3,"minecraft:furnace":4,"minecraft:iron_ore":47,"minecraft:andesite":7,"treechop:chopped_log":2,"minecraft:oak_log":3,"minecraft:sculk_shrieker":1,"minecraft:coal_ore":28,"minecraft:deepslate_iron_ore":33,"valhelsia_structures:unlit_soul_lantern":1,"minecraft:gravel":9,"minecraft:dirt":6,"minecraft:stone":41,"valhelsia_structures:big_purple_glazed_jar":1,"minecraft:oak_leaves":1,"minecraft:deepslate":10},"minecraft:dropped":{"dungeonnowloading:spawner_fragment":4,"minecraft:coal":8,"minecraft:oxeye_daisy":1,"supplementaries:ash":6,"aether:iron_gloves":1,"minecraft:torch":1,"tombstone:grave_dust":1,"minecraft:iron_leggings":1,"delightful:acorn":1,"minecraft:spider_eye":1},"minecraft:broken":{"minecraft:stone_pickaxe":1},"minecraft:crafted":{"minecraft:oak_planks":24,"dungeonnowloading:spawner_frame":1,"alexsmobs:cooked_lobster_tail":1,"minecraft:crafting_table":1,"minecraft:iron_helmet":1,"minecraft:wooden_pickaxe":1,"minecraft:iron_sword":1,"minecraft:furnace":1,"more_bows_and_arrows:iron_bow":1,"minecraft:air":0,"aether:iron_gloves":1,"minecraft:iron_boots":1,"minecraft:iron_chestplate":1,"minecraft:shield":1,"minecraft:iron_axe":1,"minecraft:stick":16,"minecraft:iron_ingot":91,"minecraft:iron_pickaxe":2,"minecraft:stone_pickaxe":1,"minecraft:iron_leggings":2,"minecraft:torch":36},"minecraft:used":{"minecraft:diorite":1,"minecraft:stone_pickaxe":125,"minecraft:shield":28,"minecraft:wooden_pickaxe":18,"minecraft:iron_sword":83,"minecraft:rotten_flesh":10,"minecraft:torch":32,"minecraft:crafting_table":4,"minecraft:granite":1,"minecraft:oak_log":3,"minecraft:apple":1,"minecraft:iron_axe":4,"alexsmobs:cooked_lobster_tail":1,"minecraft:iron_pickaxe":65,"minecraft:gravel":6,"delightful:green_tea_leaf":1,"minecraft:cobblestone":13,"valhelsia_structures:unlit_soul_lantern":1,"minecraft:furnace":3,"minecraft:andesite":5,"tombstone:gift":2,"minecraft:cobbled_deepslate":4,"delightful:acorn":3},"minecraft:custom":{"lootr:looted_stat":4,"minecraft:interact_with_furnace":12,"minecraft:mob_kills":21,"minecraft:interact_with_crafting_table":13,"goblintraders:trade_with_goblin":30,"minecraft:time_since_death":1163,"minecraft:time_since_rest":350,"minecraft:sprint_one_cm":34552,"minecraft:damage_taken":1201,"minecraft:walk_one_cm":136282,"minecraft:damage_blocked_by_shield":781,"minecraft:drop":10,"minecraft:damage_dealt":4245,"minecraft:fly_one_cm":47894,"minecraft:crouch_one_cm":6021,"minecraft:play_time":54720,"tombstone:undead_killed":14,"minecraft:deaths":3,"minecraft:sneak_time":2552,"minecraft:jump":495,"minecraft:walk_on_water_one_cm":3036,"minecraft:total_world_time":54720,"minecraft:fall_one_cm":13924}},"DataVersion":3465}