{"stats":{"minecraft:killed_by":{"the_slumbering_omen:combatscout":1},"minecraft:custom":{"minecraft:jump":197,"minecraft:time_since_rest":976,"minecraft:deaths":9,"minecraft:damage_dealt":59,"minecraft:crouch_one_cm":907,"minecraft:leave_game":2,"minecraft:play_time":15823,"minecraft:sprint_one_cm":18383,"minecraft:damage_taken":968,"minecraft:time_since_death":941,"minecraft:walk_one_cm":18102,"minecraft:sneak_time":503,"minecraft:total_world_time":15823,"minecraft:walk_under_water_one_cm":198,"minecraft:swim_one_cm":608,"minecraft:fall_one_cm":4554,"minecraft:fly_one_cm":187531,"minecraft:walk_on_water_one_cm":127},"minecraft:used":{"apollyon:the_damned_spawn_egg":3,"minecraft:milk_bucket":15},"minecraft:mined":{"minecraft:grass":2}},"DataVersion":3120}