{"stats":{"minecraft:killed":{"minecraft:cave_spider":1,"born_in_chaos_v1:restless_spirit":1,"born_in_chaos_v1:zombie_lumberjack":1,"minecraft:spider":1,"born_in_chaos_v1:maggot":10,"minecraft:skeleton":2,"alexsmobs:guster":1,"born_in_chaos_v1:bone_imp_minion":1,"born_in_chaos_v1:baby_skeleton":1,"born_in_chaos_v1:swarmer":1,"born_in_chaos_v1:decrepit_skeleton":3,"duneons:mountaineer":1,"born_in_chaos_v1:bloody_gadfly":1,"minecraft:zombie":6,"born_in_chaos_v1:corpse_fly":6,"born_in_chaos_v1:door_knight":1},"minecraft:mined":{"minecraft:tuff":14,"minecraft:deepslate_diamond_ore":9,"minecraft:sculk_vein":55,"biomesoplenty:desert_grass":2,"gravestone:gravestone":4,"minecraft:granite":2,"biomesoplenty:bush":2,"minecraft:grass_block":79,"minecraft:yellow_carpet":1,"duneons:highlandtallgrass":2,"minecraft:light_gray_bed":1,"biomesoplenty:dried_salt":1,"minecraft:sandstone":1,"minecraft:hay_block":15,"minecraft:sculk_catalyst":30,"minecraft:furnace":1,"minecraft:carrots":13,"minecraft:iron_ore":23,"minecraft:cobbled_deepslate":1,"minecraft:andesite":1,"treechop:chopped_log":3,"minecraft:sculk_shrieker":16,"minecraft:potatoes":15,"minecraft:deepslate_iron_ore":8,"minecraft:stone":480,"minecraft:soul_fire":1,"minecraft:crafting_table":2,"minecraft:dead_bush":1,"minecraft:sculk_sensor":97,"minecraft:tall_grass":1,"minecraft:copper_ore":2,"minecraft:cobblestone":27,"farmersdelight:wild_tomatoes":1,"minecraft:oak_planks":78,"minecraft:sculk":1158,"minecraft:diorite":23,"minecraft:wall_torch":2,"minecraft:grass":14,"minecraft:oak_log":2,"minecraft:coal_ore":117,"minecraft:sand":58,"minecraft:dirt":55,"biomesoplenty:stringy_cobweb":2,"minecraft:deepslate":252},"minecraft:broken":{"minecraft:stone_pickaxe":5,"minecraft:iron_pickaxe":1,"minecraft:stone_shovel":1},"minecraft:dropped":{"minecraft:oak_log":2,"minecraft:glass_bottle":2,"minecraft:poisonous_potato":2,"minecraft:cobblestone":3,"minecraft:coal":26,"farmersdelight:rice":4,"minecraft:stick":10,"minecraft:diorite":38,"gravestone:obituary":5,"minecraft:sand":1,"minecraft:cactus":16,"minecraft:string":1,"minecraft:cobbled_deepslate":8,"minecraft:rotten_flesh":8,"minecraft:oak_planks":1,"minecraft:carrot":1,"minecraft:potato":1,"minecraft:oak_sapling":1,"minecraft:ladder":1,"minecraft:sandstone":1,"minecraft:wooden_pickaxe":1,"minecraft:stone_pickaxe":1},"minecraft:killed_by":{"born_in_chaos_v1:lifestealer_true_form":1,"born_in_chaos_v1:zombie_lumberjack":1,"minecraft:warden":2},"minecraft:used":{"minecraft:stone_shovel":175,"minecraft:diamond_hoe":1164,"minecraft:chest":2,"minecraft:shield":4,"minecraft:iron_sword":192,"minecraft:iron_chestplate":1,"minecraft:oak_door":2,"minecraft:torch":75,"minecraft:dirt":13,"minecraft:carrot":96,"minecraft:glass":28,"minecraft:iron_axe":115,"minecraft:item_frame":1,"minecraft:furnace":3,"minecraft:potato":16,"minecraft:cobbled_deepslate":83,"minecraft:light_gray_bed":1,"minecraft:water_bucket":5,"minecraft:stone_pickaxe":733,"minecraft:baked_potato":20,"minecraft:oak_planks":272,"minecraft:wooden_pickaxe":31,"minecraft:sand":1,"minecraft:crafting_table":7,"brewery:corn":1,"gnumus:gnumus_cheese":1,"minecraft:bread":16,"minecraft:stone_button":1,"minecraft:iron_pickaxe":261,"minecraft:cobblestone":163,"minecraft:bucket":6,"alexsmobs:animal_dictionary":1,"minecraft:diamond_leggings":1,"beachparty:rubber_ring_pelican":1,"minecraft:experience_bottle":1},"minecraft:picked_up":{"minecraft:crafting_table":2,"minecraft:ladder":1,"minecraft:potion":2,"gravestone:obituary":1,"born_in_chaos_v1:bloody_gadfly_eye":1,"minecraft:string":1,"minecraft:item_frame":1,"minecraft:experience_bottle":1,"minecraft:cobbled_deepslate":219,"biomesoplenty:wildflower":1,"minecraft:furnace":1,"minecraft:raw_iron":31,"minecraft:stick":8,"minecraft:sandstone":1,"minecraft:torch":2,"minecraft:stone_button":1,"minecraft:diorite":57,"minecraft:carrot":56,"minecraft:light_gray_bed":1,"minecraft:cactus":8,"minecraft:rotten_flesh":24,"artifacts:villager_hat":1,"minecraft:hay_block":14,"minecraft:glow_berries":6,"minecraft:cobblestone":337,"born_in_chaos_v1:corpse_maggot":11,"minecraft:glow_ink_sac":3,"minecraft:potato":58,"minecraft:oak_log":69,"minecraft:gunpowder":2,"minecraft:dirt":192,"minecraft:bone":7,"minecraft:apple":2,"minecraft:bow":1,"minecraft:wheat_seeds":1,"minecraft:stone_pickaxe":1,"minecraft:glass_bottle":2,"minecraft:oak_planks":78,"born_in_chaos_v1:ethereal_spirit":2,"minecraft:dandelion":2,"minecraft:poisonous_potato":2,"minecraft:sand":58,"gnumus:gnumus_cheese":1,"alexsmobs:animal_dictionary":1,"minecraft:dark_oak_log":2,"beachparty:rubber_ring_pelican":2,"alexsmobs:guster_eye":1,"minecraft:yellow_carpet":1,"minecraft:slime_ball":1,"minecraft:diamond":7,"minecraft:oak_sapling":12,"minecraft:coal":116},"minecraft:custom":{"minecraft:mob_kills":38,"minecraft:interact_with_crafting_table":28,"minecraft:open_barrel":15,"minecraft:bell_ring":1,"minecraft:damage_dealt_resisted":1751,"minecraft:leave_game":4,"minecraft:time_since_death":5679,"minecraft:climb_one_cm":4925,"minecraft:sprint_one_cm":245226,"minecraft:walk_one_cm":573680,"minecraft:damage_blocked_by_shield":150,"minecraft:drop":35,"minecraft:talked_to_villager":4,"minecraft:play_time":246322,"minecraft:deaths":5,"minecraft:sneak_time":65010,"minecraft:walk_under_water_one_cm":4639,"minecraft:jump":3617,"minecraft:interact_with_brewingstand":3,"minecraft:walk_on_water_one_cm":15009,"minecraft:total_world_time":246322,"minecraft:interact_with_furnace":42,"minecraft:interact_with_grindstone":1,"minecraft:sleep_in_bed":2,"minecraft:time_since_rest":5707,"minecraft:waystone_activated":2,"minecraft:damage_taken":4328,"minecraft:damage_dealt":7380,"minecraft:swim_one_cm":11919,"minecraft:fly_one_cm":447276,"minecraft:open_chest":93,"minecraft:crouch_one_cm":274179,"minecraft:fall_one_cm":97477,"minecraft:horse_one_cm":2728},"minecraft:crafted":{"minecraft:oak_door":3,"minecraft:oak_planks":268,"minecraft:stone_shovel":2,"minecraft:furnace":2,"minecraft:glass":40,"minecraft:iron_boots":1,"minecraft:iron_axe":1,"minecraft:stone_pickaxe":6,"minecraft:chest":2,"minecraft:crafting_table":5,"minecraft:wooden_pickaxe":1,"minecraft:baked_potato":41,"minecraft:iron_helmet":1,"minecraft:iron_sword":1,"minecraft:air":0,"minecraft:iron_chestplate":1,"minecraft:diamond_pickaxe":1,"minecraft:shield":1,"minecraft:stick":44,"minecraft:iron_ingot":31,"minecraft:iron_pickaxe":2,"minecraft:torch":80}},"DataVersion":3465}