{"stats":{"minecraft:killed_by":{"grimoireofgaia:succubus":1,"riskofrain_mobs:stone_golem_entity":1,"minecraft:player":1,"minecraft:piglin_brute":12,"realmrpg_demons:demon":6,"bosses_of_mass_destruction:void_blossom":5,"minecraft:piglin":3,"iceandfire:ice_dragon":1,"grimoireofgaia:minotaurus":1,"minecraft:zombie":1,"grimoireofgaia:wither_cow":1},"minecraft:dropped":{"minecraft:moss_block":4,"minecraft:baked_potato":1,"minecraft:cobblestone":64,"minecraft:red_wool":1,"minecraft:iron_block":1,"minecraft:dirt":10,"gravestone:obituary":26,"minecraft:gold_nugget":39,"iceandfire:armor_silver_metal_helmet":1,"biomesoplenty:toadstool":1,"minecraft:cobbled_deepslate":18,"minecraft:raw_copper":3,"biomesoplenty:yellow_autumn_sapling":2,"minecraft:tuff":1,"minecraft:rotten_flesh":1,"biomesoplenty:white_petals":9,"minecraft:leather_chestplate":4},"minecraft:picked_up":{"minecraft:crafting_table":2,"biomesoplenty:burning_blossom":14,"minecraft:wheat":2,"grimoireofgaia:soulfire":2,"biomesoplenty:orange_autumn_sapling":4,"minecraft:gold_block":3,"minecraft:chain":1,"gravestone:obituary":8,"minecraft:golden_sword":1,"minecraft:polished_blackstone_brick_stairs":1,"forbidden_arcanus:xpetrified_orb":4,"minecraft:string":12,"minecraft:raw_copper":6,"biomesoplenty:yellow_autumn_sapling":2,"minecraft:blackstone":1,"bloodandmadness:blood_vial":1,"minecraft:cobbled_deepslate":93,"minecraft:iron_nugget":7,"minecraft:furnace":2,"minecraft:stick":4,"minecraft:raw_iron":24,"minecraft:torch":4,"minecraft:porkchop":1,"minecraft:polished_blackstone_bricks":14,"minecraft:diorite":9,"minecraft:redstone":49,"minecraft:arrow":3,"minecraft:rotten_flesh":1,"minecraft:nether_bricks":1,"minecraft:polished_blackstone":3,"biomesoplenty:white_petals":9,"minecraft:nether_brick_wall":1,"minecraft:cobblestone":218,"iceandfire:sapphire_gem":8,"minecraft:leather_chestplate":2,"minecraft:basalt":4,"minecraft:glow_ink_sac":2,"minecraft:andesite":15,"minecraft:leather":1,"minecraft:potato":57,"minecraft:tuff":1,"minecraft:oak_log":12,"minecraft:gunpowder":1,"minecraft:dirt":10,"minecraft:lantern":1,"minecraft:bone":4,"minecraft:wheat_seeds":2,"minecraft:raw_gold":4,"minecraft:diamond_helmet":1,"minecraft:glowstone_dust":1,"minecraft:moss_block":4,"minecraft:oak_planks":1,"minecraft:iron_sword":1,"forbidden_arcanus:darkstone":1,"netherdungeons:hoglin_leg":6,"biomesoplenty:toadstool":2,"minecraft:chiseled_polished_blackstone":1,"minecraft:red_wool":1,"minecraft:quartz":3,"minecraft:poisonous_potato":1,"minecraft:gravel":33,"minecraft:polished_blackstone_slab":1,"minecraft:spruce_door":1,"minecraft:dark_oak_log":3,"grimoireofgaia:fireshard":4,"minecraft:spider_eye":2,"biomesoplenty:bramble":2,"iter_rpg:abyssquartz_shard":8,"minecraft:cracked_polished_blackstone_bricks":5,"minecraft:granite":19,"minecraft:baked_potato":1,"minecraft:netherrack":78,"minecraft:coal":110,"iceandfire:raw_silver":26,"minecraft:crimson_roots":1},"minecraft:crafted":{"minecraft:oak_planks":8,"minecraft:raw_iron":9,"minecraft:furnace":1,"minecraft:iron_boots":1,"minecraft:stone_pickaxe":1,"minecraft:dark_oak_planks":12,"minecraft:crafting_table":3,"minecraft:spruce_planks":12,"minecraft:baked_potato":54,"minecraft:air":0,"iceandfire:bestiary":1,"minecraft:iron_chestplate":1,"minecraft:shield":1,"minecraft:stick":28,"minecraft:iron_pickaxe":2,"minecraft:iron_leggings":1,"minecraft:torch":104},"minecraft:killed":{"minecraft:cave_spider":2,"minecraft:spider":3,"grimoireofgaia:succubus":3,"minecraft:skeleton":2,"bloodandmadness:beast_patient":1,"realmrpg_demons:chort":3,"minecraft:piglin_brute":2,"minecraft:magma_cube":2,"minecraft:piglin":2,"grimoireofgaia:dullahan":1,"minecraft:pig":1,"riskofrain_mobs:lemurian_entity":4,"minecraft:hoglin":2,"minecraft:zombie":5},"minecraft:custom":{"minecraft:mob_kills":35,"minecraft:interact_with_crafting_table":11,"minecraft:open_barrel":7,"minecraft:leave_game":1,"minecraft:time_since_death":3115,"minecraft:climb_one_cm":1104,"minecraft:sprint_one_cm":155954,"minecraft:walk_one_cm":463743,"minecraft:damage_blocked_by_shield":855,"minecraft:drop":49,"minecraft:play_time":146810,"minecraft:deaths":36,"minecraft:sneak_time":13945,"minecraft:walk_under_water_one_cm":1371,"minecraft:jump":2089,"minecraft:walk_on_water_one_cm":4707,"minecraft:total_world_time":146810,"minecraft:interact_with_furnace":11,"spartanshields:shield_bash_hits":3,"minecraft:time_since_rest":3169,"minecraft:damage_taken":13974,"minecraft:damage_dealt":9400,"minecraft:player_kills":1,"minecraft:fly_one_cm":215143,"minecraft:open_chest":38,"minecraft:crouch_one_cm":45930,"minecraft:fall_one_cm":58569,"minecraft:horse_one_cm":5762},"minecraft:mined":{"biomesoplenty:orange_autumn_leaves":2,"minecraft:tuff":12,"iceandfire:silver_ore":14,"minecraft:nether_brick_wall":1,"minecraft:sculk_vein":4,"minecraft:dark_oak_log":1,"minecraft:nether_bricks":1,"minecraft:chiseled_polished_blackstone":1,"biomesoplenty:burning_blossom":17,"gravestone:gravestone":27,"minecraft:granite":21,"biomesoplenty:bramble":3,"minecraft:grass_block":2,"minecraft:cracked_polished_blackstone_bricks":5,"biomesoplenty:white_petals":3,"biomesoplenty:dead_grass":11,"minecraft:moss_block":12,"minecraft:spawner":1,"minecraft:large_fern":2,"biomesoplenty:bramble_leaves":5,"minecraft:polished_blackstone_bricks":16,"minecraft:furnace":2,"minecraft:iron_ore":24,"minecraft:fire":13,"minecraft:andesite":15,"minecraft:gold_block":3,"biomesoplenty:hanging_cobweb":2,"minecraft:potatoes":16,"biomesoplenty:webbing":2,"mirabilis:oak_leave_carpet":1,"biomesoplenty:spider_egg":1,"minecraft:stone":160,"minecraft:deepslate_redstone_ore":11,"minecraft:blackstone":4,"minecraft:basalt":3,"minecraft:powder_snow":49,"biomesoplenty:hanging_cobweb_strand":1,"iceandfire:frozen_gravel":2,"minecraft:crafting_table":2,"iceandfire:dragon_ice_spikes":2,"minecraft:torch":3,"iceandfire:sapphire_ore":2,"minecraft:tall_grass":1,"minecraft:copper_ore":1,"biomesoplenty:sprout":26,"minecraft:deepslate_gold_ore":4,"minecraft:polished_blackstone_brick_stairs":1,"minecraft:oak_planks":1,"minecraft:sculk":15,"minecraft:diorite":10,"minecraft:wall_torch":1,"minecraft:chain":1,"forbidden_arcanus:darkstone":1,"minecraft:polished_blackstone_slab":1,"realmrpg_skeletons:webbed_skeleton":1,"forbidden_arcanus:xpetrified_ore":4,"biomesoplenty:yellow_autumn_leaves":6,"iter_rpg:abyss_quartz":5,"minecraft:grass":13,"minecraft:oak_log":12,"minecraft:coal_ore":66,"minecraft:gravel":13,"minecraft:dirt":8,"biomesoplenty:stringy_cobweb":3,"minecraft:cobweb":3,"minecraft:polished_blackstone":4,"minecraft:netherrack":84,"minecraft:oak_leaves":2,"minecraft:deepslate":166},"minecraft:used":{"minecraft:polished_blackstone":3,"minecraft:shield":12,"minecraft:iron_sword":237,"minecraft:netherrack":68,"minecraft:torch":70,"minecraft:nether_bricks":1,"minecraft:obsidian":7,"minecraft:basalt":3,"minecraft:golden_sword":1,"minecraft:bow":2,"minecraft:furnace":2,"minecraft:cooked_beef":6,"minecraft:potato":16,"minecraft:cobbled_deepslate":13,"minecraft:chiseled_polished_blackstone":1,"minecraft:spruce_door":1,"minecraft:stone_pickaxe":131,"minecraft:baked_potato":53,"minecraft:polished_blackstone_bricks":5,"minecraft:crafting_table":5,"minecraft:crying_obsidian":1,"minecraft:iron_pickaxe":567,"minecraft:gravel":5,"minecraft:cobblestone":8,"minecraft:andesite":3,"minecraft:splash_potion":1,"minecraft:experience_bottle":5},"minecraft:broken":{"minecraft:stone_pickaxe":1,"minecraft:iron_pickaxe":1}},"DataVersion":3465}