{"stats":{"minecraft:custom":{"minecraft:interact_with_crafting_table":62,"minecraft:open_barrel":21,"minecraft:bell_ring":3,"minecraft:eat_cake_slice":2,"minecraft:leave_game":6,"minecraft:time_since_death":30932,"minecraft:sprint_one_cm":592787,"minecraft:damage_blocked_by_shield":1110,"minecraft:drop":89,"minecraft:play_noteblock":10,"minecraft:talked_to_villager":13,"minecraft:play_time":571770,"minecraft:deaths":19,"minecraft:jump":7460,"minecraft:interact_with_brewingstand":3,"minecraft:walk_on_water_one_cm":28010,"minecraft:interact_with_furnace":65,"minecraft:sleep_in_bed":7,"minecraft:waystone_activated":3,"minecraft:damage_dealt":19581,"minecraft:player_kills":2,"minecraft:crouch_one_cm":451664,"minecraft:interact_with_smoker":10,"minecraft:horse_one_cm":39852,"minecraft:mob_kills":95,"minecraft:interact_with_anvil":4,"minecraft:damage_dealt_resisted":2925,"minecraft:climb_one_cm":7342,"minecraft:walk_one_cm":1585397,"minecraft:damage_dealt_absorbed":120,"minecraft:sneak_time":109243,"minecraft:walk_under_water_one_cm":28869,"minecraft:total_world_time":571770,"minecraft:tune_noteblock":55,"minecraft:interact_with_grindstone":1,"minecraft:time_since_rest":30960,"minecraft:damage_taken":13385,"minecraft:swim_one_cm":51014,"minecraft:fly_one_cm":877988,"minecraft:open_chest":256,"minecraft:fall_one_cm":217548},"minecraft:dropped":{"sophisticatedbackpacks:iron_backpack":1,"minecraft:oak_log":2,"minecraft:glass_bottle":3,"iammusicplayer:cassette_tape_glass":1,"minecraft:saddle":1,"farmersdelight:rice":4,"minecraft:cracked_polished_blackstone_bricks":4,"minecraft:dirt":15,"minecraft:polished_blackstone_brick_stairs":2,"minecraft:gold_nugget":4,"gravestone:obituary":28,"minecraft:gilded_blackstone":1,"minecraft:sand":1,"beautify:acacia_trellis":2,"minecraft:cobbled_deepslate":12,"minecraft:rotten_flesh":13,"minecraft:oak_planks":1,"iammusicplayer:boombox":1,"minecraft:carrot":1,"minecraft:gunpowder":2,"biomesoplenty:wildflower":1,"minecraft:ladder":1,"minecraft:basalt":1,"minecraft:arrow":1,"iammusicplayer:cassette_tape":1,"minecraft:netherrack":1,"duneons:crimsonroots":2,"minecraft:bread":9,"minecraft:wheat_seeds":3,"duneons:goatgear_chestplate":1,"minecraft:poisonous_potato":2,"minecraft:cobblestone":3,"minecraft:coal":26,"minecraft:stick":10,"minecraft:diorite":38,"minecraft:cactus":16,"minecraft:string":1,"minecraft:iron_boots":1,"duneons:stonetablemaping":1,"minecraft:potato":1,"minecraft:spruce_planks":28,"minecraft:oak_sapling":1,"minecraft:spider_eye":1,"minecraft:sandstone":1,"minecraft:stone_pickaxe":1,"minecraft:wooden_pickaxe":1},"minecraft:crafted":{"minecraft:oak_planks":300,"iammusicplayer:music_manager":1,"minecraft:oak_pressure_plate":2,"minecraft:glass":40,"minecraft:iron_boots":1,"minecraft:chest":4,"iammusicplayer:cassette_tape_glass":1,"minecraft:oak_button":2,"minecraft:crafting_table":6,"minecraft:spruce_planks":44,"minecraft:baked_potato":41,"minecraft:wooden_pickaxe":1,"minecraft:iron_helmet":1,"minecraft:iron_chestplate":1,"minecraft:diamond_pickaxe":1,"minecraft:shield":2,"minecraft:stick":96,"minecraft:iron_ingot":32,"minecraft:iron_pickaxe":2,"minecraft:oak_door":3,"minecraft:stone_shovel":2,"minecraft:jukebox":1,"iammusicplayer:cassette_deck":1,"minecraft:iron_nugget":9,"minecraft:furnace":2,"minecraft:glass_pane":16,"minecraft:iron_axe":1,"minecraft:stone_pickaxe":6,"minecraft:diamond_boots":1,"minecraft:dark_oak_planks":12,"minecraft:wheat":126,"biomesoplenty:dead_planks":32,"minecraft:diamond_sword":1,"minecraft:dried_kelp":53,"minecraft:iron_sword":1,"minecraft:mangrove_planks":8,"minecraft:dark_oak_button":4,"minecraft:bread":61,"minecraft:air":0,"minecraft:note_block":2,"minecraft:torch":156},"minecraft:used":{"duneons:sanctumstonepatternedgilded":1,"minecraft:diamond_hoe":5901,"minecraft:chest":5,"minecraft:shield":18,"minecraft:iron_sword":236,"minecraft:iron_chestplate":1,"iammusicplayer:boombox":3,"minecraft:carrot":96,"minecraft:obsidian":12,"minecraft:glass":28,"minecraft:dark_oak_button":4,"minecraft:item_frame":1,"minecraft:furnace":3,"minecraft:egg":1,"minecraft:potato":16,"biomesoplenty:flesh":3,"minecraft:damaged_anvil":1,"iammusicplayer:cassette_deck":1,"minecraft:stone_pickaxe":733,"minecraft:oak_planks":286,"minecraft:blackstone":19,"minecraft:wooden_pickaxe":31,"minecraft:blue_bed":1,"iammusicplayer:music_manager":1,"minecraft:sand":3,"alexscaves:cave_book":3,"minecraft:note_block":2,"minecraft:bread":86,"minecraft:stone_button":1,"minecraft:string":1,"minecraft:oak_pressure_plate":4,"minecraft:diamond_sword":275,"minecraft:experience_bottle":2,"minecraft:stone_shovel":175,"duneons:warpedpodfungus":1,"minecraft:netherrack":206,"minecraft:oak_door":2,"minecraft:torch":113,"minecraft:dirt":43,"minecraft:warped_wart_block":1,"minecraft:iron_axe":168,"minecraft:basalt":3,"minecraft:golden_carrot":2,"minecraft:cobbled_deepslate":106,"minecraft:light_gray_bed":2,"minecraft:water_bucket":37,"minecraft:baked_potato":41,"minecraft:deepslate_bricks":4,"minecraft:polished_blackstone_bricks":5,"minecraft:crafting_table":8,"brewery:corn":1,"gnumus:gnumus_cheese":1,"minecraft:smoker":1,"minecraft:diamond_pickaxe":1171,"minecraft:cracked_polished_blackstone_bricks":1,"minecraft:oak_button":3,"minecraft:iron_pickaxe":336,"minecraft:leather_helmet":1,"minecraft:cobblestone":225,"minecraft:bucket":38,"alexsmobs:animal_dictionary":1,"minecraft:diamond_leggings":1,"beachparty:rubber_ring_pelican":1},"minecraft:picked_up":{"born_in_chaos_v1:charmof_stealth":2,"minecraft:wheat":1,"minecraft:redstone_block":2,"gnumus:gnumus_claw":1,"minecraft:lead":1,"minecraft:potion":2,"minecraft:gilded_blackstone":1,"born_in_chaos_v1:bloody_gadfly_eye":1,"minecraft:polished_blackstone_brick_stairs":2,"minecraft:string":20,"minecraft:sticky_piston":1,"minecraft:experience_bottle":3,"biomesoplenty:dead_sapling":3,"minecraft:gold_nugget":120,"minecraft:cobbled_deepslate":246,"minecraft:mangrove_log":2,"minecraft:furnace":1,"minecraft:stick":11,"born_in_chaos_v1:shattered_skull":1,"minecraft:torch":4,"duneons:stonetablemaping":2,"minecraft:diorite":57,"minecraft:cactus":8,"minecraft:light_gray_bed":2,"minecraft:rotten_flesh":68,"artifacts:villager_hat":1,"minecraft:obsidian":9,"iammusicplayer:boombox":4,"minecraft:cobblestone":341,"minecraft:magma_block":16,"minecraft:potato":58,"minecraft:smoker":1,"biomesoplenty:dead_log":50,"brewery:corn_seeds":1,"iammusicplayer:cassette_tape_glass":1,"minecraft:dirt":222,"born_in_chaos_v1:monster_skin":1,"minecraft:bone":22,"minecraft:bow":1,"minecraft:wheat_seeds":6,"minecraft:glowstone_dust":46,"minecraft:oak_planks":78,"duneons:crimsonroots":2,"minecraft:warped_wart_block":1,"minecraft:oak_pressure_plate":2,"minecraft:poisonous_potato":2,"minecraft:sand":65,"sophisticatedbackpacks:iron_backpack":1,"alexsmobs:animal_dictionary":1,"minecraft:dark_oak_log":13,"beachparty:rubber_ring_pelican":2,"alexsmobs:guster_eye":1,"minecraft:yellow_carpet":1,"minecraft:diamond":13,"gnumus:gnumus_clay":10,"duneons:scorchgrass":1,"minecraft:cracked_polished_blackstone_bricks":5,"alexsmobs:rattlesnake_rattle":1,"alexsmobs:maggot":2,"minecraft:oak_sapling":12,"minecraft:netherrack":446,"minecraft:crafting_table":3,"born_in_chaos_v1:diamond_termite_shard":5,"minecraft:sandstone_slab":2,"minecraft:ladder":1,"born_in_chaos_v1:seedof_chaos":1,"biomesoplenty:flesh":3,"minecraft:gold_block":18,"gravestone:obituary":10,"beautify:acacia_trellis":2,"minecraft:item_frame":2,"minecraft:blackstone":22,"biomesoplenty:wildflower":2,"minecraft:iron_nugget":1,"minecraft:lectern":1,"minecraft:chest":1,"minecraft:egg":1,"minecraft:dark_oak_sapling":2,"minecraft:raw_iron":31,"minecraft:sandstone":1,"minecraft:note_block":2,"minecraft:polished_blackstone_bricks":12,"minecraft:stone_button":2,"minecraft:redstone":45,"iammusicplayer:cassette_tape":2,"born_in_chaos_v1:pieceofdarkmetal":9,"minecraft:carrot":56,"minecraft:arrow":4,"minecraft:deepslate_bricks":4,"minecraft:hay_block":14,"minecraft:saddle":1,"minecraft:gold_ingot":1,"minecraft:glow_berries":6,"duneons:goatgear_chestplate":1,"minecraft:white_wool":2,"born_in_chaos_v1:fused_bone":1,"born_in_chaos_v1:corpse_maggot":13,"minecraft:golden_carrot":1,"duneons:sanctumstonepatternedgilded":1,"minecraft:basalt":4,"born_in_chaos_v1:monster_flesh":3,"minecraft:glow_ink_sac":3,"gnumus:gnumus_pouch":2,"minecraft:oak_log":77,"minecraft:gunpowder":8,"minecraft:deepslate_tile_slab":2,"minecraft:blue_bed":1,"minecraft:apple":4,"minecraft:gray_carpet":2,"gnumus:gnumus_horn":1,"minecraft:kelp":44,"minecraft:iron_ingot":7,"minecraft:stone_pickaxe":1,"minecraft:glass_bottle":3,"minecraft:book":1,"minecraft:quartz":126,"born_in_chaos_v1:ethereal_spirit":6,"minecraft:dandelion":2,"minecraft:dripstone_block":3,"minecraft:gravel":5,"gnumus:gnumus_cheese":1,"minecraft:spruce_sapling":2,"minecraft:spruce_log":11,"minecraft:spider_eye":1,"minecraft:leather_helmet":1,"minecraft:slime_ball":1,"minecraft:painting":2,"minecraft:gray_wool":1,"minecraft:oak_button":1,"duneons:warpedpodfungus":1,"minecraft:damaged_anvil":1,"minecraft:coal":119,"minecraft:ender_pearl":1},"minecraft:broken":{"minecraft:stone_pickaxe":5,"duneons:goatgear_helmet":1,"minecraft:iron_sword":1,"minecraft:stone_shovel":1,"duneons:goatgear_chestplate":1,"minecraft:leather_helmet":1,"minecraft:iron_pickaxe":1},"minecraft:mined":{"duneons:warpedpodfungus":1,"minecraft:sculk_vein":322,"minecraft:obsidian":9,"minecraft:granite":2,"minecraft:grass_block":83,"minecraft:yellow_carpet":1,"minecraft:cracked_polished_blackstone_bricks":8,"minecraft:light_gray_bed":2,"iammusicplayer:boombox":4,"minecraft:oak_pressure_plate":2,"minecraft:deepslate_bricks":4,"biomesoplenty:dried_salt":1,"minecraft:gilded_blackstone":1,"minecraft:polished_blackstone_bricks":12,"minecraft:tall_seagrass":17,"minecraft:magma_block":16,"minecraft:glowstone":13,"minecraft:sculk_catalyst":51,"minecraft:cobbled_deepslate":2,"minecraft:iron_ore":23,"minecraft:sticky_piston":1,"minecraft:fire":40,"biomesoplenty:flesh_tendons":3,"minecraft:sculk_shrieker":25,"minecraft:tripwire":1,"minecraft:sandstone_slab":2,"minecraft:deepslate_redstone_ore":10,"minecraft:blackstone":22,"duneons:warpedshelffungusstanding":1,"minecraft:kelp_plant":6,"minecraft:smoker":1,"minecraft:soul_fire":2,"minecraft:deepslate_tile_slab":2,"born_in_chaos_v1:infected_deepslate_diamond_ore":3,"minecraft:note_block":2,"minecraft:chest":1,"minecraft:dead_bush":1,"minecraft:nether_quartz_ore":73,"minecraft:cobblestone":31,"minecraft:oak_planks":78,"minecraft:damaged_anvil":1,"minecraft:wall_torch":3,"minecraft:seagrass":6,"minecraft:tnt":2,"minecraft:grass":21,"minecraft:oak_log":2,"minecraft:sand":62,"minecraft:dirt":55,"duneons:crimsonroots":2,"minecraft:netherrack":953,"minecraft:deepslate":269,"duneons:scorchgrass":2,"minecraft:nether_gold_ore":15,"minecraft:tuff":14,"minecraft:deepslate_diamond_ore":14,"biomesoplenty:desert_grass":2,"minecraft:dark_oak_log":1,"gravestone:gravestone":16,"biomesoplenty:bush":3,"duneons:highlandtallgrass":2,"minecraft:kelp":7,"minecraft:sandstone":1,"minecraft:hay_block":15,"minecraft:furnace":1,"minecraft:carrots":13,"duneons:sanctumstonepatternedgilded":1,"minecraft:andesite":1,"treechop:chopped_log":7,"minecraft:chiseled_deepslate":1,"biomesoplenty:flesh":3,"duneons:torchflower":1,"minecraft:gold_block":19,"minecraft:potatoes":15,"minecraft:deepslate_iron_ore":8,"biomesoplenty:flesh_tendons_strand":1,"minecraft:stone":480,"minecraft:acacia_leaves":1,"minecraft:redstone_block":2,"minecraft:glass_pane":4,"minecraft:basalt":4,"minecraft:crafting_table":4,"minecraft:sculk_sensor":130,"minecraft:lectern":1,"minecraft:tall_grass":7,"minecraft:copper_ore":2,"farmersdelight:wild_tomatoes":1,"minecraft:polished_blackstone_brick_stairs":3,"minecraft:sculk":5561,"minecraft:diorite":23,"minecraft:blue_bed":1,"minecraft:warped_wart_block":1,"minecraft:gray_wool":1,"duneons:stonetablemaping":1,"minecraft:coal_ore":119,"minecraft:gravel":5,"minecraft:gray_carpet":2,"biomesoplenty:stringy_cobweb":2,"minecraft:cobweb":19},"minecraft:killed":{"minecraft:cave_spider":1,"minecraft:zombified_piglin":1,"born_in_chaos_v1:restless_spirit":1,"born_in_chaos_v1:zombie_lumberjack":2,"born_in_chaos_v1:skeleton_demoman":1,"minecraft:spider":1,"born_in_chaos_v1:siamese_skeletonsright":1,"minecraft:skeleton":8,"born_in_chaos_v1:skeleton_thrasher":1,"minecraft:piglin_brute":3,"minecraft:piglin":6,"minecraft:zombie_villager":3,"born_in_chaos_v1:diamond_termite":6,"born_in_chaos_v1:bone_imp":1,"minecraft:creeper":1,"duneons:mountaineer":1,"minecraft:zombie":6,"born_in_chaos_v1:dread_hound":3,"born_in_chaos_v1:corpse_fly":8,"alexsmobs:fly":1,"born_in_chaos_v1:door_knight":2,"alexsmobs:rattlesnake":1,"born_in_chaos_v1:zombie_bruiser":1,"born_in_chaos_v1:firelight":1,"born_in_chaos_v1:maggot":11,"gnumus:gnumus_hunter":2,"duneons:blazespawner":2,"alexsmobs:guster":1,"born_in_chaos_v1:bone_imp_minion":1,"born_in_chaos_v1:baby_skeleton":2,"born_in_chaos_v1:swarmer":1,"born_in_chaos_v1:decrepit_skeleton":8,"born_in_chaos_v1:bloody_gadfly":1,"minecraft:enderman":1},"minecraft:killed_by":{"born_in_chaos_v1:nightmare_stalker":1,"minecraft:piglin_brute":7,"minecraft:piglin":1,"born_in_chaos_v1:lifestealer_true_form":1,"born_in_chaos_v1:zombie_lumberjack":1,"minecraft:warden":4}},"DataVersion":3465}