{"stats":{"minecraft:picked_up":{"minecraft:oak_slab":2,"minecraft:oak_log":9,"minecraft:snowball":43,"minecraft:dirt":1},"minecraft:killed_by":{"minecraft:player":2},"minecraft:dropped":{"minecraft:stone_shovel":1},"minecraft:mined":{"minecraft:oak_slab":1,"minecraft:grass_block":1,"minecraft:snow":33,"minecraft:wheat":1,"minecraft:snow_block":5},"minecraft:used":{"minecraft:stone_axe":1,"minecraft:snow_block":2,"minecraft:oak_slab":3,"minecraft:stone_shovel":38,"minecraft:oak_planks":16,"minecraft:pumpkin_seeds":4},"minecraft:custom":{"minecraft:time_since_rest":318,"minecraft:open_chest":6,"minecraft:crouch_one_cm":1907,"minecraft:play_time":3430,"minecraft:sprint_one_cm":9391,"minecraft:deaths":2,"minecraft:damage_taken":533,"minecraft:walk_one_cm":23391,"minecraft:sneak_time":169,"minecraft:drop":1,"minecraft:jump":94,"minecraft:damage_dealt":92,"minecraft:time_since_death":294,"minecraft:walk_on_water_one_cm":512,"minecraft:damage_resisted":20,"minecraft:total_world_time":3430,"minecraft:interact_with_crafting_table":4,"minecraft:fall_one_cm":1563,"minecraft:fly_one_cm":18467,"minecraft:player_kills":2},"minecraft:crafted":{"minecraft:snow_block":3,"minecraft:oak_slab":6,"minecraft:oak_planks":40,"minecraft:stone_shovel":2,"minecraft:pumpkin_seeds":4,"minecraft:stone_axe":1,"minecraft:stick":8,"minecraft:stone_pickaxe":1}},"DataVersion":3120}