{"stats":{"minecraft:picked_up":{"minecraft:oak_fence":3,"minecraft:oak_log":25,"minecraft:dirt":1,"minecraft:wheat_seeds":2,"minecraft:melon_slice":4,"minecraft:birch_sapling":1,"minecraft:oak_planks":10,"minecraft:cobblestone":1,"minecraft:egg":1},"minecraft:killed_by":{"the_slumbering_omen:darakuchase":2,"minecraft:player":6},"minecraft:dropped":{"minecraft:oak_log":14,"minecraft:oak_planks":44},"minecraft:mined":{"minecraft:oak_sapling":1,"minecraft:oak_fence":2,"minecraft:clay":1,"minecraft:melon":1,"minecraft:chest":1},"minecraft:used":{"minecraft:oak_fence":3,"minecraft:apple":3,"minecraft:birch_planks":4,"minecraft:grass_block":1,"minecraft:oak_planks":16,"minecraft:dirt":1,"minecraft:cobblestone":1,"minecraft:egg":1},"minecraft:custom":{"minecraft:time_since_rest":6184,"minecraft:sprint_one_cm":25020,"minecraft:damage_taken":2844,"minecraft:walk_one_cm":119875,"minecraft:drop":2,"minecraft:damage_dealt":791,"minecraft:swim_one_cm":263,"minecraft:player_kills":5,"minecraft:fly_one_cm":28337,"minecraft:open_chest":23,"minecraft:crouch_one_cm":6306,"minecraft:play_time":12677,"minecraft:deaths":11,"minecraft:sneak_time":487,"minecraft:walk_under_water_one_cm":17777,"minecraft:jump":228,"minecraft:leave_game":1,"minecraft:time_since_death":6171,"minecraft:walk_on_water_one_cm":2462,"minecraft:total_world_time":12677,"minecraft:damage_resisted":28,"minecraft:fall_one_cm":4807},"minecraft:crafted":{"minecraft:oak_planks":44}},"DataVersion":3120}