{"stats":{"minecraft:killed_by":{"born_in_chaos_v1:corpse_fly":1,"minecraft:player":1,"born_in_chaos_v1:decrepit_skeleton":2,"minecraft:skeleton":1,"minecraft:creeper":1,"born_in_chaos_v1:maggot":1,"born_in_chaos_v1:zombie_bruiser":1},"minecraft:custom":{"minecraft:time_since_rest":15052,"minecraft:interact_with_furnace":12,"minecraft:sprint_one_cm":109658,"minecraft:damage_taken":5417,"minecraft:walk_one_cm":171858,"minecraft:drop":4,"minecraft:damage_dealt":206,"minecraft:swim_one_cm":13959,"minecraft:talked_to_villager":7,"minecraft:tune_noteblock":4,"minecraft:fly_one_cm":125273,"minecraft:open_chest":34,"minecraft:crouch_one_cm":29007,"minecraft:play_time":112041,"minecraft:deaths":14,"minecraft:sneak_time":9041,"minecraft:walk_under_water_one_cm":6119,"minecraft:jump":812,"minecraft:leave_game":2,"minecraft:time_since_death":15021,"minecraft:walk_on_water_one_cm":1152,"minecraft:sleep_in_bed":3,"minecraft:climb_one_cm":1076,"minecraft:interact_with_smoker":1,"minecraft:total_world_time":112041,"minecraft:fall_one_cm":29445},"minecraft:picked_up":{"minecraft:sandstone":1,"minecraft:potion":3,"gravestone:obituary":3,"minecraft:brewing_stand":1,"iammusicplayer:cassette_tape":1,"minecraft:dirt":2,"iammusicplayer:cassette_tape_glass":1,"minecraft:lapis_lazuli":7,"minecraft:blue_bed":1,"minecraft:orange_bed":1,"minecraft:rotten_flesh":4,"minecraft:bread":5,"minecraft:iron_nugget":7,"iammusicplayer:boombox":2,"minecraft:egg":1,"minecraft:coal":5,"minecraft:iron_boots":1,"minecraft:furnace":2},"minecraft:mined":{"minecraft:seagrass":3,"minecraft:tall_seagrass":6,"minecraft:furnace":2,"minecraft:brewing_stand":1,"gravestone:gravestone":14,"minecraft:grass":2,"biomesoplenty:bush":1,"minecraft:dirt":2,"iammusicplayer:boombox":1,"minecraft:sandstone":1,"minecraft:blue_bed":1,"minecraft:orange_bed":1},"minecraft:broken":{"minecraft:stone_pickaxe":1},"minecraft:used":{"minecraft:iron_hoe":19,"minecraft:stone_pickaxe":12,"minecraft:bread":3,"minecraft:iron_helmet":1,"minecraft:blue_bed":1,"minecraft:rotten_flesh":2,"minecraft:iron_chestplate":1,"minecraft:orange_bed":1,"minecraft:dirt":39,"iammusicplayer:boombox":1,"alexsmobs:animal_dictionary":1},"minecraft:dropped":{"gravestone:obituary":1,"minecraft:potion":1,"iammusicplayer:cassette_tape":1,"brewery:corn_seeds":1}},"DataVersion":3465}