{"stats":{"minecraft:picked_up":{"minecraft:oak_log":24,"minecraft:birch_sapling":1,"minecraft:oak_planks":10},"minecraft:killed_by":{"minecraft:player":1},"minecraft:mined":{"minecraft:clay":1},"minecraft:used":{"minecraft:oak_planks":1},"minecraft:custom":{"minecraft:jump":9,"minecraft:open_chest":5,"minecraft:time_since_rest":374,"minecraft:deaths":1,"minecraft:crouch_one_cm":404,"minecraft:sprint_one_cm":2483,"minecraft:play_time":617,"minecraft:damage_taken":250,"minecraft:time_since_death":360,"minecraft:walk_one_cm":2996,"minecraft:sneak_time":37,"minecraft:total_world_time":617,"minecraft:fly_one_cm":2439}},"DataVersion":3120}