{"stats":{"minecraft:dropped":{"minecraft:water_bucket":2,"minecraft:dark_oak_door":6,"minecraft:blue_terracotta":8,"minecraft:wheat_seeds":2,"minecraft:diamond_block":48,"minecraft:glass_bottle":2,"lucky_blocks:axeof_perun":1,"minecraft:diamond_hoe":1,"lucky_block_:runenmetal":64,"minecraft:red_banner":20,"minecraft:yellow_terracotta":11,"minecraft:light_gray_wool":26,"minecraft:slime_block":19,"minecraft:polished_blackstone_button":8,"minecraft:spruce_fence":1,"lucky_blocks:disco_helmet":2,"minecraft:red_terracotta":16,"minecraft:carrot":1,"minecraft:yellow_carpet":2,"minecraft:gold_block":1,"minecraft:sandstone_wall":1,"lucky_blocks:eldorado_chestplate":1,"minecraft:milk_bucket":1,"minecraft:iron_chestplate":1,"minecraft:charcoal":2,"minecraft:potion":2,"minecraft:iron_leggings":1,"lucky_blocks:disco_leggings":1,"minecraft:polished_andesite_stairs":12,"minecraft:bucket":1,"lucky_blocks:eldorado_helmet":1,"lucky_blocks:lit_boots":1},"minecraft:killed":{"minecraft:zombie":2},"minecraft:picked_up":{"lucky_blocks:eldorado_chestplate":1,"minecraft:charcoal":2,"minecraft:iron_chestplate":1,"minecraft:water_bucket":2,"minecraft:diamond_sword":1,"lucky_blocks:disco_helmet":2,"lucky_blocks:shotgun":1,"minecraft:potion":3,"minecraft:gold_block":1,"lucky_blocks:op_potion":2,"minecraft:enchanted_book":1,"lucky_blocks:eldorado_helmet":1,"lucky_blocks:upgrade_book":1,"lucky_blocks:unreliable_sword":1,"minecraft:stone_stairs":3,"lucky_block_:pistole_munition":64,"minecraft:orange_terracotta":1,"minecraft:iron_leggings":1,"lucky_blocks:self_attacking_sword":1,"lucky_block_:highpusher":1,"minecraft:oak_sign":12,"minecraft:wheat_seeds":4,"minecraft:bucket":1,"lucky_blocks:disco_leggings":1,"minecraft:calcite":12,"minecraft:ender_eye":8,"lucky_blocks:one_pound_fish":1,"minecraft:light_gray_wool":52,"minecraft:polished_andesite_slab":32,"lucky_blocks:axeof_perun":2,"minecraft:diamond_hoe":1,"minecraft:dark_oak_door":6,"lucky_block_:saphirbogen":1,"minecraft:polished_andesite_stairs":12,"minecraft:milk_bucket":1,"lucky_blocks:anduril":1,"lucky_blocks:the_stick":1,"lucky_blocks:lit_boots":1,"minecraft:spruce_fence":1,"minecraft:sandstone_wall":1,"minecraft:red_banner":33,"lucky_blocks:cute_leggings":2,"minecraft:diamond_block":48,"minecraft:red_terracotta":68,"minecraft:polished_andesite":69,"minecraft:blue_terracotta":8,"minecraft:yellow_carpet":27,"minecraft:light_blue_terracotta":2,"lucky_blocks:exodus_helmet":2,"minecraft:slime_block":28,"lucky_blocks:excalibur":1,"minecraft:polished_blackstone_button":8,"minecraft:diamond_axe":1,"minecraft:yellow_terracotta":46,"minecraft:golden_apple":64,"lucky_block_:runenmetal":64,"minecraft:saddle":2,"lucky_blocks:greaser_chestplate":1,"minecraft:black_wool":16,"lucky_block_:zauberstab":1,"minecraft:cobblestone":48,"minecraft:ender_pearl":14},"minecraft:killed_by":{"minecraft:player":3,"minecraft:zombie":1},"minecraft:used":{"minecraft:calcite":12,"minecraft:polished_andesite":32,"lucky_blocks:unreliable_sword":67,"minecraft:iron_chestplate":1,"lucky_blocks:axeof_perun":27,"lucky_blocks:exodus_helmet":1,"minecraft:slime_block":9,"lucky_blocks:op_potion":1,"minecraft:diamond_sword":1,"lucky_blocks:cute_leggings":1,"minecraft:potion":1},"minecraft:mined":{"lucky_blocks:guardian_lucky_block":27,"minecraft:yellow_carpet":1,"minecraft:moss_block":2,"lucky_blocks:weaponry_lucky_block":13,"lucky_block_:lucky_block":23,"minecraft:grass":23,"minecraft:dirt":1,"minecraft:cobweb":3,"lucky:lucky_block":59,"minecraft:fern":1},"minecraft:custom":{"minecraft:mob_kills":7,"minecraft:interact_with_anvil":2,"minecraft:time_since_death":202,"minecraft:damage_resisted":1080,"minecraft:time_since_rest":227,"minecraft:sprint_one_cm":39979,"minecraft:walk_one_cm":72727,"minecraft:damage_taken":14726,"minecraft:damage_absorbed":485,"minecraft:drop":59,"minecraft:damage_dealt":1230,"minecraft:talked_to_villager":1,"minecraft:fly_one_cm":90503,"minecraft:player_kills":4,"minecraft:open_chest":1,"minecraft:crouch_one_cm":359,"minecraft:play_time":27178,"minecraft:deaths":10,"minecraft:sneak_time":170,"minecraft:jump":544,"minecraft:total_world_time":27178,"minecraft:fall_one_cm":25245}},"DataVersion":3120}