{"stats":{"minecraft:broken":{"lucky_blocks:greaser_chestplate":1,"lucky_blocks:cute_leggings":1,"lucky_block_:zauberstab":1},"minecraft:dropped":{"minecraft:water_bucket":2,"minecraft:wheat_seeds":2,"minecraft:glass_bottle":2,"minecraft:yellow_terracotta":11,"minecraft:polished_blackstone_button":8,"lucky_blocks:disco_helmet":2,"minecraft:yellow_carpet":2,"minecraft:golden_apple":61,"minecraft:gold_block":1,"minecraft:milk_bucket":1,"minecraft:iron_leggings":1,"minecraft:potion":2,"lucky_blocks:disco_leggings":1,"minecraft:polished_andesite_stairs":12,"minecraft:bucket":1,"lucky_blocks:lit_boots":1,"minecraft:dark_oak_door":6,"minecraft:blue_terracotta":8,"minecraft:diamond_block":48,"lucky_blocks:axeof_perun":1,"minecraft:diamond_hoe":1,"lucky_block_:runenmetal":64,"minecraft:red_banner":20,"minecraft:light_gray_wool":26,"minecraft:slime_block":19,"minecraft:spruce_fence":1,"minecraft:carrot":1,"minecraft:red_terracotta":16,"minecraft:sandstone_wall":1,"lucky_blocks:eldorado_chestplate":1,"lucky_blocks:the_stick":1,"minecraft:iron_chestplate":1,"minecraft:charcoal":2,"minecraft:stone_bricks":64,"lucky_blocks:eldorado_helmet":1},"minecraft:killed":{"minecraft:pig":1,"minecraft:zombie":2},"minecraft:picked_up":{"minecraft:iron_chestplate":2,"minecraft:charcoal":2,"minecraft:coarse_dirt":19,"lucky_blocks:one_up_mushroom":1,"minecraft:allium":3,"minecraft:iron_trapdoor":1,"minecraft:stone_slab":21,"minecraft:diamond_sword":1,"lucky_blocks:shotgun":2,"minecraft:stone_brick_wall":1,"minecraft:enchanted_book":1,"minecraft:gold_block":1,"minecraft:potion":3,"minecraft:stone_brick_stairs":71,"minecraft:chain":1,"minecraft:dead_horn_coral_block":1,"lucky_blocks:unreliable_sword":2,"minecraft:stone_stairs":65,"minecraft:smooth_stone_slab":27,"minecraft:iron_leggings":1,"minecraft:birch_fence":3,"minecraft:oak_sign":18,"minecraft:cracked_stone_bricks":115,"minecraft:deepslate_tiles":176,"minecraft:cobbled_deepslate":34,"minecraft:smooth_stone":72,"minecraft:bucket":1,"lucky_blocks:disco_leggings":1,"minecraft:andesite_stairs":1,"minecraft:white_tulip":4,"minecraft:poppy":1,"minecraft:cyan_wool":4,"minecraft:light_gray_wool":53,"minecraft:ender_eye":8,"minecraft:calcite":15,"lucky_blocks:wood_sword":1,"lucky_blocks:one_pound_fish":1,"minecraft:spruce_slab":1,"minecraft:deepslate_tile_wall":6,"minecraft:spruce_trapdoor":2,"minecraft:diamond_hoe":1,"minecraft:dark_oak_door":6,"minecraft:stick":2,"lucky_blocks:anduril":1,"lucky_blocks:the_stick":1,"minecraft:spruce_fence":6,"minecraft:sandstone_wall":1,"lucky_blocks:cute_leggings":3,"minecraft:deepslate_tile_stairs":9,"minecraft:prismarine_crystals":16,"minecraft:smooth_sandstone_slab":2,"minecraft:andesite_wall":96,"minecraft:arrow":21,"lucky_blocks:excalibur":2,"minecraft:yellow_terracotta":71,"minecraft:saddle":2,"lucky_block_:runenmetal":64,"minecraft:obsidian":14,"minecraft:iron_bars":2,"lucky_block_:zauberstab":1,"minecraft:white_wool":1,"minecraft:cobblestone":2958,"minecraft:oxeye_daisy":2,"lucky_blocks:eldorado_chestplate":2,"minecraft:enchanting_table":1,"minecraft:water_bucket":2,"minecraft:andesite":612,"lucky_blocks:disco_helmet":2,"lucky_blocks:op_potion":2,"lucky_blocks:eldorado_helmet":1,"minecraft:flint":1,"minecraft:tuff":607,"minecraft:smooth_sandstone_stairs":3,"lucky_blocks:upgrade_book":1,"minecraft:cobblestone_wall":7,"minecraft:dirt":307,"minecraft:lantern":1,"minecraft:brown_candle":1,"minecraft:orange_terracotta":1,"lucky_block_:pistole_munition":64,"lucky_blocks:self_attacking_sword":1,"lucky_block_:highpusher":1,"minecraft:stone_bricks":1039,"minecraft:bow":1,"minecraft:wheat_seeds":24,"minecraft:cobbled_deepslate_slab":3,"minecraft:moss_block":153,"minecraft:polished_andesite_slab":88,"lucky_blocks:axeof_perun":2,"minecraft:iron_sword":2,"lucky_block_:saphirbogen":1,"minecraft:polished_andesite_stairs":72,"minecraft:milk_bucket":1,"minecraft:emerald_block":7,"lucky_blocks:super_star":1,"minecraft:stone_brick_slab":5,"minecraft:red_wool":3,"lucky_blocks:lit_boots":2,"minecraft:gravel":5,"minecraft:red_banner":35,"minecraft:spruce_sapling":2,"minecraft:diamond_block":691,"minecraft:lily_of_the_valley":3,"minecraft:orange_wool":1,"minecraft:red_terracotta":148,"minecraft:sea_lantern":6,"minecraft:mossy_cobblestone":5,"minecraft:polished_diorite_stairs":1,"minecraft:oak_wood":2,"minecraft:polished_andesite":461,"minecraft:blue_terracotta":8,"minecraft:yellow_carpet":77,"lucky_blocks:exodus_helmet":2,"minecraft:light_blue_terracotta":10,"minecraft:polished_diorite":1,"minecraft:slime_block":28,"minecraft:polished_blackstone_button":8,"minecraft:iron_helmet":1,"minecraft:diamond_axe":1,"minecraft:white_concrete":6,"minecraft:golden_apple":64,"minecraft:gray_wool":10,"minecraft:lodestone":1,"minecraft:rooted_dirt":10,"minecraft:oak_sapling":4,"lucky_blocks:greaser_chestplate":1,"minecraft:black_wool":64,"minecraft:andesite_slab":1,"minecraft:ender_pearl":14},"minecraft:used":{"minecraft:iron_chestplate":1,"lucky_blocks:axeof_perun":27,"minecraft:slime_block":9,"minecraft:stone_bricks":2,"lucky_blocks:excalibur":11,"lucky_blocks:cute_leggings":1,"minecraft:calcite":12,"minecraft:polished_andesite":33,"lucky_blocks:unreliable_sword":78,"minecraft:golden_apple":3,"lucky_blocks:exodus_helmet":1,"lucky_blocks:op_potion":1,"minecraft:diamond_sword":1,"minecraft:potion":1,"lucky_block_:luck":24},"minecraft:killed_by":{"minecraft:player":30,"minecraft:zombie":2},"minecraft:mined":{"minecraft:yellow_carpet":1,"minecraft:moss_block":2,"lucky_block_:lucky_block":25,"lucky:lucky_block":60,"lucky_blocks:guardian_lucky_block":29,"minecraft:tnt":10,"lucky_blocks:weaponry_lucky_block":14,"minecraft:grass":23,"minecraft:dirt":1,"minecraft:cobweb":3,"minecraft:fern":1},"minecraft:custom":{"minecraft:interact_with_anvil":2,"minecraft:mob_kills":8,"minecraft:time_since_death":358,"minecraft:damage_resisted":1080,"minecraft:sprint_one_cm":46237,"minecraft:walk_one_cm":92775,"minecraft:drop":62,"minecraft:talked_to_villager":1,"minecraft:play_time":39178,"minecraft:deaths":75,"minecraft:sneak_time":170,"minecraft:walk_under_water_one_cm":28158,"minecraft:jump":669,"minecraft:walk_on_water_one_cm":22570,"minecraft:total_world_time":39178,"minecraft:time_since_rest":382,"minecraft:damage_taken":156373,"minecraft:damage_absorbed":565,"minecraft:damage_dealt":2154,"minecraft:swim_one_cm":8671,"minecraft:fly_one_cm":147009,"minecraft:player_kills":20,"minecraft:open_chest":1,"minecraft:crouch_one_cm":359,"minecraft:fall_one_cm":127092}},"DataVersion":3120}