{"stats":{"minecraft:mined":{"minecraft:seagrass":3,"minecraft:tall_seagrass":6,"minecraft:furnace":2,"minecraft:brewing_stand":1,"gravestone:gravestone":8,"minecraft:grass":1,"minecraft:sandstone":1,"minecraft:blue_bed":1,"minecraft:orange_bed":1},"minecraft:dropped":{"minecraft:potion":1,"iammusicplayer:cassette_tape":1},"minecraft:custom":{"minecraft:time_since_rest":10943,"minecraft:interact_with_furnace":10,"minecraft:sprint_one_cm":50034,"minecraft:damage_taken":2735,"minecraft:walk_one_cm":95049,"minecraft:drop":2,"minecraft:damage_dealt":111,"minecraft:swim_one_cm":13959,"minecraft:talked_to_villager":2,"minecraft:tune_noteblock":4,"minecraft:fly_one_cm":56889,"minecraft:open_chest":33,"minecraft:crouch_one_cm":6487,"minecraft:play_time":42149,"minecraft:deaths":8,"minecraft:sneak_time":2215,"minecraft:walk_under_water_one_cm":6119,"minecraft:jump":337,"minecraft:leave_game":1,"minecraft:walk_on_water_one_cm":1152,"minecraft:time_since_death":10880,"minecraft:sleep_in_bed":3,"minecraft:climb_one_cm":1076,"minecraft:interact_with_smoker":1,"minecraft:total_world_time":42149,"minecraft:fall_one_cm":8713},"minecraft:killed_by":{"born_in_chaos_v1:corpse_fly":1,"born_in_chaos_v1:decrepit_skeleton":2,"born_in_chaos_v1:maggot":1,"born_in_chaos_v1:zombie_bruiser":1},"minecraft:used":{"minecraft:iron_hoe":2,"minecraft:stone_pickaxe":12,"minecraft:bread":3,"minecraft:iron_helmet":1,"minecraft:blue_bed":1,"minecraft:rotten_flesh":2,"minecraft:iron_chestplate":1,"minecraft:orange_bed":1,"alexsmobs:animal_dictionary":1},"minecraft:picked_up":{"minecraft:sandstone":1,"minecraft:potion":3,"gravestone:obituary":2,"minecraft:brewing_stand":1,"iammusicplayer:cassette_tape":1,"minecraft:blue_bed":1,"minecraft:orange_bed":1,"minecraft:rotten_flesh":4,"minecraft:iron_nugget":7,"minecraft:bread":5,"minecraft:furnace":2,"minecraft:coal":5,"minecraft:iron_boots":1,"minecraft:egg":1},"minecraft:broken":{"minecraft:stone_pickaxe":1}},"DataVersion":3465}