{"stats":{"minecraft:killed":{"minecraft:salmon":1,"minecraft:squid":1,"alexsmobs:catfish":1,"minecraft:zombie":2,"minecraft:chicken":1,"minecraft:drowned":2},"minecraft:crafted":{"mca:engagement_ring":1,"biomesoplenty:jacaranda_planks":8,"minecraft:crafting_table":1,"minecraft:cooked_chicken":1,"minecraft:wooden_pickaxe":1,"minecraft:iron_sword":1,"minecraft:furnace":9,"minecraft:cooked_salmon":1,"regions_unexplored:pink_magnolia_shrub":1,"regions_unexplored:magnolia_button":1,"minecraft:air":0,"minecraft:iron_chestplate":1,"minecraft:shield":1,"minecraft:stick":32,"minecraft:iron_ingot":13,"minecraft:iron_pickaxe":1,"minecraft:stone_pickaxe":1,"minecraft:iron_shovel":1,"minecraft:gold_ingot":7,"minecraft:torch":60,"regions_unexplored:magnolia_planks":56},"minecraft:mined":{"minecraft:tuff":6,"iceandfire:silver_ore":1,"regions_unexplored:cave_hyssop":1,"regions_unexplored:white_magnolia_leaves":2,"minecraft:sculk_vein":1,"minecraft:crafting_table":1,"regions_unexplored:hanging_prismarite":14,"minecraft:grass_block":16,"regions_unexplored:pink_magnolia_leaves":37,"minecraft:sculk_sensor":1,"minecraft:deepslate_gold_ore":6,"regions_unexplored:raw_redstone_block":1,"minecraft:sugar_cane":2,"minecraft:sculk":2,"minecraft:spawner":1,"supplementaries:urn":6,"minecraft:tall_seagrass":1,"regions_unexplored:pointed_redstone":1,"minecraft:furnace":1,"regions_unexplored:redstone_bud":8,"minecraft:iron_ore":13,"treechop:chopped_log":1,"minecraft:deepslate_lapis_ore":1,"graveyard:dark_iron_bars":1,"minecraft:coal_ore":60,"minecraft:dirt":14,"minecraft:gravel":9,"regions_unexplored:ash_vent":1,"minecraft:stone":12,"regions_unexplored:prismoss":1,"regions_unexplored:magnolia_planks":4,"minecraft:deepslate":95},"minecraft:custom":{"lootr:looted_stat":4,"minecraft:interact_with_furnace":21,"minecraft:mob_kills":8,"minecraft:interact_with_crafting_table":19,"minecraft:interact_with_loom":1,"minecraft:leave_game":3,"minecraft:time_since_death":767,"minecraft:climb_one_cm":732,"minecraft:time_since_rest":676,"minecraft:sprint_one_cm":80011,"minecraft:damage_taken":4452,"minecraft:walk_one_cm":207581,"minecraft:drop":14,"minecraft:damage_dealt":1502,"minecraft:swim_one_cm":21212,"minecraft:player_kills":1,"minecraft:fly_one_cm":97226,"minecraft:open_chest":3,"minecraft:crouch_one_cm":12167,"minecraft:play_time":73195,"tombstone:undead_killed":4,"minecraft:deaths":11,"minecraft:sneak_time":3628,"minecraft:walk_under_water_one_cm":26152,"minecraft:jump":946,"minecraft:walk_on_water_one_cm":13625,"minecraft:total_world_time":73195,"minecraft:fall_one_cm":45608},"minecraft:killed_by":{"crittersandcompanions:otter":1,"minecraft:player":2},"minecraft:broken":{"minecraft:stone_pickaxe":1},"minecraft:picked_up":{"biomesoplenty:lavender":2,"minecraft:crafting_table":2,"minecraft:chicken":1,"regions_unexplored:hanging_prismarite":25,"minecraft:salmon":1,"regions_unexplored:magnolia_log":14,"minecraft:wooden_pickaxe":1,"paraglider:spirit_orb":2,"minecraft:flint":1,"supplementaries:flax_seeds":1,"minecraft:lapis_lazuli":6,"minecraft:dirt":37,"minecraft:bone":7,"regions_unexplored:magnolia_planks":5,"minecraft:gold_nugget":11,"minecraft:cobbled_deepslate":93,"minecraft:raw_gold":6,"minecraft:iron_ingot":2,"minecraft:iron_nugget":5,"minecraft:sugar_cane":1,"crittersandcompanions:clam":2,"minecraft:egg":2,"minecraft:furnace":1,"minecraft:stick":2,"minecraft:raw_iron":13,"regions_unexplored:ash_vent":1,"minecraft:gravel":6,"graveyard:dark_iron_bars":1,"tombstone:grave_dust":2,"minecraft:diorite":3,"minecraft:ink_sac":3,"regions_unexplored:raw_redstone_block":1,"minecraft:redstone":14,"regions_unexplored:pink_magnolia_sapling":3,"regions_unexplored:cave_hyssop":1,"minecraft:rotten_flesh":1,"regions_unexplored:redstone_bulb":1,"biomesoplenty:jacaranda_log":2,"minecraft:diamond":1,"regions_unexplored:blue_magnolia_sapling":5,"regions_unexplored:willow_planks":1,"supplementaries:ash":5,"minecraft:coal":60,"iceandfire:raw_silver":1,"minecraft:cobblestone":15,"regions_unexplored:pointed_redstone":1},"minecraft:used":{"minecraft:iron_shovel":28,"minecraft:stone_pickaxe":121,"minecraft:oak_planks":25,"minecraft:wooden_pickaxe":32,"minecraft:iron_sword":16,"minecraft:cooked_salmon":1,"minecraft:torch":10,"minecraft:dirt":1,"minecraft:crafting_table":3,"regions_unexplored:magnolia_planks":25,"minecraft:iron_pickaxe":94,"minecraft:furnace":10,"regions_unexplored:pink_magnolia_shrub":1,"tombstone:gift":3,"alexsmobs:animal_dictionary":1,"minecraft:egg":2},"minecraft:dropped":{"minecraft:gravel":6,"minecraft:iron_sword":1,"biomesoplenty:lavender":1,"minecraft:rotten_flesh":2,"minecraft:coal":12,"minecraft:dirt":1,"minecraft:diorite":3,"minecraft:torch":34,"minecraft:wooden_pickaxe":2,"minecraft:iron_pickaxe":1,"minecraft:bone":7}},"DataVersion":3465}