{"stats":{"minecraft:custom":{"minecraft:mob_kills":60,"minecraft:interact_with_crafting_table":5,"minecraft:open_barrel":17,"minecraft:interact_with_campfire":8,"minecraft:eat_cake_slice":1,"minecraft:damage_dealt_resisted":1110,"minecraft:leave_game":4,"minecraft:time_since_death":61951,"minecraft:climb_one_cm":6037,"minecraft:sprint_one_cm":427914,"minecraft:walk_one_cm":621776,"minecraft:drop":136,"minecraft:talked_to_villager":1,"minecraft:play_time":226615,"minecraft:deaths":12,"minecraft:sneak_time":30474,"minecraft:walk_under_water_one_cm":9322,"minecraft:interact_with_brewingstand":3,"minecraft:jump":4415,"minecraft:walk_on_water_one_cm":10024,"minecraft:total_world_time":226615,"minecraft:interact_with_furnace":2,"minecraft:sleep_in_bed":1,"minecraft:time_since_rest":30280,"minecraft:waystone_activated":2,"minecraft:damage_taken":8269,"minecraft:damage_absorbed":40,"minecraft:trigger_trapped_chest":1,"minecraft:damage_dealt":11181,"minecraft:swim_one_cm":134422,"minecraft:fly_one_cm":737117,"minecraft:open_chest":77,"minecraft:crouch_one_cm":138716,"minecraft:fall_one_cm":168090,"minecraft:horse_one_cm":1549},"minecraft:dropped":{"farmersdelight:tomato_seeds":3,"minecraft:enchanted_book":2,"minecraft:golden_boots":1,"minecraft:wheat_seeds":1,"minecraft:warped_fungus":3,"minecraft:cherry_log":1,"gnumus:overripe_carrot":6,"minecraft:glass_bottle":14,"minecraft:lantern":1,"minecraft:lead":2,"born_in_chaos_v1:cultivated_pumpkin":5,"minecraft:cobblestone":5,"minecraft:glow_berries":6,"minecraft:book":9,"minecraft:leather":5,"minecraft:jungle_planks":9,"born_in_chaos_v1:pieceofdarkmetal":2,"brewery:corn_seeds":1,"minecraft:rail":16,"minecraft:music_disc_13":1,"minecraft:stick":17,"minecraft:cobweb":2,"minecraft:diamond_horse_armor":1,"minecraft:dirt":16,"minecraft:sculk":4,"minecraft:sculk_catalyst":2,"minecraft:mutton":3,"minecraft:rabbit":12,"minecraft:map":2,"minecraft:potion":4,"gravestone:obituary":15,"biomesoplenty:palm_sapling":5,"minecraft:bone_meal":5,"biomesoplenty:wilted_lily":1,"minecraft:sugar":3,"minecraft:paper":4,"farmersdelight:rich_soil":1,"minecraft:bone":3,"minecraft:sweet_berries":2,"minecraft:soul_torch":5,"minecraft:player_head":2,"minecraft:nether_wart":2,"minecraft:cobbled_deepslate":64,"alexsmobs:tarantula_hawk_wing_fragment":1,"minecraft:tuff":31,"minecraft:wheat":31,"minecraft:raw_iron":3,"farmersdelight:cabbage_seeds":1,"minecraft:chicken":9,"born_in_chaos_v1:smoked_flesh":4,"minecraft:rotten_flesh":30,"artifacts:villager_hat":2,"minecraft:oak_planks":20,"minecraft:spruce_fence":1,"minecraft:pumpkin_seeds":3,"minecraft:carrot":6,"minecraft:eye_armor_trim_smithing_template":2,"minecraft:filled_map":1,"beachparty:rubber_ring_axolotl":3,"gnumus:gnumus_clay":11,"minecraft:gunpowder":2,"born_in_chaos_v1:corpse_maggot":7,"gnumus:gnumus_chickpeas":10,"minecraft:chest":1,"born_in_chaos_v1:diamond_termite_shard":1,"farmersdelight:minced_beef":6,"farmersdelight:rope":5,"minecraft:spider_eye":1,"minecraft:beef":13,"minecraft:wooden_pickaxe":3},"minecraft:crafted":{"minecraft:oak_planks":24,"biomesoplenty:mahogany_planks":12,"minecraft:iron_hoe":1,"minecraft:stone_pickaxe":1,"minecraft:dark_oak_planks":28,"minecraft:crafting_table":2,"minecraft:wooden_pickaxe":1,"minecraft:jungle_planks":12,"minecraft:stick":12},"minecraft:used":{"biomesoplenty:mahogany_planks":2,"minecraft:iron_bars":5,"minecraft:redstone":1,"minecraft:iron_chestplate":1,"minecraft:dirt":61,"minecraft:jungle_planks":3,"minecraft:carrot":1,"minecraft:snowball":6,"minecraft:iron_hoe":117,"farmersdelight:rope":2,"born_in_chaos_v1:smoked_flesh":7,"beachparty:rubber_ring_axolotl":3,"minecraft:iron_axe":96,"minecraft:iron_boots":1,"minecraft:iron_helmet":1,"minecraft:cooked_cod":2,"minecraft:trapped_chest":1,"minecraft:cobbled_deepslate":26,"minecraft:iron_leggings":1,"farmersdelight:skillet":20,"minecraft:stone_pickaxe":132,"minecraft:wooden_pickaxe":5,"biomesoplenty:mahogany_log":4,"minecraft:golden_apple":1,"minecraft:glow_berries":3,"minecraft:crafting_table":2,"bakery:strawberry":2,"born_in_chaos_v1:holiday_candy":9,"minecraft:cod":2,"gnumus:gnumus_cheese":1,"farmersdelight:minced_beef":1,"waystones:waystone":1,"minecraft:apple":3,"minecraft:bread":73,"minecraft:iron_pickaxe":23,"minecraft:cobblestone":1,"minecraft:potion":2,"minecraft:cooked_porkchop":1,"born_in_chaos_v1:wood_splitter_axe":111,"minecraft:experience_bottle":12,"minecraft:soul_torch":1},"minecraft:picked_up":{"born_in_chaos_v1:diamond_termite_shard":1,"minecraft:black_carpet":2,"minecraft:chicken":15,"gnumus:gnumus_claw":9,"minecraft:lead":4,"minecraft:wooden_pickaxe":2,"minecraft:potion":4,"minecraft:enchanted_book":3,"minecraft:diamond_horse_armor":1,"gravestone:obituary":4,"minecraft:brewing_stand":1,"duneons:windhole":1,"minecraft:string":2,"minecraft:iron_axe":1,"minecraft:iron_leggings":1,"born_in_chaos_v1:intoxicating_decoction":3,"minecraft:compass":2,"minecraft:experience_bottle":1,"minecraft:diamond_leggings":2,"farmersdelight:beef_patty":5,"minecraft:cobbled_deepslate":137,"minecraft:beef":13,"gnumus:packaged_goods":3,"minecraft:echo_shard":5,"minecraft:player_head":2,"minecraft:iron_pickaxe":1,"minecraft:enchanted_golden_apple":3,"minecraft:chest":6,"farmersdelight:cabbage_seeds":2,"minecraft:raw_iron":3,"minecraft:stick":11,"farmersdelight:minced_beef":6,"minecraft:spruce_fence":1,"sophisticatedbackpacks:backpack":1,"biomesoplenty:wilted_lily":1,"minecraft:cherry_log":1,"born_in_chaos_v1:pieceofdarkmetal":3,"minecraft:carrot":4,"minecraft:redstone":1,"minecraft:cactus":8,"minecraft:arrow":1,"minecraft:rotten_flesh":34,"minecraft:cooked_cod":2,"artifacts:villager_hat":5,"born_in_chaos_v1:wood_splitter_axe":1,"biomesoplenty:palm_log":9,"minecraft:hay_block":14,"gnumus:gnumus_chickpeas":10,"farmersdelight:rope":1,"minecraft:saddle":2,"gnumus:mouse_skin":8,"minecraft:glow_berries":27,"minecraft:mutton":3,"minecraft:iron_bars":5,"minecraft:cod":4,"minecraft:rail":4,"minecraft:cobblestone":9,"duneons:goldwindhole":2,"minecraft:stripped_oak_log":4,"born_in_chaos_v1:corpse_maggot":7,"farmersdelight:rich_soil":1,"gnumus:gnumus_doubloons":7,"farmersdelight:rice":4,"minecraft:golden_carrot":8,"minecraft:jungle_log":3,"gnumus:overripe_carrot":6,"minecraft:leather":16,"gnumus:gnumus_pouch":2,"minecraft:tuff":31,"minecraft:oak_log":2,"farmersdelight:skillet":1,"minecraft:dirt":77,"minecraft:paper":4,"minecraft:lantern":1,"gnumus:gnumus_pouch_2":6,"minecraft:name_tag":1,"minecraft:bone":20,"minecraft:gray_carpet":10,"gnumus:gnumus_horn":2,"minecraft:bow":1,"minecraft:wheat_seeds":2,"minecraft:rabbit_hide":4,"minecraft:iron_ingot":10,"biomesoplenty:palm_sapling":5,"minecraft:rabbit":12,"minecraft:glass_bottle":7,"minecraft:oak_planks":9,"minecraft:book":9,"minecraft:sculk_catalyst":2,"bakery:strawberry":2,"minecraft:cooked_porkchop":6,"minecraft:music_disc_13":2,"minecraft:sweet_berries":2,"minecraft:sculk":4,"minecraft:amethyst_shard":15,"gnumus:gnumus_cheese":1,"minecraft:soul_torch":6,"minecraft:trapped_chest":1,"minecraft:dark_oak_log":7,"minecraft:spider_eye":1,"minecraft:barrel":1,"artifacts:helium_flamingo":3,"biomesoplenty:mahogany_log":22,"minecraft:sculk_sensor":5,"born_in_chaos_v1:fire_dust":1,"gnumus:vintage_parts":1,"gnumus:gnumus_clay":16,"waystones:waystone":2,"alexsmobs:tarantula_hawk_wing_fragment":1,"minecraft:coal":37},"minecraft:broken":{"minecraft:stone_pickaxe":1},"minecraft:mined":{"minecraft:tuff":23,"farmersdelight:rich_soil":1,"minecraft:mossy_cobblestone":10,"minecraft:cobblestone_stairs":1,"minecraft:sculk_vein":6,"duneons:highlandgoldwood":1,"biomesoplenty:desert_grass":1,"minecraft:granite":1,"minecraft:brewing_stand":1,"gravestone:gravestone":8,"minecraft:spruce_fence":1,"minecraft:grass_block":4,"biomesoplenty:stripped_mahogany_log":2,"duneons:highlandtallgrass":1,"minecraft:redstone_wire":2,"biomesoplenty:wilted_lily":1,"minecraft:spruce_leaves":1,"minecraft:large_fern":4,"minecraft:hay_block":13,"biomesoplenty:toadstool":1,"minecraft:iron_ore":3,"minecraft:fire":1,"treechop:chopped_log":3,"minecraft:andesite":1,"minecraft:black_carpet":2,"biomesoplenty:hanging_cobweb":1,"minecraft:sculk_shrieker":11,"duneons:swamplog":3,"farmersdelight:rope":1,"biomesoplenty:webbing":1,"minecraft:stripped_oak_log":4,"gnumus:fragile_gnumus_jug":1,"minecraft:stone":6,"biomesoplenty:spider_egg":1,"duneons:goldwindhole":2,"minecraft:player_head":1,"minecraft:soul_sand":1,"minecraft:soul_fire":4,"bakery:wild_strawberries":2,"biomesoplenty:mahogany_planks":2,"minecraft:chest":6,"minecraft:sculk_sensor":71,"minecraft:tall_grass":4,"minecraft:cobblestone":6,"minecraft:sculk":70,"farmersdelight:skillet":1,"biomesoplenty:mahogany_log":2,"duneons:windhole":1,"minecraft:grass":11,"minecraft:coal_ore":15,"minecraft:dirt":41,"minecraft:gray_carpet":12,"biomesoplenty:stringy_cobweb":2,"minecraft:oak_leaves":15,"minecraft:deepslate":68,"minecraft:fern":2},"minecraft:killed":{"alexsmobs:tarantula_hawk":2,"born_in_chaos_v1:zombie_lumberjack":3,"born_in_chaos_v1:skeleton_demoman":1,"born_in_chaos_v1:zombie_clown_not_despawn":1,"minecraft:spider":2,"born_in_chaos_v1:maggot":9,"minecraft:skeleton":2,"gnumus:pitcher_mousse":3,"gnumus:gnumus_hunter":2,"born_in_chaos_v1:skeleton_thrasher":1,"born_in_chaos_v1:firelight_not_despawn":1,"gnumus:gnumus_hunter_not_dispawn":5,"born_in_chaos_v1:spiritof_chaos":1,"born_in_chaos_v1:diamond_termite":1,"minecraft:creeper":2,"gnumus:marsupial_mousse":1,"born_in_chaos_v1:decrepit_skeleton":5,"born_in_chaos_v1:decaying_zombie":2,"minecraft:zombie":8,"born_in_chaos_v1:corpse_fly":1,"minecraft:cow":7},"minecraft:killed_by":{"minecraft:player":1,"born_in_chaos_v1:zombie_lumberjack":2,"born_in_chaos_v1:dark_vortex":1,"minecraft:warden":3,"minecraft:skeleton":2,"alexsmobs:grizzly_bear":2}},"DataVersion":3465}