{"stats":{"minecraft:killed":{"alexsmobs:tarantula_hawk":2,"born_in_chaos_v1:zombie_lumberjack":2,"born_in_chaos_v1:zombie_clown_not_despawn":1,"born_in_chaos_v1:maggot":6,"minecraft:skeleton":2,"gnumus:pitcher_mousse":3,"born_in_chaos_v1:skeleton_thrasher":1,"gnumus:gnumus_hunter":2,"born_in_chaos_v1:firelight_not_despawn":1,"gnumus:gnumus_hunter_not_dispawn":2,"born_in_chaos_v1:diamond_termite":1,"minecraft:creeper":1,"gnumus:marsupial_mousse":1,"born_in_chaos_v1:decrepit_skeleton":1,"minecraft:zombie":4,"minecraft:cow":7},"minecraft:used":{"minecraft:iron_bars":5,"minecraft:iron_chestplate":1,"minecraft:dirt":5,"minecraft:jungle_planks":3,"minecraft:iron_hoe":92,"farmersdelight:rope":2,"beachparty:rubber_ring_axolotl":3,"minecraft:iron_axe":96,"minecraft:iron_helmet":1,"minecraft:iron_boots":1,"minecraft:cobbled_deepslate":26,"minecraft:iron_leggings":1,"farmersdelight:skillet":3,"minecraft:stone_pickaxe":132,"minecraft:wooden_pickaxe":5,"minecraft:glow_berries":3,"minecraft:crafting_table":2,"bakery:strawberry":2,"born_in_chaos_v1:holiday_candy":9,"waystones:waystone":1,"minecraft:bread":53,"minecraft:cobblestone":1,"minecraft:potion":2,"born_in_chaos_v1:wood_splitter_axe":32,"minecraft:experience_bottle":11,"minecraft:soul_torch":1},"minecraft:custom":{"minecraft:mob_kills":37,"minecraft:interact_with_crafting_table":5,"minecraft:open_barrel":5,"minecraft:eat_cake_slice":1,"minecraft:damage_dealt_resisted":135,"minecraft:leave_game":2,"minecraft:time_since_death":13339,"minecraft:climb_one_cm":5093,"minecraft:sprint_one_cm":313428,"minecraft:walk_one_cm":416697,"minecraft:drop":107,"minecraft:talked_to_villager":1,"minecraft:play_time":151909,"minecraft:deaths":11,"minecraft:sneak_time":25813,"minecraft:walk_under_water_one_cm":3518,"minecraft:interact_with_brewingstand":3,"minecraft:jump":3267,"minecraft:walk_on_water_one_cm":7871,"minecraft:total_world_time":151909,"minecraft:interact_with_furnace":2,"minecraft:time_since_rest":13375,"minecraft:waystone_activated":1,"minecraft:damage_taken":6331,"minecraft:damage_dealt":6641,"minecraft:swim_one_cm":21830,"minecraft:fly_one_cm":531495,"minecraft:open_chest":53,"minecraft:crouch_one_cm":121447,"minecraft:fall_one_cm":119441,"minecraft:horse_one_cm":1549},"minecraft:dropped":{"farmersdelight:tomato_seeds":3,"minecraft:enchanted_book":2,"minecraft:golden_boots":1,"minecraft:warped_fungus":3,"minecraft:cherry_log":1,"gnumus:overripe_carrot":6,"minecraft:glass_bottle":14,"minecraft:lead":2,"minecraft:cobblestone":5,"born_in_chaos_v1:cultivated_pumpkin":5,"minecraft:glow_berries":6,"minecraft:book":9,"minecraft:leather":5,"minecraft:jungle_planks":9,"born_in_chaos_v1:pieceofdarkmetal":2,"brewery:corn_seeds":1,"minecraft:rail":16,"minecraft:music_disc_13":1,"minecraft:stick":8,"minecraft:cobweb":2,"minecraft:diamond_horse_armor":1,"minecraft:dirt":16,"minecraft:sculk":4,"minecraft:sculk_catalyst":2,"minecraft:mutton":3,"minecraft:map":2,"minecraft:potion":4,"gravestone:obituary":14,"biomesoplenty:palm_sapling":5,"minecraft:bone_meal":5,"biomesoplenty:wilted_lily":1,"minecraft:sugar":3,"minecraft:paper":2,"farmersdelight:rich_soil":1,"minecraft:bone":3,"minecraft:soul_torch":5,"minecraft:nether_wart":2,"minecraft:cobbled_deepslate":64,"alexsmobs:tarantula_hawk_wing_fragment":1,"minecraft:tuff":31,"minecraft:wheat":31,"minecraft:raw_iron":3,"minecraft:chicken":3,"minecraft:rotten_flesh":22,"artifacts:villager_hat":2,"minecraft:oak_planks":20,"minecraft:pumpkin_seeds":3,"minecraft:carrot":3,"minecraft:eye_armor_trim_smithing_template":2,"minecraft:filled_map":1,"beachparty:rubber_ring_axolotl":3,"gnumus:gnumus_clay":5,"minecraft:gunpowder":2,"born_in_chaos_v1:corpse_maggot":4,"gnumus:gnumus_chickpeas":5,"minecraft:chest":1,"born_in_chaos_v1:diamond_termite_shard":1,"farmersdelight:rope":5,"minecraft:wooden_pickaxe":3,"minecraft:beef":13},"minecraft:picked_up":{"born_in_chaos_v1:diamond_termite_shard":1,"minecraft:black_carpet":2,"minecraft:chicken":9,"gnumus:gnumus_claw":4,"minecraft:lead":4,"minecraft:wooden_pickaxe":2,"minecraft:potion":4,"minecraft:enchanted_book":3,"minecraft:diamond_horse_armor":1,"gravestone:obituary":4,"minecraft:brewing_stand":1,"minecraft:iron_axe":1,"minecraft:iron_leggings":1,"born_in_chaos_v1:intoxicating_decoction":3,"minecraft:compass":2,"minecraft:diamond_leggings":2,"minecraft:cobbled_deepslate":137,"gnumus:packaged_goods":2,"minecraft:beef":13,"minecraft:echo_shard":5,"minecraft:iron_pickaxe":1,"minecraft:enchanted_golden_apple":3,"minecraft:chest":6,"minecraft:stick":4,"minecraft:raw_iron":3,"biomesoplenty:wilted_lily":1,"minecraft:cherry_log":1,"minecraft:carrot":1,"born_in_chaos_v1:pieceofdarkmetal":3,"minecraft:arrow":1,"minecraft:cactus":8,"minecraft:rotten_flesh":17,"born_in_chaos_v1:wood_splitter_axe":1,"artifacts:villager_hat":4,"biomesoplenty:palm_log":9,"minecraft:hay_block":14,"gnumus:gnumus_chickpeas":5,"farmersdelight:rope":1,"minecraft:saddle":2,"gnumus:mouse_skin":8,"minecraft:glow_berries":27,"minecraft:mutton":3,"minecraft:iron_bars":5,"minecraft:rail":4,"minecraft:cobblestone":9,"minecraft:stripped_oak_log":4,"born_in_chaos_v1:corpse_maggot":4,"farmersdelight:rich_soil":1,"gnumus:gnumus_doubloons":2,"farmersdelight:rice":4,"minecraft:jungle_log":3,"gnumus:overripe_carrot":6,"minecraft:leather":10,"gnumus:gnumus_pouch":2,"minecraft:tuff":31,"minecraft:oak_log":2,"minecraft:dirt":21,"minecraft:paper":2,"gnumus:gnumus_pouch_2":3,"minecraft:name_tag":1,"minecraft:bone":9,"minecraft:gray_carpet":10,"gnumus:gnumus_horn":2,"minecraft:bow":1,"minecraft:wheat_seeds":1,"minecraft:rabbit_hide":4,"minecraft:iron_ingot":2,"biomesoplenty:palm_sapling":5,"minecraft:glass_bottle":7,"minecraft:oak_planks":9,"minecraft:book":9,"minecraft:sculk_catalyst":2,"bakery:strawberry":2,"minecraft:music_disc_13":2,"minecraft:sculk":4,"minecraft:amethyst_shard":15,"minecraft:soul_torch":6,"minecraft:dark_oak_log":7,"artifacts:helium_flamingo":2,"minecraft:sculk_sensor":5,"born_in_chaos_v1:fire_dust":1,"gnumus:vintage_parts":1,"gnumus:gnumus_clay":10,"waystones:waystone":2,"alexsmobs:tarantula_hawk_wing_fragment":1,"minecraft:coal":37},"minecraft:crafted":{"minecraft:oak_planks":24,"minecraft:iron_hoe":1,"minecraft:stone_pickaxe":1,"minecraft:dark_oak_planks":28,"minecraft:crafting_table":2,"minecraft:wooden_pickaxe":1,"minecraft:jungle_planks":12,"minecraft:stick":12},"minecraft:mined":{"minecraft:tuff":23,"farmersdelight:rich_soil":1,"minecraft:sculk_vein":5,"biomesoplenty:desert_grass":1,"minecraft:brewing_stand":1,"gravestone:gravestone":7,"minecraft:grass_block":3,"biomesoplenty:wilted_lily":1,"minecraft:hay_block":13,"minecraft:iron_ore":3,"minecraft:fire":1,"minecraft:andesite":1,"minecraft:black_carpet":2,"treechop:chopped_log":2,"biomesoplenty:hanging_cobweb":1,"minecraft:sculk_shrieker":7,"duneons:swamplog":3,"farmersdelight:rope":1,"biomesoplenty:webbing":1,"minecraft:stripped_oak_log":4,"gnumus:fragile_gnumus_jug":1,"biomesoplenty:spider_egg":1,"minecraft:stone":6,"minecraft:soul_sand":1,"minecraft:soul_fire":4,"bakery:wild_strawberries":2,"minecraft:chest":6,"minecraft:sculk_sensor":63,"minecraft:tall_grass":3,"minecraft:sculk":58,"minecraft:grass":10,"minecraft:coal_ore":15,"minecraft:dirt":18,"minecraft:gray_carpet":10,"biomesoplenty:stringy_cobweb":2,"minecraft:oak_leaves":10,"minecraft:deepslate":68},"minecraft:broken":{"minecraft:stone_pickaxe":1},"minecraft:killed_by":{"minecraft:player":1,"born_in_chaos_v1:zombie_lumberjack":2,"born_in_chaos_v1:dark_vortex":1,"minecraft:warden":2,"minecraft:skeleton":2,"alexsmobs:grizzly_bear":2}},"DataVersion":3465}