{"stats":{"minecraft:mined":{"minecraft:tuff":1,"iceandfire:graveyard_soil":1,"ecologics:coconut_planks":15,"minecraft:deepslate_diamond_ore":3,"minecraft:grass_block":2,"minecraft:jungle_log":1,"minecraft:spawner":1,"minecraft:fire":4,"minecraft:moss_carpet":2,"treechop:chopped_log":2,"minecraft:deepslate_iron_ore":10,"crittersandcompanions:silk_cocoon":2,"minecraft:stone":14,"minecraft:white_wool":2,"minecraft:tripwire":1,"minecraft:glass_pane":2,"supplementaries:book_pile":2,"galosphere:deepslate_silver_ore":9,"minecraft:dandelion":1,"minecraft:torch":2,"minecraft:poppy":1,"iceandfire:ghost_chest":1,"minecraft:rose_bush":2,"iceandfire:fire_lily":2,"minecraft:copper_ore":2,"minecraft:cobblestone":22,"minecraft:oak_planks":1,"minecraft:diorite":6,"supplementaries:urn":14,"galosphere:allurite_block":1,"ecologics:seashell":3,"minecraft:grass":20,"minecraft:oak_log":1,"minecraft:coal_ore":5,"minecraft:gravel":2,"minecraft:sand":15,"minecraft:dirt":2,"minecraft:cobweb":59,"minecraft:oak_leaves":17,"minecraft:deepslate":10,"minecraft:fern":2},"minecraft:picked_up":{"minecraft:turtle_helmet":1,"minecraft:wheat":188,"artifacts:night_vision_goggles":1,"minecraft:chicken":2,"iceandfire:fire_lily":3,"minecraft:leather_leggings":3,"minecraft:wooden_pickaxe":1,"ecologics:seashell":3,"aether:iron_gloves":1,"artifacts:chorus_totem":1,"minecraft:enchanted_book":11,"more_bows_and_arrows:iron_bow":1,"minecraft:string":64,"minecraft:raw_copper":30,"minecraft:moss_carpet":2,"mutantmonsters:mutant_skeleton_skull":4,"minecraft:iron_axe":3,"minecraft:wooden_sword":1,"dungeonnowloading:spawner_fragment":6,"graveyard:corruption":2,"iceandfire:graveyard_soil":4,"minecraft:gold_nugget":10,"minecraft:cobbled_deepslate":8,"delightful:acorn":2,"minecraft:rose_bush":2,"minecraft:iron_nugget":8,"minecraft:poppy":1,"minecraft:iron_pickaxe":3,"minecraft:iron_boots":1,"minecraft:egg":2,"minecraft:dark_oak_sapling":6,"minecraft:stick":2,"minecraft:raw_iron":20,"iceandfire:ghost_chest":1,"ecologics:coconut_slice":4,"minecraft:copper_ingot":1,"minecraft:torch":2,"ecologics:coconut_seedling":2,"minecraft:porkchop":3,"tombstone:grave_dust":9,"minecraft:diorite":6,"mutantmonsters:mutant_skeleton_pelvis":1,"quark:ancient_tome":2,"iceandfire:silver_ingot":2,"minecraft:stone_sword":1,"minecraft:arrow":22,"minecraft:rotten_flesh":14,"minecraft:vex_armor_trim_smithing_template":2,"ecologics:coconut_log":9,"supplementaries:antique_ink":1,"crittersandcompanions:silk":18,"mutantmonsters:mutant_skeleton_rib":3,"minecraft:gold_ingot":3,"minecraft:totem_of_undying":1,"supplementaries:ash":7,"mutantmonsters:mutant_skeleton_shoulder_pad":2,"minecraft:white_wool":4,"alexsmobs:flying_fish":2,"minecraft:cobblestone":26,"minecraft:feather":3,"minecraft:cooked_beef":8,"ecologics:coconut_planks":34,"paraglider:spirit_orb":2,"minecraft:flint":8,"minecraft:oak_log":2,"iceandfire:ectoplasm":1,"mutantmonsters:mutant_skeleton_limb":4,"minecraft:paper":2,"tombstone:gift":2,"minecraft:bone":82,"quark:music_disc_crickets":1,"minecraft:wheat_seeds":76,"minecraft:raw_gold":1,"minecraft:rabbit_hide":9,"minecraft:iron_ingot":60,"minecraft:cobweb":4,"galosphere:raw_silver":18,"minecraft:iron_sword":2,"minecraft:oak_planks":19,"minecraft:cooked_porkchop":2,"minecraft:dandelion":1,"minecraft:sand":15,"minecraft:dark_oak_log":12,"minecraft:spider_eye":15,"alexsmobs:animal_dictionary":1,"galosphere:allurite_block":1,"minecraft:diamond":3,"minecraft:bread":25,"minecraft:golden_horse_armor":1,"minecraft:emerald":25,"minecraft:coal":5},"minecraft:broken":{"aether:iron_gloves":1,"minecraft:shield":1,"alexsmobs:flying_fish_boots":1},"minecraft:killed":{"illagerinvasion:archivist":1,"mca:female_zombie_villager":1,"minecraft:evoker":1,"minecraft:cave_spider":11,"graveyard:nightmare":1,"minecraft:vindicator":3,"minecraft:spider":4,"quark:toretoise":3,"alexsmobs:seagull":2,"illagerinvasion:basher":1,"creeperoverhaul:bamboo_creeper":1,"minecraft:skeleton":11,"alexsmobs:capuchin_monkey":4,"illagerinvasion:provoker":2,"minecraft:drowned":1,"alexsmobs:flying_fish":2,"minecraft:pig":2,"alexsmobs:anteater":1,"hunters_return:hunter":2,"mutantmonsters:mutant_skeleton":1,"minecraft:sheep":5,"tinyskeletons:baby_skeleton":1,"minecraft:zombie":17,"iceandfire:ghost":3,"alexsmobs:crow":1,"minecraft:cow":3},"minecraft:killed_by":{"illagerinvasion:provoker":1},"minecraft:used":{"quark:ancient_tome":2,"ecologics:sandcastle":3,"minecraft:shield":6,"minecraft:iron_sword":358,"ecologics:coconut_planks":34,"minecraft:iron_chestplate":2,"minecraft:torch":2,"minecraft:dark_oak_planks":8,"minecraft:lava_bucket":14,"minecraft:iron_axe":45,"minecraft:totem_of_undying":2,"tombstone:gift":7,"minecraft:egg":1,"minecraft:cooked_beef":22,"minecraft:cobbled_deepslate":6,"minecraft:iron_leggings":4,"minecraft:wheat_seeds":1,"more_bows_and_arrows:iron_bow":4,"minecraft:diorite":6,"minecraft:water_bucket":44,"minecraft:oak_planks":10,"minecraft:crafting_table":3,"mutantmonsters:mutant_skeleton_skull":1,"minecraft:bread":46,"minecraft:string":1,"minecraft:iron_pickaxe":89,"iceandfire:graveyard_soil":3,"minecraft:cobblestone":1,"minecraft:cooked_porkchop":2,"minecraft:bucket":58,"alexsmobs:animal_dictionary":2,"iceandfire:fire_lily":1},"minecraft:crafted":{"minecraft:oak_planks":8,"ecologics:coconut_planks":36,"alexsmobs:flying_fish_boots":1,"minecraft:dark_oak_planks":48,"minecraft:crafting_table":3,"minecraft:iron_sword":1,"minecraft:bucket":1,"ecologics:sandcastle":3,"minecraft:bread":64,"minecraft:iron_chestplate":1,"minecraft:stick":8,"minecraft:iron_leggings":1,"minecraft:torch":4},"minecraft:dropped":{"minecraft:bread":25,"minecraft:enchanted_book":6,"minecraft:iron_ingot":76,"minecraft:iron_sword":1,"minecraft:wheat_seeds":4,"minecraft:dark_oak_sapling":6,"ecologics:coconut_slice":4,"minecraft:feather":3,"ecologics:coconut_seedling":2,"minecraft:iron_helmet":1,"minecraft:leather":3,"minecraft:copper_ingot":1,"quark:music_disc_crickets":1,"mutantmonsters:mutant_skeleton_shoulder_pad":2,"graveyard:corruption":2,"minecraft:emerald":12,"minecraft:flint":8,"minecraft:stick":5,"minecraft:music_disc_13":1,"artifacts:night_vision_goggles":1,"minecraft:cobweb":4,"galosphere:raw_silver":18,"minecraft:diorite":3,"minecraft:torch":6,"minecraft:rose_bush":1,"tombstone:grave_dust":6,"delightful:acorn":2,"minecraft:wooden_sword":1,"minecraft:gold_nugget":14,"minecraft:iron_axe":2,"minecraft:white_wool":4,"minecraft:iron_pickaxe":2,"minecraft:paper":2,"minecraft:string":8,"minecraft:dark_oak_planks":40,"minecraft:bucket":1,"minecraft:moss_carpet":2,"ecologics:coconut_planks":32,"galosphere:allurite_block":1,"mutantmonsters:mutant_skeleton_pelvis":1,"minecraft:stone_sword":1,"minecraft:iron_nugget":14,"alexsmobs:animal_dictionary":1,"minecraft:cobbled_deepslate":2,"minecraft:raw_copper":30,"minecraft:wheat":7,"minecraft:raw_iron":10,"minecraft:chicken":2,"minecraft:rotten_flesh":26,"minecraft:oak_planks":45,"minecraft:iron_boots":1,"iceandfire:fire_lily":2,"artifacts:chorus_totem":1,"crittersandcompanions:silk":6,"minecraft:rabbit_hide":9,"supplementaries:ash":7,"minecraft:turtle_helmet":2,"iceandfire:ghost_chest":1,"aether:iron_gloves":1,"mutantmonsters:mutant_skeleton_limb":4,"iceandfire:silver_ingot":2,"minecraft:leather_leggings":2,"minecraft:spider_eye":18,"minecraft:arrow":32,"minecraft:wooden_pickaxe":1,"minecraft:raw_gold":1,"minecraft:vex_armor_trim_smithing_template":2,"mutantmonsters:mutant_skeleton_rib":3,"minecraft:egg":1},"minecraft:custom":{"minecraft:interact_with_smithing_table":1,"lootr:looted_stat":30,"minecraft:mob_kills":87,"minecraft:animals_bred":1,"minecraft:interact_with_crafting_table":11,"minecraft:open_barrel":8,"minecraft:leave_game":6,"minecraft:time_since_death":8945,"minecraft:climb_one_cm":3571,"minecraft:sprint_one_cm":366175,"minecraft:walk_one_cm":549020,"minecraft:damage_blocked_by_shield":662,"minecraft:drop":116,"minecraft:talked_to_villager":1,"minecraft:play_time":195517,"minecraft:deaths":4,"minecraft:sneak_time":4899,"minecraft:walk_under_water_one_cm":65360,"minecraft:jump":2716,"minecraft:walk_on_water_one_cm":72610,"minecraft:total_world_time":195517,"tombstone:raider_killed":10,"minecraft:sleep_in_bed":6,"minecraft:time_since_rest":6517,"minecraft:damage_taken":5941,"minecraft:trigger_trapped_chest":3,"minecraft:damage_dealt":17276,"minecraft:swim_one_cm":47376,"minecraft:fly_one_cm":646171,"minecraft:open_chest":7,"minecraft:crouch_one_cm":10466,"tombstone:undead_killed":35,"minecraft:fall_one_cm":69974}},"DataVersion":3465}