{"stats":{"minecraft:custom":{"minecraft:interact_with_crafting_table":11,"minecraft:open_barrel":27,"minecraft:eat_cake_slice":1,"minecraft:leave_game":9,"minecraft:time_since_death":5926,"minecraft:damage_resisted":71539,"minecraft:sprint_one_cm":811151,"minecraft:drop":252,"minecraft:talked_to_villager":4,"minecraft:play_time":532241,"minecraft:deaths":33,"minecraft:jump":8851,"minecraft:interact_with_brewingstand":3,"minecraft:walk_on_water_one_cm":29788,"minecraft:interact_with_furnace":4,"minecraft:traded_with_villager":2,"minecraft:sleep_in_bed":7,"minecraft:waystone_activated":2,"minecraft:damage_dealt":31172,"minecraft:player_kills":1,"minecraft:crouch_one_cm":200503,"minecraft:horse_one_cm":189104,"minecraft:interact_with_anvil":1,"minecraft:mob_kills":115,"minecraft:interact_with_campfire":11,"minecraft:damage_dealt_resisted":3298,"minecraft:climb_one_cm":8574,"minecraft:walk_one_cm":1429071,"minecraft:damage_dealt_absorbed":80,"minecraft:sneak_time":52007,"minecraft:walk_under_water_one_cm":128092,"minecraft:total_world_time":532241,"minecraft:tune_noteblock":21,"minecraft:time_since_rest":5954,"minecraft:damage_absorbed":50,"minecraft:damage_taken":20116,"minecraft:trigger_trapped_chest":1,"minecraft:swim_one_cm":642341,"minecraft:fly_one_cm":1447386,"minecraft:open_chest":122,"minecraft:fall_one_cm":363499},"minecraft:dropped":{"minecraft:porkchop":2,"minecraft:lapis_lazuli":7,"minecraft:warped_fungus":3,"minecraft:oak_log":1,"gnumus:overripe_carrot":6,"minecraft:glass_bottle":14,"iammusicplayer:cassette_tape_glass":2,"born_in_chaos_v1:cultivated_pumpkin":5,"minecraft:glow_berries":6,"duneons:claymoreblade":1,"minecraft:lantern":1,"minecraft:leather":8,"minecraft:jungle_planks":9,"minecraft:saddle":2,"born_in_chaos_v1:pieceofdarkmetal":2,"minecraft:rail":16,"minecraft:item_frame":3,"minecraft:music_disc_13":2,"minecraft:flint":2,"minecraft:dirt":19,"duneons:windhole":1,"minecraft:mutton":3,"minecraft:snowball":8,"minecraft:gold_nugget":4,"gravestone:obituary":45,"duneons:goldwindhole":2,"biomesoplenty:palm_sapling":5,"minecraft:bone_block":1,"minecraft:bone_meal":5,"biomesoplenty:wilted_lily":1,"minecraft:sugar":3,"minecraft:white_wool":3,"duneons:ravager_gatewood":1,"minecraft:bone":3,"minecraft:cobbled_deepslate":64,"minecraft:wheat":47,"minecraft:rotten_flesh":42,"artifacts:villager_hat":2,"born_in_chaos_v1:smoked_flesh":14,"minecraft:oak_planks":20,"iammusicplayer:boombox":3,"minecraft:carrot":6,"minecraft:eye_armor_trim_smithing_template":2,"beachparty:rubber_ring_axolotl":3,"minecraft:poppy":1,"minecraft:gunpowder":2,"duneons:scattermines":1,"born_in_chaos_v1:corpse_maggot":8,"minecraft:chest":3,"born_in_chaos_v1:diamond_termite_shard":1,"farmersdelight:rope":5,"minecraft:arrow":1,"minecraft:beef":13,"iammusicplayer:cassette_tape":2,"farmersdelight:tomato_seeds":3,"minecraft:enchanted_book":2,"minecraft:golden_boots":1,"minecraft:iron_ingot":5,"minecraft:bread":5,"minecraft:wheat_seeds":4,"minecraft:cherry_log":1,"minecraft:iron_helmet":1,"minecraft:feather":2,"minecraft:cobblestone":15,"minecraft:lead":2,"minecraft:book":10,"brewery:corn_seeds":1,"minecraft:coal":9,"minecraft:stick":20,"minecraft:cobweb":2,"minecraft:diamond_horse_armor":1,"minecraft:sculk":4,"minecraft:torch":1,"minecraft:sculk_catalyst":3,"minecraft:rabbit":12,"minecraft:map":2,"minecraft:potion":5,"born_in_chaos_v1:staffof_magic_arrows":2,"artifacts:rooted_boots":1,"minecraft:paper":4,"minecraft:string":2,"farmersdelight:rich_soil":1,"minecraft:redstone":1,"alexsmobs:maggot":2,"minecraft:sweet_berries":2,"minecraft:soul_torch":5,"minecraft:player_head":2,"minecraft:nether_wart":2,"alexsmobs:tarantula_hawk_wing_fragment":1,"duneons:keygold":1,"minecraft:tuff":31,"minecraft:raw_iron":3,"farmersdelight:cabbage_seeds":1,"minecraft:chicken":9,"duneons:outpostbricks":13,"duneons:goldchain":11,"minecraft:iron_boots":1,"alexsmobs:ancient_dart":1,"sophisticatedbackpacks:backpack":1,"minecraft:spruce_fence":1,"minecraft:pumpkin_seeds":3,"minecraft:filled_map":1,"duneons:highlandberries":15,"duneons:spideregg":5,"gnumus:gnumus_clay":17,"minecraft:iron_chestplate":1,"gnumus:gnumus_chickpeas":10,"beachparty:raw_mussel_meat":16,"farmersdelight:minced_beef":6,"born_in_chaos_v1:charmof_resistance":4,"minecraft:spider_eye":1,"minecraft:barrel":1,"minecraft:bow":1,"minecraft:wooden_pickaxe":3,"minecraft:magma_block":12},"minecraft:crafted":{"minecraft:oak_planks":44,"iammusicplayer:cassette_tape_glass":1,"minecraft:crafting_table":3,"iammusicplayer:cassette_tape":1,"minecraft:wooden_pickaxe":1,"duneons:stonetablemaping":2,"minecraft:stick":16,"minecraft:iron_pickaxe":2,"biomesoplenty:mahogany_planks":12,"minecraft:iron_hoe":1,"minecraft:stone_pickaxe":1,"minecraft:dark_oak_planks":28,"minecraft:wheat":315,"minecraft:bread":105,"minecraft:jungle_planks":12},"minecraft:used":{"duneons:sanctumstonepatternedgilded":1,"minecraft:nether_brick_fence":2,"duneons:ravagergatewood_3":1,"minecraft:iron_chestplate":1,"minecraft:jungle_planks":3,"minecraft:carrot":17,"minecraft:snowball":8,"born_in_chaos_v1:smoked_flesh":17,"beachparty:rubber_ring_axolotl":3,"minecraft:iron_helmet":1,"duneons:stonetablemaping":2,"minecraft:cooked_cod":2,"minecraft:gold_block":15,"minecraft:stone_pickaxe":132,"minecraft:oak_planks":14,"minecraft:wooden_pickaxe":5,"minecraft:white_wool":10,"minecraft:golden_apple":2,"minecraft:glow_berries":43,"born_in_chaos_v1:holiday_candy":9,"waystones:waystone":1,"minecraft:bread":121,"minecraft:cyan_bed":2,"born_in_chaos_v1:staffof_magic_arrows":19,"minecraft:oak_pressure_plate":2,"minecraft:experience_bottle":12,"biomesoplenty:mahogany_planks":2,"minecraft:iron_bars":5,"minecraft:redstone":1,"minecraft:netherrack":31,"minecraft:orange_bed":1,"minecraft:oak_door":2,"minecraft:dirt":149,"duneons:goatgear_chestplate":1,"duneons:mountaineeraxeiron":13,"farmersdelight:rope":2,"farmersdelight:beef_patty":5,"minecraft:iron_hoe":131,"minecraft:iron_axe":96,"minecraft:iron_boots":1,"duneons:goatgear_helmet":1,"minecraft:golden_carrot":8,"minecraft:trapped_chest":1,"minecraft:cobbled_deepslate":37,"minecraft:iron_leggings":1,"minecraft:cooked_mutton":3,"farmersdelight:skillet":20,"biomesoplenty:mahogany_log":4,"duneons:claymoreblade":5,"minecraft:crafting_table":4,"bakery:strawberry":2,"minecraft:cod":2,"gnumus:gnumus_cheese":1,"farmersdelight:minced_beef":1,"minecraft:apple":5,"minecraft:iron_pickaxe":223,"minecraft:cobblestone":6,"minecraft:potion":2,"duneons:eminencefungussprout":1,"minecraft:cooked_porkchop":6,"duneons:rapierred":155,"born_in_chaos_v1:wood_splitter_axe":162,"beachparty:raw_mussel_meat":16,"duneons:featherblue":1,"minecraft:soul_torch":1},"minecraft:picked_up":{"minecraft:wheat":1,"minecraft:black_carpet":2,"minecraft:nether_brick_fence":2,"gnumus:gnumus_claw":14,"minecraft:lead":4,"minecraft:potion":5,"minecraft:enchanted_book":3,"minecraft:brewing_stand":1,"minecraft:string":4,"duneons:coin":2,"minecraft:iron_leggings":1,"minecraft:experience_bottle":1,"alexsmobs:dropbear_claw":2,"minecraft:diamond_leggings":2,"minecraft:gold_nugget":4,"minecraft:cobbled_deepslate":137,"gnumus:packaged_goods":3,"minecraft:iron_pickaxe":1,"minecraft:enchanted_golden_apple":3,"duneons:smallbow":1,"farmersdelight:cabbage_seeds":2,"minecraft:stick":14,"born_in_chaos_v1:shattered_skull":1,"minecraft:torch":1,"duneons:stonetablemaping":1,"minecraft:porkchop":3,"minecraft:cherry_log":1,"minecraft:orange_bed":2,"minecraft:cactus":8,"minecraft:rotten_flesh":37,"artifacts:villager_hat":5,"biomesoplenty:palm_log":9,"duneons:mossstoneblock":12,"gnumus:gnumus_chickpeas":10,"farmersdelight:rope":1,"minecraft:cod":4,"minecraft:iron_bars":9,"iammusicplayer:boombox":3,"minecraft:cobblestone":24,"born_in_chaos_v1:staffof_magic_arrows":3,"minecraft:magma_block":12,"gnumus:gnumus_doubloons":7,"minecraft:feather":2,"farmersdelight:rice":4,"born_in_chaos_v1:spiritual_dust":2,"minecraft:jungle_log":3,"gnumus:overripe_carrot":6,"minecraft:flint":2,"minecraft:tuff":31,"iammusicplayer:cassette_tape_glass":1,"minecraft:lapis_lazuli":7,"minecraft:dirt":104,"minecraft:lantern":1,"gnumus:gnumus_pouch_2":8,"minecraft:name_tag":1,"minecraft:bone":35,"minecraft:bow":2,"minecraft:wheat_seeds":5,"duneons:claymoreblade":2,"biomesoplenty:palm_sapling":5,"minecraft:rabbit":12,"minecraft:bamboo":1,"minecraft:oak_planks":9,"minecraft:cooked_porkchop":6,"minecraft:music_disc_13":2,"minecraft:oak_pressure_plate":2,"minecraft:cyan_bed":2,"minecraft:trapped_chest":1,"minecraft:dark_oak_log":7,"minecraft:barrel":1,"alexsmobs:kangaroo_hide":1,"born_in_chaos_v1:fire_dust":9,"gnumus:vintage_parts":1,"gnumus:gnumus_clay":27,"waystones:waystone":2,"alexsmobs:tarantula_hawk_wing_fragment":1,"minecraft:emerald":3,"minecraft:bread":9,"alexsmobs:maggot":2,"minecraft:oak_sapling":1,"born_in_chaos_v1:rotten_fish":2,"minecraft:netherrack":31,"minecraft:crafting_table":1,"born_in_chaos_v1:diamond_termite_shard":1,"minecraft:chicken":15,"born_in_chaos_v1:charmof_resistance":5,"minecraft:wooden_pickaxe":2,"minecraft:gold_block":16,"minecraft:diamond_horse_armor":1,"gravestone:obituary":14,"duneons:sabrewing_bow":1,"duneons:windhole":1,"minecraft:iron_axe":1,"minecraft:item_frame":3,"born_in_chaos_v1:intoxicating_decoction":3,"minecraft:compass":2,"beachparty:seashell":16,"duneons:rapierred":1,"farmersdelight:beef_patty":5,"minecraft:beef":13,"minecraft:echo_shard":5,"minecraft:player_head":2,"minecraft:poppy":1,"minecraft:chest":8,"minecraft:raw_iron":47,"minecraft:oak_door":2,"farmersdelight:minced_beef":6,"minecraft:spruce_fence":1,"sophisticatedbackpacks:backpack":3,"minecraft:polished_blackstone_bricks":1,"biomesoplenty:wilted_lily":1,"iammusicplayer:cassette_tape":1,"born_in_chaos_v1:pieceofdarkmetal":14,"minecraft:carrot":4,"minecraft:redstone":2,"minecraft:arrow":4,"minecraft:cooked_cod":2,"born_in_chaos_v1:wood_splitter_axe":1,"minecraft:hay_block":74,"minecraft:saddle":6,"gnumus:mouse_skin":8,"minecraft:glow_berries":27,"minecraft:mutton":6,"minecraft:bone_block":1,"minecraft:rail":4,"alexsmobs:kangaroo_meat":1,"minecraft:white_wool":1,"duneons:goldwindhole":2,"minecraft:stripped_oak_log":4,"born_in_chaos_v1:corpse_maggot":8,"farmersdelight:rich_soil":1,"minecraft:golden_carrot":8,"minecraft:leather":21,"beachparty:raw_mussel_meat":32,"gnumus:gnumus_pouch":3,"minecraft:oak_log":8,"duneons:eminencefungussprout":1,"farmersdelight:skillet":1,"minecraft:paper":4,"minecraft:cooked_mutton":3,"duneons:torchflower":3,"minecraft:apple":2,"minecraft:gray_carpet":10,"gnumus:gnumus_horn":2,"duneons:spidereggtreetop":1,"minecraft:rabbit_hide":4,"born_in_chaos_v1:smoked_flesh":5,"minecraft:iron_ingot":15,"duneons:tempestknifeblue":1,"duneons:mountaineeraxeiron":1,"minecraft:glass_bottle":7,"minecraft:book":9,"minecraft:sculk_catalyst":3,"bakery:strawberry":2,"minecraft:sweet_berries":2,"minecraft:sculk":4,"born_in_chaos_v1:ethereal_spirit":5,"minecraft:quartz":4,"minecraft:amethyst_shard":15,"gnumus:gnumus_cheese":1,"minecraft:soul_torch":6,"minecraft:spider_eye":1,"artifacts:helium_flamingo":7,"biomesoplenty:mahogany_log":22,"minecraft:sculk_sensor":5,"duneons:featherblue":1,"duneons:warpedshelffungusstanding":1,"duneons:spideregg":10,"minecraft:coal":104},"minecraft:broken":{"minecraft:stone_pickaxe":1,"born_in_chaos_v1:wood_splitter_axe":1,"duneons:mountaineeraxeiron":1},"minecraft:mined":{"farmersdelight:rich_soil":1,"minecraft:sculk_vein":9,"minecraft:cobblestone_stairs":1,"duneons:highlandgoldwood":1,"minecraft:brewing_stand":1,"minecraft:granite":1,"minecraft:grass_block":4,"biomesoplenty:stripped_mahogany_log":2,"minecraft:cracked_polished_blackstone_bricks":2,"minecraft:oak_pressure_plate":2,"minecraft:deepslate_bricks":2,"biomesoplenty:wilted_lily":1,"beachparty:seashell_block":16,"minecraft:polished_blackstone_bricks":4,"minecraft:tall_seagrass":2,"duneons:eminencefungussprout":1,"minecraft:iron_ore":47,"minecraft:fire":2,"minecraft:black_carpet":2,"biomesoplenty:hanging_cobweb":1,"minecraft:sculk_shrieker":15,"biomesoplenty:webbing":1,"minecraft:iron_bars":6,"minecraft:player_head":1,"minecraft:orange_bed":2,"duneons:mossstoneblock":13,"minecraft:blackstone":1,"minecraft:soul_fire":4,"minecraft:chest":7,"minecraft:nether_quartz_ore":4,"minecraft:cobblestone":12,"minecraft:cyan_bed":2,"minecraft:seagrass":1,"minecraft:warped_nylium":6,"duneons:spidereggtreetop":1,"minecraft:wheat":1,"minecraft:grass":28,"minecraft:dirt":76,"minecraft:netherrack":25,"minecraft:oak_leaves":16,"minecraft:deepslate":68,"minecraft:tuff":23,"minecraft:mossy_cobblestone":10,"biomesoplenty:desert_grass":3,"duneons:spideregg":5,"biomesoplenty:bush":1,"gravestone:gravestone":26,"minecraft:spruce_fence":1,"duneons:highlandtallgrass":7,"minecraft:redstone_wire":2,"minecraft:spruce_leaves":1,"minecraft:large_fern":4,"minecraft:hay_block":73,"biomesoplenty:toadstool":1,"minecraft:andesite":1,"treechop:chopped_log":4,"duneons:torchflower":3,"minecraft:gold_block":16,"minecraft:nether_brick_fence":2,"duneons:swamplog":3,"farmersdelight:rope":1,"minecraft:stripped_oak_log":4,"gnumus:fragile_gnumus_jug":1,"minecraft:stone":12,"biomesoplenty:spider_egg":1,"duneons:goldwindhole":2,"minecraft:soul_sand":1,"bakery:wild_strawberries":2,"biomesoplenty:mahogany_planks":2,"duneons:doubleplanthighlandfern":1,"minecraft:sculk_sensor":76,"minecraft:tall_grass":14,"minecraft:cracked_deepslate_bricks":1,"minecraft:sculk":75,"farmersdelight:skillet":1,"biomesoplenty:mahogany_log":2,"duneons:stonetablemaping":1,"duneons:windhole":1,"duneons:highlandfern":1,"minecraft:coal_ore":62,"minecraft:gray_carpet":12,"biomesoplenty:stringy_cobweb":2,"duneons:creeperwoodsmusroom":1,"minecraft:fern":7},"minecraft:killed":{"born_in_chaos_v1:restless_spirit":1,"born_in_chaos_v1:zombie_lumberjack":4,"born_in_chaos_v1:skeleton_demoman":1,"minecraft:spider":5,"duneons:wraith":1,"minecraft:skeleton":4,"gnumus:pitcher_mousse":3,"born_in_chaos_v1:skeleton_thrasher":1,"minecraft:camel":1,"born_in_chaos_v1:firelight_not_despawn":1,"born_in_chaos_v1:bonescaller":1,"minecraft:zombie_villager":1,"born_in_chaos_v1:diamond_termite":1,"minecraft:creeper":3,"gnumus:marsupial_mousse":1,"duneons:mountaineer":7,"minecraft:zombie":12,"born_in_chaos_v1:corpse_fly":1,"alexsmobs:roadrunner":1,"alexsmobs:fly":2,"minecraft:cow":7,"duneons:windcaller":1,"alexsmobs:dropbear":1,"born_in_chaos_v1:missioner":1,"alexsmobs:tarantula_hawk":2,"born_in_chaos_v1:zombie_clown_not_despawn":1,"born_in_chaos_v1:zombie_bruiser":2,"born_in_chaos_v1:firelight":1,"born_in_chaos_v1:maggot":10,"alexsmobs:gorilla":1,"minecraft:horse":3,"minecraft:panda":1,"duneons:squallgolem":2,"duneons:pigchest":1,"gnumus:gnumus_hunter":3,"born_in_chaos_v1:corpse_fish":2,"minecraft:warden":1,"gnumus:gnumus_hunter_not_dispawn":7,"born_in_chaos_v1:spiritof_chaos":2,"minecraft:husk":1,"born_in_chaos_v1:decrepit_skeleton":7,"born_in_chaos_v1:bloody_gadfly":1,"born_in_chaos_v1:decaying_zombie":2,"minecraft:villager":1},"minecraft:killed_by":{"minecraft:piglin_brute":1,"born_in_chaos_v1:nightmare_stalker":2,"minecraft:creeper":2,"minecraft:piglin":1,"minecraft:zombie":1,"alexsmobs:grizzly_bear":2,"born_in_chaos_v1:lifestealer_true_form":1,"minecraft:player":3,"born_in_chaos_v1:zombie_lumberjack":3,"born_in_chaos_v1:dark_vortex":1,"minecraft:warden":3,"minecraft:skeleton":4,"born_in_chaos_v1:missioner":3,"duneons:mountaineer":1}},"DataVersion":3465}