{"stats":{"minecraft:killed":{"minecraft:skeleton":1,"hunters_return:hunter":2},"minecraft:picked_up":{"minecraft:dark_oak_sapling":3,"minecraft:cooked_beef":4,"minecraft:chicken":2,"minecraft:cooked_porkchop":2,"minecraft:oak_log":1,"minecraft:dark_oak_log":12,"minecraft:spider_eye":2,"minecraft:bone":2,"minecraft:arrow":8,"delightful:acorn":2,"crittersandcompanions:silk":3,"minecraft:rose_bush":2,"minecraft:iron_nugget":1,"minecraft:emerald":1,"minecraft:oak_planks":19},"minecraft:mined":{"treechop:chopped_log":1,"minecraft:grass":3,"minecraft:rose_bush":1,"crittersandcompanions:silk_cocoon":1,"minecraft:oak_planks":1,"minecraft:oak_leaves":1},"minecraft:dropped":{"minecraft:rose_bush":1},"minecraft:used":{"minecraft:oak_planks":1,"minecraft:iron_sword":17,"minecraft:crafting_table":1,"minecraft:cooked_beef":2},"minecraft:crafted":{"minecraft:oak_planks":4,"minecraft:crafting_table":1,"minecraft:stick":8,"minecraft:iron_sword":1,"minecraft:dark_oak_planks":48},"minecraft:custom":{"minecraft:time_since_rest":11371,"minecraft:interact_with_smithing_table":1,"lootr:looted_stat":4,"minecraft:sprint_one_cm":27408,"minecraft:damage_taken":170,"minecraft:walk_one_cm":24807,"minecraft:mob_kills":3,"minecraft:drop":1,"tombstone:raider_killed":2,"minecraft:damage_dealt":724,"minecraft:interact_with_crafting_table":1,"minecraft:fly_one_cm":44973,"minecraft:crouch_one_cm":954,"minecraft:play_time":11371,"tombstone:undead_killed":1,"minecraft:sneak_time":448,"minecraft:jump":176,"minecraft:walk_on_water_one_cm":1122,"minecraft:time_since_death":11371,"minecraft:climb_one_cm":526,"minecraft:total_world_time":11371,"minecraft:fall_one_cm":4691}},"DataVersion":3465}