{"stats":{"minecraft:killed_by":{"minecraft:creeper":2,"alexsmobs:grizzly_bear":2,"born_in_chaos_v1:lifestealer_true_form":1,"minecraft:player":2,"born_in_chaos_v1:zombie_lumberjack":3,"born_in_chaos_v1:dark_vortex":1,"minecraft:warden":3,"minecraft:skeleton":3,"born_in_chaos_v1:missioner":3,"duneons:mountaineer":1},"minecraft:custom":{"minecraft:interact_with_crafting_table":8,"minecraft:open_barrel":27,"minecraft:eat_cake_slice":1,"minecraft:leave_game":8,"minecraft:time_since_death":22448,"minecraft:damage_resisted":37637,"minecraft:sprint_one_cm":676873,"minecraft:drop":208,"minecraft:talked_to_villager":4,"minecraft:play_time":402873,"minecraft:deaths":23,"minecraft:jump":7088,"minecraft:interact_with_brewingstand":3,"minecraft:walk_on_water_one_cm":16083,"minecraft:interact_with_furnace":4,"minecraft:traded_with_villager":2,"minecraft:sleep_in_bed":5,"minecraft:waystone_activated":2,"minecraft:damage_dealt":29565,"minecraft:player_kills":1,"minecraft:crouch_one_cm":187446,"minecraft:horse_one_cm":122660,"minecraft:interact_with_anvil":1,"minecraft:mob_kills":106,"minecraft:interact_with_campfire":11,"minecraft:damage_dealt_resisted":3298,"minecraft:climb_one_cm":7522,"minecraft:walk_one_cm":1091973,"minecraft:damage_dealt_absorbed":80,"minecraft:sneak_time":46781,"minecraft:walk_under_water_one_cm":62299,"minecraft:total_world_time":402873,"minecraft:tune_noteblock":21,"minecraft:time_since_rest":22480,"minecraft:damage_taken":14761,"minecraft:damage_absorbed":40,"minecraft:trigger_trapped_chest":1,"minecraft:swim_one_cm":446751,"minecraft:fly_one_cm":1202178,"minecraft:open_chest":104,"minecraft:fall_one_cm":290410},"minecraft:picked_up":{"minecraft:wheat":1,"minecraft:black_carpet":2,"gnumus:gnumus_claw":13,"minecraft:lead":4,"minecraft:potion":5,"minecraft:enchanted_book":3,"minecraft:brewing_stand":1,"minecraft:string":2,"minecraft:iron_leggings":1,"minecraft:experience_bottle":1,"minecraft:diamond_leggings":2,"minecraft:gold_nugget":4,"minecraft:cobbled_deepslate":137,"gnumus:packaged_goods":3,"minecraft:iron_pickaxe":1,"minecraft:enchanted_golden_apple":3,"farmersdelight:cabbage_seeds":2,"minecraft:stick":11,"born_in_chaos_v1:shattered_skull":1,"minecraft:torch":1,"duneons:stonetablemaping":1,"minecraft:cherry_log":1,"minecraft:cactus":8,"minecraft:rotten_flesh":35,"artifacts:villager_hat":5,"biomesoplenty:palm_log":9,"duneons:mossstoneblock":12,"gnumus:gnumus_chickpeas":10,"farmersdelight:rope":1,"minecraft:cod":4,"minecraft:iron_bars":9,"iammusicplayer:boombox":3,"minecraft:cobblestone":10,"born_in_chaos_v1:staffof_magic_arrows":2,"gnumus:gnumus_doubloons":7,"farmersdelight:rice":4,"born_in_chaos_v1:spiritual_dust":2,"minecraft:jungle_log":3,"gnumus:overripe_carrot":6,"minecraft:flint":2,"minecraft:tuff":31,"iammusicplayer:cassette_tape_glass":1,"minecraft:lapis_lazuli":7,"minecraft:dirt":84,"minecraft:lantern":1,"gnumus:gnumus_pouch_2":8,"minecraft:name_tag":1,"minecraft:bone":27,"minecraft:bow":2,"minecraft:wheat_seeds":4,"duneons:claymoreblade":2,"biomesoplenty:palm_sapling":5,"minecraft:rabbit":12,"minecraft:bamboo":1,"minecraft:oak_planks":9,"minecraft:cooked_porkchop":6,"minecraft:music_disc_13":2,"minecraft:oak_pressure_plate":2,"minecraft:cyan_bed":2,"minecraft:trapped_chest":1,"minecraft:dark_oak_log":7,"minecraft:barrel":1,"born_in_chaos_v1:fire_dust":1,"gnumus:vintage_parts":1,"gnumus:gnumus_clay":22,"waystones:waystone":2,"alexsmobs:tarantula_hawk_wing_fragment":1,"minecraft:emerald":2,"minecraft:bread":9,"alexsmobs:maggot":1,"born_in_chaos_v1:diamond_termite_shard":1,"minecraft:chicken":15,"born_in_chaos_v1:charmof_resistance":2,"minecraft:wooden_pickaxe":2,"minecraft:diamond_horse_armor":1,"gravestone:obituary":12,"duneons:sabrewing_bow":1,"duneons:windhole":1,"minecraft:iron_axe":1,"born_in_chaos_v1:intoxicating_decoction":3,"minecraft:compass":2,"beachparty:seashell":16,"duneons:rapierred":1,"farmersdelight:beef_patty":5,"minecraft:beef":13,"minecraft:echo_shard":5,"minecraft:player_head":2,"minecraft:chest":6,"minecraft:raw_iron":3,"minecraft:oak_door":1,"farmersdelight:minced_beef":6,"minecraft:spruce_fence":1,"sophisticatedbackpacks:backpack":3,"biomesoplenty:wilted_lily":1,"iammusicplayer:cassette_tape":1,"born_in_chaos_v1:pieceofdarkmetal":13,"minecraft:carrot":4,"minecraft:redstone":2,"minecraft:arrow":4,"minecraft:cooked_cod":2,"born_in_chaos_v1:wood_splitter_axe":1,"minecraft:hay_block":49,"minecraft:saddle":6,"gnumus:mouse_skin":8,"minecraft:glow_berries":27,"minecraft:mutton":6,"minecraft:rail":4,"minecraft:white_wool":1,"duneons:goldwindhole":2,"minecraft:stripped_oak_log":4,"born_in_chaos_v1:corpse_maggot":8,"farmersdelight:rich_soil":1,"minecraft:golden_carrot":8,"minecraft:leather":21,"beachparty:raw_mussel_meat":16,"gnumus:gnumus_pouch":2,"minecraft:oak_log":3,"farmersdelight:skillet":1,"minecraft:paper":4,"minecraft:cooked_mutton":3,"minecraft:gray_carpet":10,"gnumus:gnumus_horn":2,"duneons:spidereggtreetop":1,"minecraft:rabbit_hide":4,"duneons:tempestknifeblue":1,"minecraft:iron_ingot":10,"duneons:mountaineeraxeiron":1,"minecraft:glass_bottle":7,"minecraft:book":9,"minecraft:sculk_catalyst":3,"bakery:strawberry":2,"minecraft:sweet_berries":2,"minecraft:sculk":4,"born_in_chaos_v1:ethereal_spirit":5,"minecraft:amethyst_shard":15,"gnumus:gnumus_cheese":1,"minecraft:soul_torch":6,"minecraft:spider_eye":1,"artifacts:helium_flamingo":3,"biomesoplenty:mahogany_log":22,"minecraft:sculk_sensor":5,"duneons:spideregg":5,"minecraft:coal":37},"minecraft:mined":{"farmersdelight:rich_soil":1,"minecraft:cobblestone_stairs":1,"minecraft:sculk_vein":9,"duneons:highlandgoldwood":1,"minecraft:brewing_stand":1,"minecraft:granite":1,"minecraft:grass_block":4,"biomesoplenty:stripped_mahogany_log":2,"minecraft:oak_pressure_plate":2,"minecraft:deepslate_bricks":2,"biomesoplenty:wilted_lily":1,"beachparty:seashell_block":16,"minecraft:iron_ore":3,"minecraft:fire":1,"minecraft:black_carpet":2,"biomesoplenty:hanging_cobweb":1,"minecraft:sculk_shrieker":15,"minecraft:iron_bars":6,"biomesoplenty:webbing":1,"minecraft:player_head":1,"duneons:mossstoneblock":13,"minecraft:soul_fire":4,"minecraft:chest":6,"minecraft:cobblestone":7,"minecraft:cyan_bed":2,"duneons:spidereggtreetop":1,"minecraft:grass":22,"minecraft:dirt":50,"minecraft:oak_leaves":16,"minecraft:deepslate":68,"minecraft:tuff":23,"minecraft:mossy_cobblestone":10,"biomesoplenty:desert_grass":2,"duneons:spideregg":5,"gravestone:gravestone":19,"minecraft:spruce_fence":1,"duneons:highlandtallgrass":7,"minecraft:redstone_wire":2,"minecraft:spruce_leaves":1,"minecraft:large_fern":4,"minecraft:hay_block":48,"biomesoplenty:toadstool":1,"minecraft:andesite":1,"treechop:chopped_log":3,"duneons:swamplog":3,"farmersdelight:rope":1,"minecraft:stripped_oak_log":4,"gnumus:fragile_gnumus_jug":1,"biomesoplenty:spider_egg":1,"minecraft:stone":6,"duneons:goldwindhole":2,"minecraft:soul_sand":1,"bakery:wild_strawberries":2,"duneons:doubleplanthighlandfern":1,"biomesoplenty:mahogany_planks":2,"minecraft:sculk_sensor":76,"minecraft:tall_grass":6,"minecraft:cracked_deepslate_bricks":1,"minecraft:sculk":75,"farmersdelight:skillet":1,"biomesoplenty:mahogany_log":2,"duneons:stonetablemaping":1,"duneons:windhole":1,"duneons:highlandfern":1,"minecraft:coal_ore":15,"minecraft:gray_carpet":12,"biomesoplenty:stringy_cobweb":2,"duneons:creeperwoodsmusroom":1,"minecraft:fern":7},"minecraft:crafted":{"minecraft:oak_planks":24,"iammusicplayer:cassette_tape_glass":1,"minecraft:crafting_table":2,"iammusicplayer:cassette_tape":1,"minecraft:wooden_pickaxe":1,"duneons:stonetablemaping":2,"minecraft:stick":12,"biomesoplenty:mahogany_planks":12,"minecraft:iron_hoe":1,"minecraft:stone_pickaxe":1,"minecraft:dark_oak_planks":28,"minecraft:wheat":315,"minecraft:bread":105,"minecraft:jungle_planks":12},"minecraft:broken":{"minecraft:stone_pickaxe":1,"born_in_chaos_v1:wood_splitter_axe":1},"minecraft:used":{"duneons:ravagergatewood_3":1,"minecraft:iron_chestplate":1,"minecraft:jungle_planks":3,"minecraft:carrot":1,"minecraft:snowball":8,"born_in_chaos_v1:smoked_flesh":17,"beachparty:rubber_ring_axolotl":3,"minecraft:iron_helmet":1,"duneons:stonetablemaping":2,"minecraft:cooked_cod":2,"minecraft:stone_pickaxe":132,"minecraft:wooden_pickaxe":5,"minecraft:golden_apple":1,"minecraft:glow_berries":3,"born_in_chaos_v1:holiday_candy":9,"waystones:waystone":1,"minecraft:bread":109,"minecraft:cyan_bed":2,"born_in_chaos_v1:staffof_magic_arrows":1,"minecraft:oak_pressure_plate":2,"minecraft:experience_bottle":12,"biomesoplenty:mahogany_planks":2,"minecraft:iron_bars":5,"minecraft:redstone":1,"minecraft:oak_door":1,"minecraft:dirt":92,"duneons:goatgear_chestplate":1,"duneons:mountaineeraxeiron":12,"farmersdelight:rope":2,"farmersdelight:beef_patty":5,"minecraft:iron_hoe":131,"minecraft:iron_axe":96,"minecraft:iron_boots":1,"duneons:goatgear_helmet":1,"minecraft:golden_carrot":8,"minecraft:trapped_chest":1,"minecraft:cobbled_deepslate":37,"minecraft:iron_leggings":1,"minecraft:cooked_mutton":3,"farmersdelight:skillet":20,"biomesoplenty:mahogany_log":4,"duneons:claymoreblade":5,"minecraft:crafting_table":2,"bakery:strawberry":2,"minecraft:cod":2,"gnumus:gnumus_cheese":1,"farmersdelight:minced_beef":1,"minecraft:apple":3,"minecraft:iron_pickaxe":38,"minecraft:cobblestone":2,"minecraft:potion":2,"minecraft:cooked_porkchop":6,"duneons:rapierred":155,"born_in_chaos_v1:wood_splitter_axe":162,"minecraft:soul_torch":1},"minecraft:dropped":{"minecraft:lapis_lazuli":7,"minecraft:warped_fungus":3,"minecraft:oak_log":1,"gnumus:overripe_carrot":6,"minecraft:glass_bottle":14,"iammusicplayer:cassette_tape_glass":2,"born_in_chaos_v1:cultivated_pumpkin":5,"minecraft:glow_berries":6,"duneons:claymoreblade":1,"minecraft:lantern":1,"minecraft:leather":5,"minecraft:jungle_planks":9,"minecraft:saddle":2,"born_in_chaos_v1:pieceofdarkmetal":2,"minecraft:rail":16,"minecraft:music_disc_13":2,"minecraft:flint":2,"minecraft:dirt":19,"duneons:windhole":1,"minecraft:mutton":3,"minecraft:snowball":8,"gravestone:obituary":33,"duneons:goldwindhole":2,"minecraft:gold_nugget":4,"biomesoplenty:palm_sapling":5,"minecraft:bone_meal":5,"biomesoplenty:wilted_lily":1,"minecraft:sugar":3,"minecraft:white_wool":3,"duneons:ravager_gatewood":1,"minecraft:bone":3,"minecraft:cobbled_deepslate":64,"minecraft:wheat":47,"minecraft:rotten_flesh":40,"artifacts:villager_hat":2,"born_in_chaos_v1:smoked_flesh":4,"minecraft:oak_planks":20,"iammusicplayer:boombox":3,"minecraft:carrot":6,"minecraft:eye_armor_trim_smithing_template":2,"beachparty:rubber_ring_axolotl":3,"minecraft:gunpowder":2,"duneons:scattermines":1,"born_in_chaos_v1:corpse_maggot":7,"minecraft:chest":1,"born_in_chaos_v1:diamond_termite_shard":1,"farmersdelight:rope":5,"minecraft:arrow":1,"minecraft:beef":13,"iammusicplayer:cassette_tape":2,"farmersdelight:tomato_seeds":3,"minecraft:enchanted_book":2,"minecraft:golden_boots":1,"minecraft:bread":5,"minecraft:wheat_seeds":3,"minecraft:cherry_log":1,"minecraft:iron_helmet":1,"minecraft:cobblestone":5,"minecraft:lead":2,"minecraft:book":10,"brewery:corn_seeds":1,"minecraft:stick":17,"minecraft:cobweb":2,"minecraft:diamond_horse_armor":1,"minecraft:sculk":4,"minecraft:torch":1,"minecraft:sculk_catalyst":3,"minecraft:rabbit":12,"minecraft:map":2,"minecraft:potion":4,"born_in_chaos_v1:staffof_magic_arrows":1,"minecraft:paper":4,"minecraft:string":2,"farmersdelight:rich_soil":1,"minecraft:redstone":1,"minecraft:sweet_berries":2,"minecraft:soul_torch":5,"minecraft:player_head":2,"minecraft:nether_wart":2,"alexsmobs:tarantula_hawk_wing_fragment":1,"duneons:keygold":1,"minecraft:tuff":31,"minecraft:raw_iron":3,"farmersdelight:cabbage_seeds":1,"minecraft:chicken":9,"duneons:outpostbricks":13,"duneons:goldchain":11,"minecraft:iron_boots":1,"alexsmobs:ancient_dart":1,"sophisticatedbackpacks:backpack":1,"minecraft:spruce_fence":1,"minecraft:pumpkin_seeds":3,"minecraft:filled_map":1,"duneons:highlandberries":15,"gnumus:gnumus_clay":17,"minecraft:iron_chestplate":1,"gnumus:gnumus_chickpeas":10,"farmersdelight:minced_beef":6,"minecraft:spider_eye":1,"minecraft:barrel":1,"minecraft:bow":1,"minecraft:wooden_pickaxe":3},"minecraft:killed":{"born_in_chaos_v1:restless_spirit":1,"born_in_chaos_v1:zombie_lumberjack":3,"born_in_chaos_v1:skeleton_demoman":1,"minecraft:spider":4,"duneons:wraith":1,"minecraft:skeleton":4,"gnumus:pitcher_mousse":3,"born_in_chaos_v1:skeleton_thrasher":1,"born_in_chaos_v1:firelight_not_despawn":1,"born_in_chaos_v1:bonescaller":1,"minecraft:zombie_villager":1,"born_in_chaos_v1:diamond_termite":1,"minecraft:creeper":3,"gnumus:marsupial_mousse":1,"duneons:mountaineer":7,"minecraft:zombie":12,"born_in_chaos_v1:corpse_fly":1,"alexsmobs:fly":2,"minecraft:cow":7,"duneons:windcaller":1,"born_in_chaos_v1:missioner":1,"alexsmobs:tarantula_hawk":2,"born_in_chaos_v1:zombie_clown_not_despawn":1,"born_in_chaos_v1:zombie_bruiser":2,"born_in_chaos_v1:maggot":10,"alexsmobs:gorilla":1,"minecraft:horse":3,"minecraft:panda":1,"duneons:squallgolem":2,"gnumus:gnumus_hunter":2,"born_in_chaos_v1:corpse_fish":2,"minecraft:warden":1,"gnumus:gnumus_hunter_not_dispawn":7,"born_in_chaos_v1:spiritof_chaos":2,"minecraft:husk":1,"born_in_chaos_v1:decrepit_skeleton":7,"born_in_chaos_v1:bloody_gadfly":1,"born_in_chaos_v1:decaying_zombie":2,"minecraft:villager":1}},"DataVersion":3465}