{"stats":{"minecraft:killed":{"illagerinvasion:archivist":1,"minecraft:skeleton":1,"minecraft:evoker":1,"illagerinvasion:provoker":2,"hunters_return:hunter":2,"minecraft:vindicator":3,"illagerinvasion:basher":1},"minecraft:killed_by":{"illagerinvasion:provoker":1},"minecraft:picked_up":{"minecraft:dark_oak_sapling":3,"minecraft:cooked_beef":4,"minecraft:chicken":2,"minecraft:cooked_porkchop":2,"minecraft:enchanted_book":1,"minecraft:oak_log":1,"tombstone:grave_dust":1,"minecraft:dark_oak_log":12,"minecraft:spider_eye":2,"minecraft:paper":2,"minecraft:bone":2,"minecraft:arrow":9,"minecraft:rotten_flesh":12,"delightful:acorn":2,"crittersandcompanions:silk":3,"minecraft:rose_bush":2,"minecraft:totem_of_undying":1,"minecraft:iron_nugget":8,"minecraft:emerald":4,"minecraft:oak_planks":19},"minecraft:mined":{"minecraft:glass_pane":2,"treechop:chopped_log":1,"minecraft:grass":3,"minecraft:rose_bush":1,"crittersandcompanions:silk_cocoon":1,"minecraft:oak_planks":1,"minecraft:oak_leaves":2},"minecraft:dropped":{"minecraft:rose_bush":1,"minecraft:rotten_flesh":12},"minecraft:crafted":{"minecraft:oak_planks":4,"minecraft:crafting_table":1,"minecraft:stick":8,"minecraft:iron_sword":1,"minecraft:dark_oak_planks":48},"minecraft:used":{"minecraft:dark_oak_planks":7,"minecraft:oak_planks":10,"minecraft:iron_sword":54,"minecraft:crafting_table":1,"tombstone:gift":4,"minecraft:cooked_beef":7},"minecraft:custom":{"minecraft:time_since_rest":927,"minecraft:interact_with_smithing_table":1,"lootr:looted_stat":6,"minecraft:sprint_one_cm":67526,"minecraft:damage_taken":1130,"minecraft:walk_one_cm":49045,"minecraft:mob_kills":11,"minecraft:drop":2,"tombstone:raider_killed":10,"minecraft:damage_dealt":2594,"minecraft:interact_with_crafting_table":1,"minecraft:fly_one_cm":105759,"minecraft:crouch_one_cm":1582,"minecraft:play_time":23371,"minecraft:deaths":2,"tombstone:undead_killed":1,"minecraft:sneak_time":806,"minecraft:jump":419,"minecraft:walk_on_water_one_cm":1122,"minecraft:time_since_death":1685,"minecraft:climb_one_cm":532,"minecraft:total_world_time":23371,"minecraft:fall_one_cm":10190}},"DataVersion":3465}