{"stats":{"minecraft:picked_up":{"minecraft:birch_log":3,"minecraft:clay_ball":8,"minecraft:pumpkin":3,"minecraft:melon_slice":17,"minecraft:dirt":30},"minecraft:killed_by":{"minecraft:player":1},"minecraft:mined":{"minecraft:chest":1,"minecraft:birch_planks":3,"minecraft:grass_block":35,"minecraft:melon":4,"minecraft:birch_log":5,"minecraft:pumpkin":4,"minecraft:clay":2,"minecraft:podzol":4},"minecraft:used":{"minecraft:dirt":11,"minecraft:birch_planks":4,"minecraft:egg":2},"minecraft:custom":{"minecraft:time_since_rest":1218,"minecraft:open_chest":12,"minecraft:crouch_one_cm":4194,"minecraft:play_time":6118,"minecraft:sprint_one_cm":9656,"minecraft:walk_one_cm":42541,"minecraft:damage_taken":472,"minecraft:deaths":2,"minecraft:sneak_time":808,"minecraft:walk_under_water_one_cm":2533,"minecraft:jump":39,"minecraft:damage_dealt":34,"minecraft:time_since_death":1200,"minecraft:walk_on_water_one_cm":745,"minecraft:total_world_time":6118,"minecraft:player_kills":1,"minecraft:swim_one_cm":5962,"minecraft:interact_with_crafting_table":1,"minecraft:fall_one_cm":685,"minecraft:fly_one_cm":6473},"minecraft:crafted":{"minecraft:birch_planks":8}},"DataVersion":3120}