{"stats":{"minecraft:mined":{"minecraft:glass_pane":2,"supplementaries:book_pile":2,"minecraft:rose_bush":1,"minecraft:oak_planks":1,"minecraft:fire":3,"treechop:chopped_log":1,"minecraft:grass":4,"crittersandcompanions:silk_cocoon":2,"minecraft:cobweb":5,"minecraft:oak_leaves":7,"minecraft:fern":1},"minecraft:picked_up":{"minecraft:cooked_beef":4,"minecraft:chicken":2,"minecraft:wooden_pickaxe":1,"minecraft:enchanted_book":6,"more_bows_and_arrows:iron_bow":1,"minecraft:oak_log":1,"minecraft:string":5,"minecraft:paper":2,"minecraft:iron_axe":3,"minecraft:bone":2,"quark:music_disc_crickets":1,"minecraft:wheat_seeds":2,"delightful:acorn":2,"minecraft:rabbit_hide":1,"minecraft:iron_ingot":31,"minecraft:cobweb":3,"minecraft:rose_bush":2,"minecraft:iron_nugget":8,"minecraft:iron_pickaxe":2,"minecraft:oak_planks":19,"minecraft:iron_sword":2,"minecraft:dark_oak_sapling":3,"minecraft:cooked_porkchop":2,"tombstone:grave_dust":3,"minecraft:dark_oak_log":12,"minecraft:spider_eye":6,"alexsmobs:animal_dictionary":1,"quark:ancient_tome":2,"minecraft:arrow":9,"minecraft:rotten_flesh":12,"crittersandcompanions:silk":12,"minecraft:golden_horse_armor":1,"minecraft:totem_of_undying":1,"minecraft:emerald":4},"minecraft:killed":{"illagerinvasion:archivist":1,"minecraft:evoker":1,"hunters_return:hunter":2,"minecraft:vindicator":3,"minecraft:spider":2,"illagerinvasion:basher":1,"minecraft:skeleton":1,"illagerinvasion:provoker":2},"minecraft:killed_by":{"illagerinvasion:provoker":1},"minecraft:used":{"quark:ancient_tome":2,"minecraft:oak_planks":10,"minecraft:iron_sword":65,"minecraft:crafting_table":1,"minecraft:dark_oak_planks":8,"minecraft:bread":2,"minecraft:cooked_porkchop":2,"tombstone:gift":4,"alexsmobs:animal_dictionary":1,"minecraft:cooked_beef":9},"minecraft:crafted":{"minecraft:oak_planks":4,"minecraft:crafting_table":1,"minecraft:iron_sword":1,"minecraft:stick":8,"minecraft:dark_oak_planks":48},"minecraft:dropped":{"minecraft:enchanted_book":1,"minecraft:iron_ingot":49,"minecraft:iron_sword":1,"minecraft:wheat_seeds":2,"minecraft:iron_nugget":8,"alexsmobs:animal_dictionary":1,"minecraft:rotten_flesh":26,"minecraft:oak_planks":45,"minecraft:leather":3,"quark:music_disc_crickets":1,"crittersandcompanions:silk":6,"minecraft:cobweb":3,"minecraft:rose_bush":1,"tombstone:grave_dust":2,"minecraft:gold_nugget":4,"minecraft:spider_eye":3,"minecraft:iron_axe":2,"minecraft:arrow":23,"minecraft:iron_pickaxe":1,"minecraft:paper":2,"minecraft:string":5,"minecraft:dark_oak_planks":40},"minecraft:custom":{"minecraft:interact_with_smithing_table":1,"lootr:looted_stat":6,"minecraft:mob_kills":13,"tombstone:raider_killed":10,"minecraft:interact_with_crafting_table":1,"minecraft:leave_game":1,"minecraft:time_since_death":15125,"minecraft:sleep_in_bed":1,"minecraft:climb_one_cm":2520,"minecraft:time_since_rest":7442,"minecraft:sprint_one_cm":134315,"minecraft:damage_taken":1365,"minecraft:walk_one_cm":113313,"minecraft:drop":25,"minecraft:damage_dealt":2890,"minecraft:swim_one_cm":1374,"minecraft:fly_one_cm":208334,"minecraft:open_chest":5,"minecraft:crouch_one_cm":1828,"minecraft:play_time":36811,"tombstone:undead_killed":1,"minecraft:deaths":2,"minecraft:sneak_time":1168,"minecraft:walk_under_water_one_cm":723,"minecraft:jump":801,"minecraft:walk_on_water_one_cm":2269,"minecraft:total_world_time":36811,"minecraft:fall_one_cm":21072}},"DataVersion":3465}