{"stats":{"minecraft:picked_up":{"minecraft:birch_log":4,"minecraft:oak_slab":1,"minecraft:clay_ball":20,"minecraft:pumpkin":4,"minecraft:oak_fence":3,"minecraft:porkchop":3,"minecraft:oak_log":15,"minecraft:dirt":46,"minecraft:oak_sapling":1,"minecraft:melon_slice":36,"minecraft:chest":3,"minecraft:oak_planks":44,"minecraft:coal":1,"minecraft:cobblestone":19,"minecraft:egg":1},"minecraft:killed_by":{"minecraft:player":6},"minecraft:dropped":{"minecraft:dirt":29},"minecraft:mined":{"minecraft:podzol":5,"minecraft:birch_planks":3,"minecraft:birch_log":6,"minecraft:pumpkin":5,"minecraft:oak_fence":1,"minecraft:clay":5,"minecraft:grass_block":52,"minecraft:oak_log":2,"minecraft:coal_ore":2,"minecraft:melon":8,"minecraft:chest":3,"minecraft:dirt":3,"minecraft:stripped_oak_log":1,"minecraft:stone":22},"minecraft:used":{"minecraft:oak_fence":2,"minecraft:birch_planks":4,"minecraft:melon_slice":2,"minecraft:stone_pickaxe":11,"minecraft:chest":2,"minecraft:wooden_pickaxe":13,"minecraft:wooden_sword":23,"minecraft:dirt":17,"minecraft:egg":2},"minecraft:custom":{"minecraft:time_since_rest":664,"minecraft:sprint_one_cm":24305,"minecraft:damage_taken":2284,"minecraft:walk_one_cm":127520,"minecraft:drop":1,"minecraft:damage_dealt":999,"minecraft:swim_one_cm":40234,"minecraft:interact_with_crafting_table":7,"minecraft:fly_one_cm":21168,"minecraft:player_kills":8,"minecraft:open_chest":30,"minecraft:crouch_one_cm":7420,"minecraft:play_time":18277,"minecraft:deaths":9,"minecraft:sneak_time":1335,"minecraft:walk_under_water_one_cm":19280,"minecraft:jump":226,"minecraft:leave_game":4,"minecraft:time_since_death":649,"minecraft:walk_on_water_one_cm":3455,"minecraft:total_world_time":18277,"minecraft:fall_one_cm":1579},"minecraft:crafted":{"minecraft:wooden_sword":1,"minecraft:stick":8,"minecraft:wooden_pickaxe":1,"minecraft:stone_pickaxe":1,"minecraft:bowl":4,"minecraft:birch_planks":20}},"DataVersion":3120}