{"stats":{"minecraft:picked_up":{"minecraft:birch_log":4,"minecraft:oak_slab":1,"minecraft:clay_ball":20,"minecraft:pumpkin":4,"minecraft:oak_fence":2,"minecraft:porkchop":3,"minecraft:oak_log":1,"minecraft:dirt":46,"minecraft:melon_slice":36,"minecraft:chest":2,"minecraft:egg":1},"minecraft:killed_by":{"minecraft:player":1},"minecraft:dropped":{"minecraft:dirt":29},"minecraft:mined":{"minecraft:podzol":5,"minecraft:birch_planks":3,"minecraft:birch_log":6,"minecraft:pumpkin":5,"minecraft:clay":5,"minecraft:oak_fence":1,"minecraft:grass_block":52,"minecraft:melon":8,"minecraft:chest":3,"minecraft:dirt":3},"minecraft:used":{"minecraft:oak_fence":1,"minecraft:birch_planks":4,"minecraft:chest":2,"minecraft:dirt":17,"minecraft:egg":2},"minecraft:custom":{"minecraft:time_since_rest":2330,"minecraft:sprint_one_cm":14856,"minecraft:damage_taken":722,"minecraft:walk_one_cm":74740,"minecraft:drop":1,"minecraft:damage_dealt":77,"minecraft:swim_one_cm":30609,"minecraft:interact_with_crafting_table":1,"minecraft:fly_one_cm":11829,"minecraft:player_kills":2,"minecraft:open_chest":21,"minecraft:crouch_one_cm":5983,"minecraft:play_time":10632,"minecraft:deaths":3,"minecraft:sneak_time":1219,"minecraft:walk_under_water_one_cm":17688,"minecraft:jump":81,"minecraft:leave_game":1,"minecraft:walk_on_water_one_cm":2797,"minecraft:time_since_death":2308,"minecraft:total_world_time":10632,"minecraft:fall_one_cm":1370},"minecraft:crafted":{"minecraft:birch_planks":8}},"DataVersion":3120}