{"stats":{"minecraft:custom":{"minecraft:time_since_rest":13181,"minecraft:interact_with_furnace":8,"minecraft:sprint_one_cm":22066,"minecraft:damage_taken":640,"minecraft:walk_one_cm":43657,"minecraft:mob_kills":2,"minecraft:drop":2,"minecraft:damage_dealt":477,"minecraft:interact_with_crafting_table":6,"minecraft:fly_one_cm":9402,"minecraft:open_chest":38,"minecraft:crouch_one_cm":17816,"minecraft:play_time":15600,"minecraft:deaths":2,"minecraft:sneak_time":3652,"minecraft:walk_under_water_one_cm":3123,"minecraft:jump":76,"minecraft:leave_game":3,"minecraft:walk_on_water_one_cm":1399,"minecraft:time_since_death":13162,"minecraft:total_world_time":15600,"minecraft:fall_one_cm":418},"minecraft:crafted":{"minecraft:oak_slab":12,"minecraft:oak_planks":52,"minecraft:cooked_porkchop":2,"minecraft:crafting_table":1,"minecraft:stick":8,"minecraft:iron_ingot":6,"minecraft:wooden_axe":1,"minecraft:air":0},"minecraft:mined":{"minecraft:oak_fence":3,"minecraft:grass_block":35,"minecraft:oak_log":22,"minecraft:chest":4,"minecraft:dirt":1,"minecraft:stripped_oak_log":1,"minecraft:oak_planks":1},"minecraft:broken":{"minecraft:wooden_axe":1},"minecraft:killed":{"minecraft:skeleton":1,"minecraft:creeper":1},"minecraft:dropped":{"minecraft:dirt":2},"minecraft:used":{"minecraft:oak_log":1,"minecraft:oak_fence":3,"minecraft:wooden_axe":51,"minecraft:oak_planks":1,"minecraft:chest":2,"minecraft:dirt":15,"minecraft:oak_slab":1,"minecraft:crafting_table":1,"minecraft:cooked_porkchop":1},"minecraft:picked_up":{"minecraft:oak_fence":3,"minecraft:oak_log":16,"minecraft:gunpowder":2,"minecraft:dirt":28,"minecraft:bone":1,"minecraft:arrow":2,"minecraft:wheat_seeds":6,"minecraft:chest":3}},"DataVersion":3120}