{"stats":{"minecraft:dropped":{"lucky_blocks:carrot_corrupter":1},"minecraft:picked_up":{"minecraft:tnt":10,"lucky_blocks:weaponry_lucky_block":1,"lucky_blocks:guardian_lucky_block":1,"minecraft:oak_sign":3,"lucky_blocks:eldorado_helmet":1,"lucky_block_:bazoka":1,"lucky_blocks:carrot_corrupter":1,"lucky:lucky_block":1,"minecraft:redstone":4,"lucky_block_:lucky_block":1},"minecraft:used":{"minecraft:netherite_sword":2,"lucky_blocks:weaponry_lucky_block":21,"lucky_block_:lucky_block":17,"lucky_blocks:eldorado_helmet":1,"lucky:lucky_block":22,"lucky_blocks:wild_lucky_block":1,"minecraft:oak_sign":1,"lucky_blocks:guardian_lucky_block":15,"lucky_blocks:crazy_lucky_block":5,"minecraft:stone":1,"lucky_blocks:insane_lucky_block":3},"minecraft:mined":{"lucky_blocks:guardian_lucky_block":1,"lucky:lucky_block":1},"minecraft:custom":{"minecraft:time_since_rest":1993,"minecraft:crouch_one_cm":287,"minecraft:walk_one_cm":26255,"minecraft:sprint_one_cm":19925,"minecraft:play_time":17596,"minecraft:damage_taken":1617,"minecraft:deaths":5,"minecraft:sneak_time":450,"minecraft:drop":1,"minecraft:jump":216,"minecraft:damage_dealt":364,"minecraft:leave_game":1,"minecraft:time_since_death":1959,"minecraft:total_world_time":17596,"minecraft:fall_one_cm":22634,"minecraft:fly_one_cm":234866,"minecraft:player_kills":2}},"DataVersion":3120}