{"stats":{"minecraft:killed_by":{"riskofrain_mobs:stone_golem_entity":3,"minecraft:piglin_brute":3,"realmrpg_demons:demon":1,"bosses_of_mass_destruction:void_blossom":3,"bloodandmadness:beast_patient":1,"grimoireofgaia:kobold":7,"iceandfire:ice_dragon":9,"minecraft:zombie":1,"grimoireofgaia:banshee":1,"grimoireofgaia:nine_tails":4,"iceandfire:ghost":1},"minecraft:picked_up":{"minecraft:allium":1,"minecraft:crafting_table":12,"biomesoplenty:burning_blossom":7,"minecraft:wheat":2,"minecraft:chicken":1,"grimoireofgaia:soulfire":12,"iceandfire:witherbone":5,"minecraft:ladder":1,"minecraft:wither_rose":2,"minecraft:potion":1,"minecraft:stone_brick_stairs":2,"gravestone:obituary":9,"minecraft:golden_sword":2,"forbidden_arcanus:xpetrified_orb":3,"minecraft:string":2,"minecraft:flint_and_steel":2,"minecraft:item_frame":1,"minecraft:white_carpet":9,"spartanweaponry:bolt":4,"minecraft:blackstone":4,"bloodandmadness:blood_vial":2,"alexsmobs:blood_sac":1,"minecraft:cobbled_deepslate":14,"minecraft:spruce_planks":6,"minecraft:beef":11,"iceandfire:armor_silver_metal_leggings":1,"iceandfire:dread_shard":33,"minecraft:iron_nugget":3,"minecraft:light_gray_wool":1,"minecraft:chest":3,"minecraft:furnace":5,"minecraft:egg":1,"minecraft:tipped_arrow":1,"minecraft:stick":8,"minecraft:raw_iron":77,"iceandfire:dragonbone":1,"minecraft:polished_blackstone_bricks":18,"minecraft:golden_axe":1,"minecraft:stone_button":2,"bloodandmadness:beastblood_clump":1,"iceandfire:silver_ingot":4,"minecraft:arrow":7,"minecraft:stone_shovel":2,"minecraft:rotten_flesh":9,"minecraft:pumpkin_pie":4,"minecraft:hay_block":7,"minecraft:mutton":8,"bloodandmadness:blood_stone_shard":1,"minecraft:white_wool":3,"minecraft:cobblestone":235,"iceandfire:sapphire_gem":9,"minecraft:feather":2,"minecraft:cooked_beef":2,"minecraft:lilac":3,"minecraft:golden_carrot":6,"minecraft:glow_ink_sac":5,"minecraft:leather":12,"minecraft:flint":13,"iceandfire:dread_stone_bricks_cracked":2,"minecraft:dirt":10,"minecraft:leather_boots":1,"minecraft:bone":9,"travelersbackpack:backpack_tank":2,"minecraft:bow":1,"minecraft:wheat_seeds":6,"minecraft:raw_gold":13,"minecraft:iron_ingot":38,"minecraft:oak_planks":3,"iceandfire:dragonbone_sword":2,"minecraft:quartz":5,"minecraft:gravel":23,"minecraft:sand":12,"minecraft:spruce_sapling":1,"minecraft:spruce_log":15,"grimoireofgaia:fireshard":2,"biomesoplenty:hellbark_log":6,"forbidden_arcanus:arcane_crystal":4,"iceandfire:silver_sword":1,"minecraft:cracked_polished_blackstone_bricks":3,"minecraft:crossbow":1,"spartanweaponry:iron_heavy_crossbow":2,"minecraft:emerald":14,"minecraft:rooted_dirt":1,"minecraft:baked_potato":4,"minecraft:oak_sapling":1,"minecraft:netherrack":41,"minecraft:coal":149,"iceandfire:raw_silver":34},"minecraft:dropped":{"iceandfire:dragonbone_sword":1,"minecraft:wheat_seeds":3,"minecraft:cooked_beef":2,"minecraft:lilac":2,"minecraft:glow_ink_sac":3,"minecraft:feather":2,"minecraft:cobblestone":5,"minecraft:stick":1,"minecraft:dirt":2,"minecraft:stone_button":1,"iceandfire:silver_sword":1,"minecraft:mutton":4,"gravestone:obituary":42,"minecraft:pumpkin_pie":2,"minecraft:spruce_sapling":1,"minecraft:gravel":23,"spartanweaponry:iron_heavy_crossbow":2,"minecraft:iron_nugget":3,"minecraft:stone_shovel":1,"minecraft:rotten_flesh":4,"minecraft:flint_and_steel":1,"grimoireofgaia:soulfire":4,"forbidden_arcanus:splash_aureal_bottle":1,"minecraft:allium":1,"minecraft:spruce_planks":5,"iceandfire:silver_ingot":2,"minecraft:ladder":1,"minecraft:beef":7,"minecraft:bow":1,"minecraft:stone_pickaxe":1,"minecraft:wooden_pickaxe":1,"minecraft:quartz":2},"minecraft:crafted":{"minecraft:stone_shovel":2,"minecraft:cooked_chicken":1,"spartanshields:wooden_tower_shield":2,"minecraft:furnace":2,"minecraft:cooked_mutton":2,"minecraft:glass":12,"iceandfire:armor_silver_metal_chestplate":1,"travelersbackpack:white_sleeping_bag":1,"minecraft:iron_boots":2,"minecraft:stone_pickaxe":2,"biomesoplenty:hellbark_planks":24,"minecraft:chest":2,"minecraft:wheat":63,"minecraft:cooked_beef":4,"iceandfire:dragonbone_sword":1,"minecraft:crafting_table":2,"minecraft:spruce_planks":196,"minecraft:iron_helmet":1,"travelersbackpack:standard":1,"travelersbackpack:backpack_tank":2,"minecraft:baked_potato":33,"spartanshields:iron_tower_shield":1,"minecraft:wooden_pickaxe":1,"minecraft:bucket":1,"minecraft:stone_axe":1,"minecraft:bread":21,"minecraft:air":0,"minecraft:shield":1,"minecraft:stick":12,"minecraft:iron_ingot":77,"minecraft:iron_pickaxe":2,"minecraft:iron_leggings":2,"minecraft:gold_ingot":5},"minecraft:killed":{"minecraft:spider":1,"grimoireofgaia:succubus":2,"minecraft:skeleton":3,"iceandfire:dread_thrall":4,"bloodandmadness:beast_patient":5,"minecraft:chicken":1,"realmrpg_demons:chort":2,"minecraft:piglin_brute":3,"minecraft:piglin":8,"grimoireofgaia:dullahan":3,"riskofrain_mobs:lemurian_entity":4,"alexsmobs:crimson_mosquito":1,"minecraft:sheep":2,"minecraft:zombie":5,"iceandfire:ghost":2,"grimoireofgaia:wither_cow":2,"iceandfire:dread_ghoul":1,"minecraft:cow":7},"minecraft:custom":{"minecraft:mob_kills":64,"minecraft:animals_bred":1,"minecraft:interact_with_crafting_table":55,"minecraft:open_barrel":19,"minecraft:leave_game":3,"minecraft:time_since_death":5532,"minecraft:climb_one_cm":5064,"minecraft:sprint_one_cm":623033,"minecraft:walk_one_cm":471011,"minecraft:damage_blocked_by_shield":4755,"minecraft:drop":91,"minecraft:talked_to_villager":2,"minecraft:play_time":227770,"minecraft:sneak_time":7034,"minecraft:deaths":35,"minecraft:walk_under_water_one_cm":43513,"minecraft:interact_with_lectern":2,"minecraft:jump":5146,"minecraft:walk_on_water_one_cm":48792,"minecraft:total_world_time":227770,"spartanshields:shield_bash_hits":2,"minecraft:interact_with_furnace":57,"minecraft:interact_with_grindstone":1,"minecraft:time_since_rest":5622,"minecraft:damage_taken":14169,"minecraft:trigger_trapped_chest":2,"minecraft:damage_dealt":17530,"minecraft:swim_one_cm":47751,"minecraft:fly_one_cm":890668,"minecraft:open_chest":137,"minecraft:crouch_one_cm":14842,"minecraft:fall_one_cm":172736},"minecraft:mined":{"biomesoplenty:orange_autumn_leaves":2,"minecraft:blue_carpet":1,"minecraft:spruce_planks":1,"iceandfire:graveyard_soil":1,"iceandfire:silver_ore":16,"biomesoplenty:burning_blossom":8,"gravestone:gravestone":28,"minecraft:dark_oak_fence":3,"minecraft:allium":1,"minecraft:grass_block":7,"minecraft:cracked_polished_blackstone_bricks":2,"biomesoplenty:white_petals":1,"minecraft:spruce_leaves":12,"iter_rpg:big_vase":1,"biomesoplenty:dead_grass":5,"minecraft:rooted_dirt":1,"biomesoplenty:tundra_shrub":1,"minecraft:spawner":1,"forbidden_arcanus:arcane_crystal_ore":2,"minecraft:hay_block":7,"minecraft:polished_blackstone_bricks":17,"forbidden_arcanus:deepslate_arcane_crystal_ore":2,"minecraft:furnace":5,"minecraft:iron_ore":77,"minecraft:fire":1,"biomesoplenty:hellbark_log":6,"biomesoplenty:hanging_cobweb":1,"minecraft:vine":1,"biomesoplenty:webbing":4,"minecraft:packed_ice":17,"mirabilis:oak_leave_carpet":1,"iceandfire:dread_stone_bricks_cracked":6,"minecraft:stone":222,"minecraft:white_wool":3,"minecraft:blackstone":3,"minecraft:powder_snow":14,"biomesoplenty:hanging_cobweb_strand":1,"minecraft:crafting_table":12,"mirabilis:grass_pile":1,"minecraft:chest":3,"minecraft:nether_quartz_ore":4,"minecraft:tall_grass":3,"minecraft:cobblestone":11,"biomesoplenty:sprout":17,"minecraft:deepslate_gold_ore":13,"minecraft:oak_planks":1,"minecraft:diorite":6,"realmrpg_skeletons:bow_skeleton":1,"mirabilis:sand_pile":1,"forbidden_arcanus:xpetrified_ore":3,"biomesoplenty:hellbark_leaves":1,"biomesoplenty:yellow_autumn_leaves":2,"minecraft:ice":1,"minecraft:lilac":6,"minecraft:white_carpet":9,"minecraft:spruce_log":15,"minecraft:wither_rose":2,"minecraft:grass":27,"iceandfire:dread_stone_bricks_mossy":3,"minecraft:coal_ore":56,"iceandfire:silver_pile":1,"minecraft:gravel":26,"minecraft:dirt":7,"minecraft:sand":13,"biomesoplenty:stringy_cobweb":2,"minecraft:cobweb":3,"minecraft:netherrack":41,"iceandfire:dread_stone_bricks":7,"minecraft:oak_leaves":9,"minecraft:deepslate":11,"minecraft:fern":5},"minecraft:used":{"iceandfire:silver_sword":367,"minecraft:flint_and_steel":1,"minecraft:stone_shovel":30,"minecraft:chest":4,"minecraft:spruce_planks":90,"minecraft:shield":45,"minecraft:cooked_chicken":1,"minecraft:netherrack":32,"minecraft:dirt":8,"minecraft:carrot":1,"spartanshields:wooden_tower_shield":14,"minecraft:rooted_dirt":1,"minecraft:iron_boots":1,"minecraft:item_frame":3,"minecraft:light_gray_wool":1,"minecraft:golden_carrot":2,"minecraft:furnace":7,"minecraft:egg":1,"minecraft:cooked_beef":4,"minecraft:cobbled_deepslate":4,"minecraft:golden_axe":21,"minecraft:cooked_mutton":2,"minecraft:water_bucket":51,"minecraft:stone_pickaxe":260,"minecraft:baked_potato":32,"minecraft:oak_planks":1,"minecraft:blackstone":2,"minecraft:wooden_pickaxe":18,"spartanshields:iron_tower_shield":22,"minecraft:polished_blackstone_bricks":10,"minecraft:crafting_table":12,"minecraft:spruce_log":1,"minecraft:cracked_polished_blackstone_bricks":1,"minecraft:iron_pickaxe":269,"minecraft:bread":61,"spartanweaponry:iron_heavy_crossbow":7,"minecraft:lilac":1,"minecraft:stone_axe":66,"travelersbackpack:standard":1,"minecraft:cobblestone":165,"minecraft:bucket":52,"minecraft:pumpkin_pie":2,"minecraft:experience_bottle":1,"iceandfire:dread_stone_bricks_cracked":1},"minecraft:broken":{"minecraft:iron_boots":1,"minecraft:iron_leggings":1,"spartanshields:wooden_tower_shield":1,"minecraft:stone_pickaxe":1,"minecraft:shield":1,"minecraft:golden_axe":1,"minecraft:iron_pickaxe":1}},"DataVersion":3465}