{"stats":{"minecraft:picked_up":{"minecraft:cod":4},"minecraft:killed_by":{"the_slumbering_omen:combatscout":1,"dweller:nightmare":1,"apollyon:the_damned":1,"goatman:goatman":1},"minecraft:custom":{"minecraft:time_since_rest":2711,"minecraft:crouch_one_cm":2932,"minecraft:walk_one_cm":21833,"minecraft:play_time":8448,"minecraft:sprint_one_cm":28903,"minecraft:damage_taken":1310,"minecraft:deaths":4,"minecraft:sneak_time":1093,"minecraft:walk_under_water_one_cm":133,"minecraft:jump":187,"minecraft:damage_dealt":45,"minecraft:leave_game":1,"minecraft:time_since_death":2687,"minecraft:walk_on_water_one_cm":100,"minecraft:total_world_time":8448,"minecraft:swim_one_cm":3987,"minecraft:fall_one_cm":3822,"minecraft:fly_one_cm":29378},"minecraft:mined":{"minecraft:grass":3,"minecraft:birch_leaves":1,"minecraft:oak_leaves":11}},"DataVersion":3120}