{"stats":{"minecraft:crafted":{"minecraft:oak_planks":20,"sophisticatedbackpacks:backpack":1,"minecraft:bread":237,"minecraft:wooden_hoe":1,"minecraft:iron_boots":1,"minecraft:shield":1,"minecraft:iron_axe":1,"minecraft:stick":4,"quark:oak_chest":1,"minecraft:iron_pickaxe":1,"minecraft:wheat":501},"minecraft:custom":{"lootr:looted_stat":16,"minecraft:mob_kills":19,"minecraft:interact_with_crafting_table":23,"minecraft:open_barrel":17,"minecraft:eat_cake_slice":2,"minecraft:time_since_death":45973,"minecraft:sleep_in_bed":3,"minecraft:time_since_rest":24012,"minecraft:sprint_one_cm":80652,"minecraft:damage_taken":1260,"minecraft:walk_one_cm":145125,"minecraft:damage_blocked_by_shield":1170,"minecraft:drop":14,"minecraft:damage_dealt":3662,"minecraft:swim_one_cm":3288,"minecraft:fly_one_cm":65920,"minecraft:open_chest":4,"minecraft:crouch_one_cm":1464,"minecraft:play_time":45973,"tombstone:undead_killed":12,"minecraft:sneak_time":884,"minecraft:walk_under_water_one_cm":13948,"minecraft:jump":457,"minecraft:walk_on_water_one_cm":10841,"minecraft:total_world_time":45973,"minecraft:fall_one_cm":12894},"minecraft:picked_up":{"minecraft:crafting_table":7,"minecraft:wheat":385,"minecraft:smithing_table":1,"minecraft:enchanted_book":1,"minecraft:oak_log":6,"supplementaries:flax_seeds":2,"minecraft:lapis_lazuli":8,"minecraft:string":5,"minecraft:bone":2,"graveyard:corruption":1,"minecraft:wheat_seeds":1202,"minecraft:candle":1,"minecraft:cobbled_deepslate":18,"minecraft:raw_gold":22,"minecraft:bucket":1,"minecraft:cobweb":4,"minecraft:iron_nugget":11,"minecraft:oak_planks":4,"artifacts:obsidian_skull":1,"minecraft:stick":6,"minecraft:raw_iron":13,"minecraft:torch":4,"minecraft:gravel":1,"minecraft:arrow":1,"minecraft:rotten_flesh":29,"minecraft:diamond":3,"minecraft:hay_block":56,"minecraft:emerald":12,"supplementaries:ash":4,"tombstone:magic_scroll":1,"minecraft:coal":31,"minecraft:cobblestone":6},"minecraft:used":{"minecraft:wheat_seeds":565,"minecraft:water_bucket":4,"minecraft:oak_planks":4,"minecraft:shield":16,"minecraft:crafting_table":6,"minecraft:crossbow":4,"minecraft:oak_log":1,"minecraft:wooden_hoe":113,"minecraft:iron_axe":355,"minecraft:bread":24,"minecraft:iron_pickaxe":56,"minecraft:cobblestone":6,"minecraft:turtle_helmet":1,"minecraft:bucket":5,"minecraft:cobbled_deepslate":11},"minecraft:killed":{"minecraft:cave_spider":1,"minecraft:spider":2,"kobolds:kobold_rascal":1,"tinyskeletons:baby_skeleton":1,"minecraft:zombie":11,"alexsmobs:crow":1},"minecraft:dropped":{"minecraft:wheat_seeds":212,"minecraft:lapis_lazuli":8,"minecraft:wheat":192,"minecraft:rotten_flesh":14,"minecraft:stick":2,"minecraft:flint":8,"minecraft:wooden_hoe":1,"minecraft:arrow":4},"minecraft:mined":{"minecraft:smithing_table":1,"minecraft:deepslate_diamond_ore":3,"minecraft:crafting_table":7,"minecraft:deepslate_gold_ore":16,"minecraft:oak_planks":4,"supplementaries:urn":9,"minecraft:hay_block":56,"minecraft:seagrass":1,"minecraft:cobbled_deepslate":7,"minecraft:wheat":535,"treechop:chopped_log":1,"minecraft:grass":2,"minecraft:coal_ore":8,"minecraft:deepslate_iron_ore":4,"minecraft:stone":6,"minecraft:oak_leaves":2,"minecraft:deepslate":12}},"DataVersion":3465}