{"stats":{"minecraft:killed_by":{"born_in_chaos_v1:lifestealer_true_form":1,"minecraft:creeper":1,"minecraft:spider":2,"minecraft:warden":1,"minecraft:skeleton":1,"minecraft:zombie":1},"minecraft:custom":{"minecraft:interact_with_smithing_table":3,"minecraft:mob_kills":108,"minecraft:interact_with_crafting_table":47,"minecraft:open_barrel":80,"minecraft:bell_ring":4,"minecraft:eat_cake_slice":8,"minecraft:damage_dealt_resisted":3693,"minecraft:leave_game":7,"minecraft:time_since_death":76052,"minecraft:climb_one_cm":6715,"minecraft:sprint_one_cm":691865,"minecraft:walk_one_cm":625366,"minecraft:damage_blocked_by_shield":2325,"minecraft:drop":56,"minecraft:damage_dealt_absorbed":40,"minecraft:talked_to_villager":3,"minecraft:play_time":285700,"minecraft:deaths":10,"minecraft:sneak_time":40649,"minecraft:walk_under_water_one_cm":23423,"minecraft:jump":4433,"minecraft:walk_on_water_one_cm":35321,"minecraft:total_world_time":285700,"minecraft:interact_with_furnace":14,"minecraft:interact_with_loom":1,"minecraft:time_since_rest":76125,"minecraft:waystone_activated":2,"minecraft:damage_taken":8021,"minecraft:trigger_trapped_chest":2,"minecraft:damage_dealt":19981,"minecraft:swim_one_cm":45723,"minecraft:fly_one_cm":620857,"minecraft:open_chest":103,"minecraft:crouch_one_cm":151850,"minecraft:fall_one_cm":139489},"minecraft:picked_up":{"sophisticatedbackpacks:gold_backpack":1,"born_in_chaos_v1:diamond_termite_shard":17,"minecraft:iron_chestplate":1,"minecraft:crafting_table":10,"beachparty:rubber_ring_axolotl":2,"minecraft:chicken":1,"minecraft:flower_pot":1,"born_in_chaos_v1:seedof_chaos":1,"minecraft:smithing_table":1,"gnumus:gnumus_claw":14,"minecraft:chain":2,"minecraft:string":40,"minecraft:raw_copper":9,"minecraft:iron_axe":1,"minecraft:iron_leggings":2,"minecraft:item_frame":1,"minecraft:armor_stand":2,"minecraft:blue_orchid":1,"minecraft:beetroot":3,"minecraft:candle":2,"minecraft:cobbled_deepslate":108,"minecraft:bucket":2,"minecraft:spruce_planks":28,"minecraft:beef":21,"minecraft:iron_pickaxe":2,"minecraft:sugar_cane":5,"minecraft:melon_slice":147,"minecraft:coal_block":1,"minecraft:mangrove_log":2,"minecraft:furnace":3,"minecraft:iron_boots":1,"minecraft:egg":3,"minecraft:dark_oak_sapling":8,"minecraft:raw_iron":30,"minecraft:stick":11,"gnumus:juicy_meat":1,"sophisticatedbackpacks:backpack":1,"born_in_chaos_v1:pieceofdarkmetal":1,"minecraft:carrot":29,"minecraft:redstone":25,"minecraft:dark_oak_planks":64,"minecraft:tnt":2,"gnumus:pileof_gnumus_doubloons":1,"minecraft:arrow":11,"minecraft:rotten_flesh":29,"iammusicplayer:boombox":1,"minecraft:beetroot_seeds":8,"minecraft:peony":1,"minecraft:deepslate_bricks":1,"minecraft:polished_basalt":1,"minecraft:hay_block":41,"minecraft:iron_block":1,"gnumus:gnumus_chickpeas":14,"artifacts:cross_necklace":2,"gnumus:gnumus_pouch_3":1,"gnumus:mouse_skin":16,"minecraft:glow_berries":3,"minecraft:iron_bars":3,"minecraft:cobblestone":107,"born_in_chaos_v1:fused_bone":1,"biomesoplenty:lavender":2,"born_in_chaos_v1:corpse_maggot":1,"gnumus:gnumus_doubloons":25,"minecraft:feather":1,"born_in_chaos_v1:monster_flesh":4,"minecraft:glow_ink_sac":11,"born_in_chaos_v1:spiritual_dust":2,"minecraft:tripwire_hook":2,"gnumus:overripe_carrot":12,"minecraft:leather":12,"minecraft:potato":9,"gnumus:gnumus_pouch":7,"minecraft:oak_log":12,"minecraft:gunpowder":12,"minecraft:dirt":6,"minecraft:lantern":1,"minecraft:disc_fragment_5":3,"gnumus:gnumus_pouch_2":3,"born_in_chaos_v1:monster_skin":2,"minecraft:bone":18,"minecraft:gray_carpet":29,"minecraft:apple":3,"minecraft:stone_bricks":2,"minecraft:wheat_seeds":6,"minecraft:raw_gold":29,"minecraft:rabbit_hide":4,"minecraft:iron_ingot":30,"minecraft:rabbit":6,"minecraft:oak_planks":1,"minecraft:iron_sword":2,"born_in_chaos_v1:lifestealer_bone":4,"minecraft:dripstone_block":9,"duneons:highlandfern":1,"minecraft:sand":12,"minecraft:amethyst_shard":3,"gnumus:gnumus_cheese":3,"minecraft:spruce_sapling":4,"sophisticatedbackpacks:iron_backpack":2,"minecraft:spruce_log":14,"minecraft:trapped_chest":1,"minecraft:dark_oak_fence_gate":1,"minecraft:dark_oak_log":24,"minecraft:spider_eye":10,"minecraft:barrel":1,"alexsmobs:animal_dictionary":2,"beachparty:rubber_ring_pelican":1,"minecraft:sugar":2,"born_in_chaos_v1:fire_dust":2,"minecraft:diamond":11,"gnumus:gnumus_clay":40,"duneons:minecartgift":4,"minecraft:iron_helmet":1,"minecraft:granite":1,"minecraft:bone_meal":9,"minecraft:emerald":4,"minecraft:coal":44,"minecraft:ender_pearl":1},"minecraft:mined":{"minecraft:mossy_cobblestone":1,"minecraft:deepslate_diamond_ore":11,"minecraft:sculk_vein":79,"minecraft:cobblestone_stairs":1,"minecraft:dark_oak_log":3,"minecraft:potted_blue_orchid":1,"born_in_chaos_v1:infected_diamond_ore":4,"gravestone:gravestone":9,"biomesoplenty:bush":2,"minecraft:grass_block":6,"duneons:highlandtallgrass":2,"minecraft:mangrove_fence":1,"iammusicplayer:boombox":1,"minecraft:redstone_wire":1,"minecraft:coal_block":1,"duneons:standfortorchgold":1,"minecraft:spawner":9,"minecraft:hay_block":24,"minecraft:redstone_ore":3,"minecraft:furnace":2,"minecraft:sculk_catalyst":4,"minecraft:carrots":20,"minecraft:polished_basalt":1,"minecraft:iron_ore":19,"minecraft:fire":2,"minecraft:cobbled_deepslate":2,"biomesoplenty:lavender":1,"minecraft:dark_oak_fence_gate":1,"treechop:chopped_log":4,"minecraft:peony":1,"minecraft:sculk_shrieker":8,"minecraft:potatoes":9,"minecraft:deepslate_iron_ore":8,"biomesoplenty:webbing":2,"minecraft:iron_bars":7,"gnumus:fragile_gnumus_jug":18,"minecraft:iron_block":1,"minecraft:stone":99,"biomesoplenty:spider_egg":1,"minecraft:tripwire":2,"minecraft:smithing_table":1,"minecraft:deepslate_redstone_ore":3,"minecraft:glass_pane":2,"gnumus:gnumus_clay_brick_wall":1,"minecraft:soul_fire":1,"minecraft:crafting_table":10,"minecraft:melon":32,"minecraft:sculk_sensor":76,"minecraft:tall_grass":2,"minecraft:cobblestone":3,"minecraft:deepslate_gold_ore":19,"minecraft:sculk":878,"minecraft:wheat":2,"minecraft:tnt":2,"duneons:highlandfern":1,"minecraft:grass":16,"minecraft:coal_ore":40,"minecraft:beetroots":3,"minecraft:gray_carpet":21,"biomesoplenty:stringy_cobweb":1,"minecraft:cobweb":32,"minecraft:stone_bricks":2,"minecraft:oak_leaves":3,"minecraft:deepslate":93,"minecraft:fern":24},"minecraft:crafted":{"minecraft:oak_planks":32,"minecraft:tripwire_hook":2,"minecraft:jukebox":1,"minecraft:iron_nugget":9,"iammusicplayer:boombox":1,"minecraft:furnace":1,"minecraft:iron_hoe":3,"minecraft:stone_pickaxe":1,"minecraft:chest":1,"minecraft:dark_oak_planks":64,"minecraft:stone_hoe":2,"sophisticatedbackpacks:iron_backpack":1,"minecraft:wheat":216,"gnumus:gnumus_cutlass":1,"minecraft:diamond_sword":1,"sophisticatedbackpacks:backpack":1,"minecraft:crafting_table":1,"minecraft:spruce_planks":24,"minecraft:wooden_pickaxe":1,"sophisticatedbackpacks:gold_backpack":1,"minecraft:mangrove_planks":4,"minecraft:dark_oak_button":1,"minecraft:stone_axe":1,"minecraft:air":0,"minecraft:shield":2,"minecraft:gold_nugget":9,"minecraft:stick":12,"minecraft:iron_ingot":15,"minecraft:wooden_axe":1,"minecraft:gold_ingot":3,"minecraft:note_block":2,"minecraft:trapped_chest":1},"minecraft:broken":{"gnumus:gnumus_cutlass":1,"minecraft:stone_hoe":2,"minecraft:shield":1,"minecraft:stone_axe":1,"minecraft:iron_sword":1,"minecraft:wooden_axe":1,"minecraft:iron_hoe":3},"minecraft:used":{"minecraft:iron_bars":3,"minecraft:polished_basalt":1,"minecraft:spruce_planks":28,"minecraft:shield":44,"minecraft:iron_sword":227,"minecraft:stone_hoe":262,"minecraft:iron_chestplate":1,"iammusicplayer:boombox":1,"minecraft:dirt":4,"minecraft:carrot":48,"minecraft:granite":1,"minecraft:dark_oak_planks":15,"minecraft:iron_hoe":750,"born_in_chaos_v1:corpse_maggot":1,"minecraft:wooden_axe":44,"minecraft:iron_axe":44,"minecraft:item_frame":1,"minecraft:stone_bricks":2,"minecraft:tripwire_hook":1,"minecraft:beef":4,"minecraft:beetroot_seeds":8,"minecraft:egg":1,"minecraft:furnace":2,"farmersdelight:tomato_seeds":12,"minecraft:cobbled_deepslate":99,"minecraft:wheat_seeds":2,"minecraft:water_bucket":28,"minecraft:oak_planks":31,"minecraft:stone_pickaxe":87,"minecraft:gray_carpet":29,"minecraft:mangrove_planks":4,"gnumus:overripe_carrot":3,"minecraft:wooden_pickaxe":53,"brewery:corn_seeds":2,"minecraft:deepslate_bricks":1,"minecraft:crafting_table":10,"gnumus:gnumus_cutlass":12,"minecraft:dripstone_block":9,"gnumus:gnumus_cheese":1,"minecraft:flower_pot":1,"minecraft:dark_oak_log":8,"minecraft:iron_pickaxe":245,"minecraft:melon_slice":85,"minecraft:bread":65,"duneons:minecartgift":4,"minecraft:stone_axe":118,"minecraft:diamond_sword":204,"minecraft:coal_block":1,"minecraft:cobblestone":86,"minecraft:chain":2,"minecraft:bucket":29,"beachparty:rubber_ring_pelican":1,"minecraft:candle":2},"minecraft:dropped":{"minecraft:iron_ingot":26,"minecraft:iron_sword":1,"minecraft:cobblestone":2,"minecraft:leather":2,"born_in_chaos_v1:pieceofdarkmetal":1,"minecraft:disc_fragment_5":3,"minecraft:coal":13,"minecraft:emerald":1,"minecraft:dirt":2,"beachparty:rubber_ring_pelican":1,"minecraft:iron_leggings":1,"gravestone:obituary":7,"minecraft:bone_meal":9,"minecraft:sugar":4,"minecraft:iron_pickaxe":2,"minecraft:dark_oak_planks":64,"minecraft:trapped_chest":1,"minecraft:tripwire_hook":2,"minecraft:bucket":2,"minecraft:bone":1,"minecraft:armor_stand":2,"minecraft:sugar_cane":3,"minecraft:cobbled_deepslate":7,"alexsmobs:animal_dictionary":2,"minecraft:raw_copper":4,"duneons:highlandfern":1,"sophisticatedbackpacks:backpack":2,"minecraft:dark_oak_fence_gate":1,"minecraft:carrot":1,"beachparty:rubber_ring_axolotl":1,"minecraft:spider_eye":1,"minecraft:barrel":1,"minecraft:blue_orchid":1,"gnumus:gnumus_cheese":1,"minecraft:stone_pickaxe":1},"minecraft:killed":{"born_in_chaos_v1:lifestealer_true_form":1,"minecraft:cave_spider":3,"born_in_chaos_v1:restless_spirit":1,"born_in_chaos_v1:zombie_lumberjack":3,"gnumus:pitcher_mouse_pac":1,"born_in_chaos_v1:door_knight_not_despawn":1,"minecraft:spider":6,"born_in_chaos_v1:siamese_skeletonsright":1,"born_in_chaos_v1:zombie_bruiser":1,"born_in_chaos_v1:baby_skeleton_minion":3,"minecraft:skeleton":7,"gnumus:gnumus_worker":4,"minecraft:chicken":1,"gnumus:pitcher_mousse":6,"gnumus:gnumus_hunter":2,"born_in_chaos_v1:firelight_not_despawn":2,"gnumus:gnumus_hunter_not_dispawn":2,"born_in_chaos_v1:spiritof_chaos":1,"born_in_chaos_v1:bonescaller":2,"gnumus:gnumus_shaman":1,"born_in_chaos_v1:diamond_termite":15,"born_in_chaos_v1:baby_skeleton":1,"minecraft:creeper":1,"born_in_chaos_v1:decrepit_skeleton":6,"duneons:mountaineer":2,"gnumus:gnumus_merchant":1,"minecraft:zombie":17,"born_in_chaos_v1:dread_hound":4,"born_in_chaos_v1:corpse_fly":1,"born_in_chaos_v1:door_knight":1,"minecraft:enderman":1,"born_in_chaos_v1:siamese_skeletonsleft":1,"minecraft:cow":8}},"DataVersion":3465}