{"stats":{"minecraft:killed":{"grimoireofgaia:dullahan":3,"riskofrain_mobs:lemurian_entity":1,"minecraft:spider":1,"minecraft:skeleton":1,"minecraft:zombie":1,"iceandfire:ghost":2,"bloodandmadness:beast_patient":2,"minecraft:chicken":1,"minecraft:cow":2},"minecraft:mined":{"biomesoplenty:orange_autumn_leaves":2,"iceandfire:graveyard_soil":1,"iceandfire:silver_ore":16,"minecraft:powder_snow":1,"minecraft:crafting_table":6,"gravestone:gravestone":8,"minecraft:allium":1,"minecraft:grass_block":4,"biomesoplenty:white_petals":1,"minecraft:tall_grass":1,"minecraft:cobblestone":2,"minecraft:spruce_leaves":5,"biomesoplenty:tundra_shrub":1,"minecraft:hay_block":7,"realmrpg_skeletons:bow_skeleton":1,"minecraft:furnace":3,"mirabilis:sand_pile":1,"biomesoplenty:yellow_autumn_leaves":2,"minecraft:iron_ore":17,"minecraft:ice":1,"minecraft:spruce_log":9,"minecraft:wither_rose":2,"minecraft:grass":14,"minecraft:coal_ore":43,"iceandfire:silver_pile":1,"minecraft:vine":1,"minecraft:sand":1,"minecraft:gravel":26,"minecraft:packed_ice":17,"mirabilis:oak_leave_carpet":1,"minecraft:stone":140,"minecraft:oak_leaves":2,"minecraft:fern":2},"minecraft:dropped":{"minecraft:gravel":23,"minecraft:wheat_seeds":1,"minecraft:iron_nugget":3,"minecraft:glow_ink_sac":3,"minecraft:feather":2,"minecraft:cobblestone":4,"minecraft:rotten_flesh":3,"minecraft:dirt":1,"minecraft:allium":1,"minecraft:stone_button":1,"iceandfire:silver_sword":1,"minecraft:ladder":1,"gravestone:obituary":11,"minecraft:wooden_pickaxe":1},"minecraft:picked_up":{"minecraft:crafting_table":6,"minecraft:allium":1,"minecraft:feather":2,"grimoireofgaia:soulfire":4,"minecraft:chicken":1,"minecraft:ladder":1,"minecraft:glow_ink_sac":3,"minecraft:leather":2,"minecraft:wither_rose":2,"minecraft:flint":3,"minecraft:stone_brick_stairs":2,"gravestone:obituary":2,"minecraft:dirt":4,"minecraft:item_frame":1,"minecraft:bone":3,"bloodandmadness:blood_vial":1,"minecraft:bow":1,"minecraft:wheat_seeds":1,"minecraft:beef":4,"minecraft:iron_nugget":3,"minecraft:oak_planks":3,"minecraft:furnace":3,"minecraft:egg":1,"minecraft:tipped_arrow":1,"minecraft:stick":3,"minecraft:raw_iron":18,"minecraft:gravel":23,"minecraft:stone_button":2,"minecraft:spruce_log":9,"minecraft:arrow":4,"minecraft:rotten_flesh":3,"iceandfire:silver_sword":1,"minecraft:hay_block":7,"minecraft:crossbow":1,"minecraft:baked_potato":4,"minecraft:coal":133,"iceandfire:raw_silver":17,"minecraft:cobblestone":146},"minecraft:custom":{"minecraft:interact_with_furnace":25,"spartanshields:shield_bash_hits":2,"minecraft:mob_kills":16,"minecraft:interact_with_crafting_table":14,"minecraft:open_barrel":6,"minecraft:interact_with_grindstone":1,"minecraft:leave_game":1,"minecraft:time_since_death":9956,"minecraft:climb_one_cm":2594,"minecraft:time_since_rest":10006,"minecraft:sprint_one_cm":180182,"minecraft:damage_taken":3665,"minecraft:walk_one_cm":132002,"minecraft:damage_blocked_by_shield":1665,"minecraft:trigger_trapped_chest":2,"minecraft:drop":30,"minecraft:damage_dealt":5169,"minecraft:swim_one_cm":8852,"minecraft:fly_one_cm":247382,"minecraft:open_chest":42,"minecraft:crouch_one_cm":2359,"minecraft:play_time":75036,"minecraft:deaths":10,"minecraft:sneak_time":1785,"minecraft:walk_under_water_one_cm":12955,"minecraft:jump":1369,"minecraft:walk_on_water_one_cm":28402,"minecraft:total_world_time":75036,"minecraft:fall_one_cm":34300},"minecraft:killed_by":{"riskofrain_mobs:stone_golem_entity":3,"grimoireofgaia:kobold":1,"iceandfire:ice_dragon":3,"minecraft:zombie":1,"grimoireofgaia:banshee":1,"iceandfire:ghost":1},"minecraft:broken":{"minecraft:stone_pickaxe":1},"minecraft:crafted":{"minecraft:stone_shovel":1,"minecraft:spruce_planks":132,"minecraft:iron_helmet":1,"minecraft:wooden_pickaxe":1,"minecraft:baked_potato":23,"minecraft:cooked_chicken":1,"minecraft:furnace":1,"minecraft:stone_axe":1,"minecraft:bread":21,"minecraft:air":0,"minecraft:iron_boots":1,"minecraft:shield":1,"minecraft:stick":8,"minecraft:iron_ingot":17,"minecraft:stone_pickaxe":2,"minecraft:iron_leggings":1,"minecraft:wheat":63},"minecraft:used":{"iceandfire:silver_sword":58,"minecraft:stone_pickaxe":230,"minecraft:stone_shovel":15,"minecraft:baked_potato":1,"minecraft:oak_planks":1,"minecraft:wooden_pickaxe":18,"minecraft:shield":31,"minecraft:cooked_chicken":1,"minecraft:dirt":3,"minecraft:crafting_table":6,"minecraft:carrot":1,"minecraft:spruce_log":1,"minecraft:bread":19,"spartanweaponry:iron_heavy_crossbow":7,"minecraft:item_frame":3,"minecraft:stone_axe":66,"minecraft:cobblestone":24,"minecraft:furnace":3,"minecraft:egg":1}},"DataVersion":3465}