{"stats":{"minecraft:killed_by":{"riskofrain_mobs:stone_golem_entity":2,"grimoireofgaia:kobold":1,"iceandfire:ice_dragon":3,"grimoireofgaia:banshee":1},"minecraft:broken":{"minecraft:stone_pickaxe":1},"minecraft:killed":{"grimoireofgaia:dullahan":3,"riskofrain_mobs:lemurian_entity":1,"minecraft:skeleton":1,"bloodandmadness:beast_patient":1,"minecraft:chicken":1},"minecraft:mined":{"biomesoplenty:orange_autumn_leaves":2,"iceandfire:silver_ore":4,"minecraft:powder_snow":1,"minecraft:crafting_table":6,"gravestone:gravestone":5,"minecraft:allium":1,"minecraft:grass_block":4,"minecraft:tall_grass":1,"minecraft:spruce_leaves":5,"minecraft:hay_block":7,"realmrpg_skeletons:bow_skeleton":1,"minecraft:furnace":3,"mirabilis:sand_pile":1,"biomesoplenty:yellow_autumn_leaves":2,"minecraft:iron_ore":17,"minecraft:spruce_log":9,"minecraft:wither_rose":2,"minecraft:grass":13,"minecraft:coal_ore":34,"iceandfire:silver_pile":1,"minecraft:gravel":26,"minecraft:sand":1,"mirabilis:oak_leave_carpet":1,"minecraft:stone":122,"minecraft:oak_leaves":2},"minecraft:dropped":{"minecraft:gravel":23,"minecraft:wheat_seeds":1,"minecraft:glow_ink_sac":2,"minecraft:feather":2,"minecraft:cobblestone":1,"minecraft:rotten_flesh":3,"minecraft:dirt":1,"minecraft:allium":1,"minecraft:stone_button":1,"minecraft:ladder":1,"gravestone:obituary":5,"minecraft:wooden_pickaxe":1},"minecraft:used":{"iceandfire:silver_sword":17,"minecraft:stone_shovel":15,"minecraft:stone_pickaxe":174,"minecraft:wooden_pickaxe":18,"minecraft:shield":23,"minecraft:cooked_chicken":1,"minecraft:dirt":3,"minecraft:crafting_table":5,"minecraft:spruce_log":1,"minecraft:bread":10,"spartanweaponry:iron_heavy_crossbow":6,"minecraft:item_frame":3,"minecraft:stone_axe":66,"minecraft:furnace":3,"minecraft:egg":1},"minecraft:crafted":{"minecraft:stone_shovel":1,"minecraft:spruce_planks":32,"minecraft:baked_potato":23,"minecraft:iron_helmet":1,"minecraft:wooden_pickaxe":1,"minecraft:cooked_chicken":1,"minecraft:furnace":1,"minecraft:stone_axe":1,"minecraft:air":0,"minecraft:iron_boots":1,"minecraft:shield":1,"minecraft:stick":8,"minecraft:iron_ingot":17,"minecraft:stone_pickaxe":2,"minecraft:iron_leggings":1},"minecraft:custom":{"minecraft:interact_with_furnace":25,"spartanshields:shield_bash_hits":1,"minecraft:mob_kills":8,"minecraft:interact_with_crafting_table":11,"minecraft:open_barrel":3,"minecraft:time_since_death":103,"minecraft:climb_one_cm":2594,"minecraft:time_since_rest":147,"minecraft:sprint_one_cm":116957,"minecraft:damage_taken":2413,"minecraft:walk_one_cm":98238,"minecraft:damage_blocked_by_shield":1485,"minecraft:drop":18,"minecraft:damage_dealt":3115,"minecraft:swim_one_cm":1434,"minecraft:fly_one_cm":136867,"minecraft:open_chest":28,"minecraft:crouch_one_cm":1641,"minecraft:play_time":50092,"minecraft:deaths":7,"minecraft:sneak_time":1037,"minecraft:walk_under_water_one_cm":2424,"minecraft:jump":856,"minecraft:walk_on_water_one_cm":3897,"minecraft:total_world_time":50092,"minecraft:fall_one_cm":18957},"minecraft:picked_up":{"minecraft:crafting_table":6,"minecraft:allium":1,"minecraft:feather":2,"grimoireofgaia:soulfire":4,"minecraft:chicken":1,"minecraft:ladder":1,"minecraft:glow_ink_sac":2,"minecraft:wither_rose":2,"minecraft:flint":3,"minecraft:stone_brick_stairs":2,"gravestone:obituary":2,"minecraft:dirt":4,"minecraft:item_frame":1,"minecraft:bone":3,"minecraft:bow":1,"minecraft:wheat_seeds":1,"minecraft:iron_nugget":3,"minecraft:oak_planks":3,"minecraft:egg":1,"minecraft:furnace":3,"minecraft:tipped_arrow":1,"minecraft:stick":3,"minecraft:raw_iron":18,"minecraft:gravel":23,"minecraft:stone_button":2,"minecraft:spruce_log":9,"minecraft:arrow":4,"minecraft:rotten_flesh":3,"minecraft:hay_block":7,"minecraft:crossbow":1,"minecraft:baked_potato":4,"minecraft:coal":124,"iceandfire:raw_silver":4,"minecraft:cobblestone":123}},"DataVersion":3465}