{"stats":{"minecraft:killed":{"minecraft:cave_spider":1,"minecraft:spider":2,"born_in_chaos_v1:decrepit_skeleton":3,"minecraft:skeleton":1,"minecraft:zombie":2,"born_in_chaos_v1:firelight_not_despawn":2,"minecraft:cow":1},"minecraft:used":{"minecraft:wheat_seeds":2,"minecraft:stone_pickaxe":87,"minecraft:wooden_pickaxe":53,"minecraft:shield":7,"minecraft:iron_sword":5,"brewery:corn_seeds":2,"minecraft:dirt":4,"minecraft:crafting_table":5,"minecraft:carrot":39,"minecraft:wooden_axe":44,"minecraft:iron_pickaxe":10,"minecraft:tripwire_hook":1,"minecraft:stone_axe":104,"minecraft:cobblestone":25,"minecraft:furnace":1,"minecraft:beetroot_seeds":8,"farmersdelight:tomato_seeds":12},"minecraft:custom":{"minecraft:interact_with_furnace":10,"minecraft:mob_kills":12,"minecraft:interact_with_crafting_table":12,"minecraft:open_barrel":46,"minecraft:eat_cake_slice":4,"minecraft:leave_game":2,"minecraft:time_since_death":27247,"minecraft:climb_one_cm":3379,"minecraft:waystone_activated":1,"minecraft:time_since_rest":27271,"minecraft:sprint_one_cm":149800,"minecraft:damage_taken":1570,"minecraft:walk_one_cm":142321,"minecraft:damage_blocked_by_shield":450,"minecraft:drop":24,"minecraft:damage_dealt":3064,"minecraft:damage_dealt_absorbed":40,"minecraft:talked_to_villager":2,"minecraft:fly_one_cm":111502,"minecraft:open_chest":45,"minecraft:crouch_one_cm":2788,"minecraft:play_time":51349,"minecraft:sneak_time":1205,"minecraft:deaths":3,"minecraft:jump":660,"minecraft:total_world_time":51349,"minecraft:fall_one_cm":24676},"minecraft:dropped":{"minecraft:iron_ingot":26,"alexsmobs:animal_dictionary":2,"minecraft:cobblestone":2,"minecraft:emerald":1,"beachparty:rubber_ring_axolotl":1,"gravestone:obituary":1,"minecraft:bone_meal":9,"minecraft:stone_pickaxe":1,"minecraft:sugar":4,"minecraft:dark_oak_planks":64,"minecraft:bucket":2,"minecraft:tripwire_hook":2,"minecraft:armor_stand":2},"minecraft:picked_up":{"minecraft:crafting_table":4,"minecraft:iron_chestplate":1,"beachparty:rubber_ring_axolotl":2,"minecraft:tripwire_hook":2,"minecraft:leather":5,"minecraft:potato":9,"minecraft:dirt":4,"minecraft:string":7,"minecraft:iron_leggings":1,"minecraft:armor_stand":2,"minecraft:bone":6,"minecraft:beetroot":3,"minecraft:wheat_seeds":2,"minecraft:bucket":2,"minecraft:iron_ingot":27,"minecraft:beef":3,"minecraft:iron_sword":1,"minecraft:iron_boots":1,"minecraft:furnace":1,"minecraft:dark_oak_sapling":8,"minecraft:stick":10,"minecraft:raw_iron":16,"minecraft:spruce_sapling":4,"minecraft:spruce_log":14,"minecraft:carrot":20,"minecraft:dark_oak_log":23,"minecraft:spider_eye":1,"alexsmobs:animal_dictionary":2,"minecraft:dark_oak_planks":64,"minecraft:arrow":4,"minecraft:sugar":2,"minecraft:rotten_flesh":3,"born_in_chaos_v1:fire_dust":2,"minecraft:beetroot_seeds":8,"minecraft:hay_block":41,"minecraft:iron_helmet":1,"minecraft:iron_block":1,"minecraft:bone_meal":9,"minecraft:emerald":2,"minecraft:coal":35,"minecraft:cobblestone":81},"minecraft:crafted":{"sophisticatedbackpacks:backpack":1,"minecraft:tripwire_hook":2,"minecraft:crafting_table":1,"minecraft:wooden_pickaxe":1,"minecraft:furnace":1,"minecraft:stone_axe":1,"minecraft:air":0,"minecraft:shield":1,"minecraft:iron_ingot":15,"minecraft:stone_pickaxe":1,"minecraft:wooden_axe":1,"minecraft:chest":1,"minecraft:dark_oak_planks":48,"minecraft:trapped_chest":1,"minecraft:wheat":216},"minecraft:mined":{"minecraft:dark_oak_log":3,"minecraft:crafting_table":4,"gravestone:gravestone":3,"biomesoplenty:bush":1,"minecraft:grass_block":4,"minecraft:spawner":3,"minecraft:hay_block":24,"minecraft:furnace":1,"minecraft:carrots":20,"minecraft:iron_ore":16,"minecraft:fire":2,"minecraft:wheat":2,"treechop:chopped_log":4,"minecraft:grass":3,"minecraft:potatoes":9,"minecraft:coal_ore":35,"minecraft:beetroots":3,"biomesoplenty:webbing":1,"minecraft:iron_bars":5,"minecraft:cobweb":5,"biomesoplenty:spider_egg":1,"minecraft:stone":84,"minecraft:iron_block":1,"minecraft:oak_leaves":1},"minecraft:broken":{"minecraft:wooden_axe":1},"minecraft:killed_by":{"minecraft:skeleton":1,"minecraft:zombie":1}},"DataVersion":3465}