{"stats":{"minecraft:custom":{"minecraft:time_since_rest":6834,"minecraft:interact_with_furnace":10,"minecraft:sprint_one_cm":101239,"minecraft:damage_taken":2290,"minecraft:walk_one_cm":85177,"minecraft:mob_kills":2,"minecraft:drop":2,"minecraft:damage_dealt":859,"minecraft:interact_with_crafting_table":13,"minecraft:player_kills":2,"minecraft:fly_one_cm":57064,"minecraft:open_chest":56,"minecraft:crouch_one_cm":20553,"minecraft:play_time":27600,"minecraft:deaths":9,"minecraft:sneak_time":4216,"minecraft:walk_under_water_one_cm":5321,"minecraft:jump":251,"minecraft:leave_game":3,"minecraft:walk_on_water_one_cm":2285,"minecraft:time_since_death":6822,"minecraft:total_world_time":27600,"minecraft:fall_one_cm":3100},"minecraft:crafted":{"minecraft:oak_slab":24,"minecraft:oak_planks":52,"minecraft:cooked_porkchop":3,"minecraft:crafting_table":1,"minecraft:stick":8,"minecraft:iron_ingot":6,"minecraft:wooden_axe":3,"minecraft:air":0},"minecraft:mined":{"minecraft:birch_log":1,"minecraft:dark_oak_log":1,"minecraft:pumpkin":1,"minecraft:carved_pumpkin":1,"minecraft:clay":3,"minecraft:oak_fence":4,"minecraft:melon":1,"minecraft:grass_block":72,"minecraft:oak_log":25,"minecraft:chest":4,"minecraft:dirt":1,"minecraft:stripped_oak_log":1,"minecraft:oak_planks":1,"minecraft:podzol":4},"minecraft:broken":{"minecraft:wooden_axe":2},"minecraft:killed":{"minecraft:skeleton":1,"minecraft:creeper":1},"minecraft:dropped":{"minecraft:dirt":2},"minecraft:used":{"minecraft:oak_log":1,"minecraft:oak_fence":3,"minecraft:wooden_axe":121,"minecraft:oak_planks":1,"minecraft:chest":6,"minecraft:dirt":17,"minecraft:oak_slab":14,"minecraft:crafting_table":1,"minecraft:cooked_porkchop":1,"minecraft:egg":1,"minecraft:shears":1,"minecraft:pumpkin":1},"minecraft:picked_up":{"minecraft:birch_log":16,"minecraft:stick":2,"the_slumbering_omen:distantectoplasm":1,"minecraft:pumpkin":1,"minecraft:clay_ball":12,"minecraft:leather":1,"minecraft:oak_fence":3,"minecraft:torch":1,"minecraft:birch_planks":1,"minecraft:flint":3,"minecraft:oak_log":22,"minecraft:gunpowder":2,"minecraft:dark_oak_log":1,"minecraft:dirt":70,"minecraft:pumpkin_seeds":4,"minecraft:bone":1,"minecraft:arrow":2,"minecraft:wheat_seeds":9,"minecraft:shears":1,"minecraft:granite":1,"minecraft:carved_pumpkin":1,"minecraft:oak_sapling":1,"minecraft:melon_slice":6,"minecraft:chest":9,"minecraft:oak_planks":1,"minecraft:oak_slab":2},"minecraft:killed_by":{"minecraft:player":2,"goatman:goatman":2}},"DataVersion":3120}