{"stats":{"minecraft:killed_by":{"minecraft:creeper":1,"minecraft:zombie":1,"born_in_chaos_v1:lifestealer_true_form":1,"minecraft:spider":2,"minecraft:warden":1,"minecraft:skeleton":1},"minecraft:custom":{"minecraft:interact_with_crafting_table":58,"minecraft:open_barrel":85,"minecraft:bell_ring":4,"minecraft:eat_cake_slice":10,"minecraft:leave_game":8,"minecraft:time_since_death":104077,"minecraft:sprint_one_cm":778175,"minecraft:damage_blocked_by_shield":2325,"minecraft:drop":56,"minecraft:talked_to_villager":3,"minecraft:play_time":313725,"minecraft:deaths":10,"minecraft:jump":5044,"minecraft:walk_on_water_one_cm":42894,"minecraft:interact_with_furnace":22,"minecraft:interact_with_loom":1,"minecraft:waystone_activated":3,"minecraft:damage_dealt":22444,"minecraft:crouch_one_cm":151863,"minecraft:interact_with_smoker":1,"minecraft:interact_with_smithing_table":3,"minecraft:mob_kills":121,"minecraft:damage_dealt_resisted":3693,"minecraft:climb_one_cm":7674,"minecraft:walk_one_cm":682011,"minecraft:damage_dealt_absorbed":40,"minecraft:sneak_time":40813,"minecraft:walk_under_water_one_cm":41582,"minecraft:total_world_time":313725,"minecraft:time_since_rest":104150,"minecraft:damage_taken":8460,"minecraft:trigger_trapped_chest":2,"minecraft:swim_one_cm":122756,"minecraft:fly_one_cm":746022,"minecraft:open_chest":120,"minecraft:fall_one_cm":161690},"minecraft:picked_up":{"minecraft:seagrass":5,"minecraft:iron_chestplate":1,"minecraft:wheat":1,"beachparty:rubber_ring_axolotl":2,"minecraft:flower_pot":1,"gnumus:gnumus_claw":14,"minecraft:smithing_table":1,"minecraft:string":41,"minecraft:raw_copper":9,"minecraft:iron_leggings":2,"minecraft:armor_stand":2,"minecraft:beetroot":3,"minecraft:cobbled_deepslate":108,"minecraft:bucket":2,"minecraft:spruce_planks":28,"minecraft:iron_pickaxe":2,"minecraft:coal_block":1,"minecraft:melon_slice":147,"minecraft:iron_boots":1,"minecraft:mangrove_log":2,"minecraft:furnace":3,"minecraft:stick":11,"minecraft:rotten_flesh":32,"minecraft:polished_basalt":1,"minecraft:iron_block":1,"gnumus:gnumus_chickpeas":14,"minecraft:iron_bars":3,"iammusicplayer:boombox":2,"minecraft:cobblestone":111,"biomesoplenty:lavender":2,"gnumus:gnumus_doubloons":25,"minecraft:feather":1,"born_in_chaos_v1:spiritual_dust":2,"gnumus:overripe_carrot":12,"minecraft:potato":9,"minecraft:dirt":6,"minecraft:lantern":1,"minecraft:disc_fragment_5":3,"gnumus:gnumus_pouch_2":3,"born_in_chaos_v1:monster_skin":2,"minecraft:bone":19,"minecraft:wheat_seeds":7,"minecraft:raw_gold":29,"minecraft:rabbit":6,"minecraft:oak_planks":1,"minecraft:cooked_porkchop":2,"minecraft:sand":20,"sophisticatedbackpacks:iron_backpack":2,"minecraft:dark_oak_log":24,"minecraft:trapped_chest":1,"minecraft:barrel":1,"alexsmobs:animal_dictionary":2,"beachparty:rubber_ring_pelican":1,"minecraft:sugar":2,"born_in_chaos_v1:fire_dust":2,"minecraft:diamond":11,"gnumus:gnumus_clay":40,"minecraft:granite":1,"minecraft:bone_meal":10,"minecraft:emerald":4,"sophisticatedbackpacks:gold_backpack":1,"minecraft:crafting_table":11,"born_in_chaos_v1:diamond_termite_shard":17,"minecraft:chicken":1,"born_in_chaos_v1:seedof_chaos":1,"minecraft:chain":2,"minecraft:iron_axe":1,"minecraft:item_frame":1,"minecraft:blue_orchid":1,"minecraft:candle":2,"minecraft:beef":21,"minecraft:sugar_cane":5,"minecraft:egg":3,"minecraft:dark_oak_sapling":8,"minecraft:raw_iron":34,"gnumus:juicy_meat":1,"sophisticatedbackpacks:backpack":1,"born_in_chaos_v1:pieceofdarkmetal":1,"minecraft:carrot":29,"minecraft:redstone":25,"minecraft:dark_oak_planks":64,"minecraft:tnt":2,"gnumus:pileof_gnumus_doubloons":1,"minecraft:arrow":11,"minecraft:beetroot_seeds":8,"minecraft:peony":1,"minecraft:deepslate_bricks":1,"minecraft:hay_block":41,"artifacts:cross_necklace":2,"gnumus:gnumus_pouch_3":1,"gnumus:mouse_skin":16,"minecraft:glow_berries":3,"born_in_chaos_v1:fused_bone":1,"born_in_chaos_v1:corpse_maggot":1,"born_in_chaos_v1:monster_flesh":4,"minecraft:tripwire_hook":2,"minecraft:glow_ink_sac":11,"minecraft:leather":12,"gnumus:gnumus_pouch":7,"minecraft:oak_log":12,"minecraft:gunpowder":12,"minecraft:stone_bricks":2,"minecraft:apple":3,"minecraft:gray_carpet":29,"minecraft:rabbit_hide":4,"minecraft:iron_ingot":32,"minecraft:iron_sword":2,"born_in_chaos_v1:lifestealer_bone":4,"minecraft:dripstone_block":9,"duneons:highlandfern":1,"minecraft:amethyst_shard":3,"gnumus:gnumus_cheese":3,"minecraft:spruce_sapling":4,"minecraft:spruce_log":14,"minecraft:dark_oak_fence_gate":1,"minecraft:spider_eye":10,"duneons:minecartgift":4,"minecraft:iron_helmet":1,"minecraft:coal":44,"minecraft:ender_pearl":1},"minecraft:mined":{"minecraft:cobblestone_stairs":1,"minecraft:sculk_vein":79,"minecraft:potted_blue_orchid":1,"minecraft:grass_block":7,"minecraft:mangrove_fence":1,"minecraft:coal_block":1,"iammusicplayer:boombox":2,"duneons:standfortorchgold":1,"minecraft:spawner":9,"minecraft:tall_seagrass":12,"minecraft:sculk_catalyst":4,"minecraft:iron_ore":23,"minecraft:cobbled_deepslate":2,"minecraft:fire":2,"biomesoplenty:lavender":1,"minecraft:sculk_shrieker":8,"minecraft:iron_bars":7,"biomesoplenty:webbing":2,"minecraft:iron_block":1,"minecraft:tripwire":2,"minecraft:deepslate_redstone_ore":3,"minecraft:soul_fire":1,"minecraft:melon":32,"minecraft:cobblestone":7,"minecraft:seagrass":8,"minecraft:wheat":2,"minecraft:tnt":2,"minecraft:grass":22,"minecraft:beetroots":3,"minecraft:sand":8,"minecraft:dirt":1,"minecraft:oak_leaves":3,"minecraft:deepslate":93,"minecraft:mossy_cobblestone":1,"minecraft:deepslate_diamond_ore":11,"minecraft:dark_oak_log":3,"born_in_chaos_v1:infected_diamond_ore":4,"gravestone:gravestone":9,"biomesoplenty:bush":2,"duneons:highlandtallgrass":2,"minecraft:redstone_wire":1,"minecraft:hay_block":24,"minecraft:redstone_ore":3,"minecraft:furnace":2,"minecraft:carrots":20,"minecraft:polished_basalt":1,"minecraft:dark_oak_fence_gate":1,"treechop:chopped_log":4,"minecraft:peony":1,"minecraft:potatoes":9,"minecraft:deepslate_iron_ore":8,"gnumus:fragile_gnumus_jug":19,"biomesoplenty:spider_egg":1,"minecraft:stone":99,"minecraft:smithing_table":1,"minecraft:glass_pane":2,"gnumus:gnumus_clay_brick_wall":1,"minecraft:dandelion":1,"minecraft:crafting_table":11,"minecraft:sculk_sensor":76,"minecraft:tall_grass":3,"minecraft:deepslate_gold_ore":19,"minecraft:sculk":878,"duneons:highlandfern":1,"minecraft:coal_ore":40,"minecraft:gray_carpet":21,"biomesoplenty:stringy_cobweb":1,"minecraft:cobweb":32,"minecraft:stone_bricks":2,"minecraft:fern":24},"minecraft:crafted":{"minecraft:oak_planks":32,"iammusicplayer:music_manager":1,"iammusicplayer:boombox":1,"minecraft:glass":8,"minecraft:chest":1,"minecraft:stone_hoe":2,"gnumus:gnumus_cutlass":1,"sophisticatedbackpacks:backpack":1,"minecraft:crafting_table":1,"minecraft:spruce_planks":24,"minecraft:wooden_pickaxe":1,"minecraft:shield":2,"minecraft:stick":12,"minecraft:iron_ingot":15,"minecraft:gold_ingot":3,"minecraft:shears":1,"minecraft:tripwire_hook":2,"minecraft:jukebox":1,"minecraft:iron_nugget":9,"minecraft:furnace":1,"minecraft:glass_pane":16,"minecraft:iron_hoe":3,"minecraft:stone_pickaxe":1,"minecraft:redstone_block":1,"minecraft:dark_oak_planks":64,"minecraft:wheat":216,"sophisticatedbackpacks:iron_backpack":1,"minecraft:diamond_sword":1,"sophisticatedbackpacks:gold_backpack":1,"minecraft:mangrove_planks":4,"minecraft:dark_oak_button":1,"minecraft:stone_axe":1,"minecraft:air":0,"minecraft:gold_nugget":9,"minecraft:wooden_axe":1,"minecraft:note_block":2,"minecraft:trapped_chest":1},"minecraft:broken":{"gnumus:gnumus_cutlass":1,"minecraft:stone_axe":1,"minecraft:iron_sword":1,"minecraft:wooden_axe":1,"minecraft:iron_hoe":3,"minecraft:stone_hoe":2,"minecraft:shield":1,"minecraft:iron_pickaxe":1,"minecraft:iron_helmet":1},"minecraft:used":{"minecraft:beetroot":14,"minecraft:polished_basalt":1,"minecraft:shield":44,"minecraft:iron_sword":227,"minecraft:iron_chestplate":1,"iammusicplayer:boombox":2,"minecraft:carrot":48,"born_in_chaos_v1:corpse_maggot":1,"minecraft:stone_bricks":2,"minecraft:item_frame":1,"minecraft:furnace":2,"minecraft:beetroot_seeds":8,"minecraft:egg":1,"minecraft:gray_carpet":29,"minecraft:stone_pickaxe":87,"minecraft:mangrove_planks":4,"minecraft:oak_planks":31,"minecraft:ender_pearl":1,"minecraft:wooden_pickaxe":53,"brewery:corn_seeds":2,"gnumus:gnumus_cutlass":12,"minecraft:dripstone_block":9,"minecraft:dark_oak_log":8,"minecraft:bread":67,"minecraft:melon_slice":87,"minecraft:diamond_sword":263,"minecraft:coal_block":1,"minecraft:chain":2,"minecraft:iron_bars":3,"minecraft:spruce_planks":28,"minecraft:stone_hoe":262,"minecraft:dirt":4,"minecraft:granite":1,"minecraft:iron_hoe":750,"minecraft:wooden_axe":44,"minecraft:dark_oak_planks":15,"minecraft:iron_axe":44,"minecraft:tripwire_hook":1,"minecraft:beef":4,"farmersdelight:tomato_seeds":12,"minecraft:cobbled_deepslate":99,"minecraft:wheat_seeds":2,"minecraft:water_bucket":37,"gnumus:overripe_carrot":3,"minecraft:deepslate_bricks":1,"minecraft:crafting_table":11,"gnumus:gnumus_cheese":1,"minecraft:flower_pot":1,"minecraft:iron_pickaxe":256,"minecraft:stone_axe":118,"duneons:minecartgift":4,"minecraft:cobblestone":90,"minecraft:cooked_porkchop":2,"minecraft:bucket":38,"minecraft:candle":2,"beachparty:rubber_ring_pelican":1},"minecraft:dropped":{"minecraft:iron_sword":1,"minecraft:leather":2,"born_in_chaos_v1:pieceofdarkmetal":1,"minecraft:emerald":1,"minecraft:dirt":2,"beachparty:rubber_ring_pelican":1,"gravestone:obituary":7,"minecraft:bone_meal":9,"minecraft:sugar":4,"minecraft:iron_pickaxe":2,"minecraft:dark_oak_planks":64,"minecraft:armor_stand":2,"minecraft:bone":1,"minecraft:sugar_cane":3,"alexsmobs:animal_dictionary":2,"minecraft:cobbled_deepslate":7,"minecraft:dark_oak_fence_gate":1,"minecraft:carrot":1,"beachparty:rubber_ring_axolotl":1,"minecraft:iron_ingot":26,"minecraft:cobblestone":2,"minecraft:disc_fragment_5":3,"minecraft:coal":13,"minecraft:iron_leggings":1,"minecraft:tripwire_hook":2,"minecraft:trapped_chest":1,"minecraft:bucket":2,"minecraft:raw_copper":4,"duneons:highlandfern":1,"sophisticatedbackpacks:backpack":2,"minecraft:barrel":1,"minecraft:spider_eye":1,"minecraft:blue_orchid":1,"gnumus:gnumus_cheese":1,"minecraft:stone_pickaxe":1},"minecraft:killed":{"born_in_chaos_v1:lifestealer_true_form":1,"minecraft:cave_spider":3,"born_in_chaos_v1:zombie_lumberjack":3,"born_in_chaos_v1:restless_spirit":1,"born_in_chaos_v1:door_knight_not_despawn":1,"minecraft:spider":8,"born_in_chaos_v1:siamese_skeletonsright":1,"born_in_chaos_v1:baby_skeleton_minion":3,"minecraft:skeleton":8,"minecraft:chicken":1,"gnumus:pitcher_mousse":7,"born_in_chaos_v1:firelight_not_despawn":2,"born_in_chaos_v1:bonescaller":2,"gnumus:gnumus_shaman":1,"minecraft:zombie_villager":1,"born_in_chaos_v1:diamond_termite":15,"minecraft:creeper":1,"duneons:mountaineer":2,"minecraft:zombie":18,"born_in_chaos_v1:dread_hound":4,"born_in_chaos_v1:corpse_fly":1,"born_in_chaos_v1:door_knight":1,"born_in_chaos_v1:siamese_skeletonsleft":1,"minecraft:cow":8,"gnumus:pitcher_mouse_pac":1,"born_in_chaos_v1:zombie_bruiser":1,"minecraft:phantom":2,"gnumus:gnumus_worker":4,"gnumus:gnumus_hunter":2,"born_in_chaos_v1:corpse_fish":1,"gnumus:gnumus_hunter_not_dispawn":6,"born_in_chaos_v1:spiritof_chaos":1,"born_in_chaos_v1:baby_skeleton":1,"born_in_chaos_v1:decrepit_skeleton":6,"gnumus:gnumus_merchant":1,"minecraft:enderman":1}},"DataVersion":3465}