{"stats":{"minecraft:custom":{"minecraft:time_since_rest":834,"minecraft:interact_with_furnace":9,"minecraft:sprint_one_cm":82179,"minecraft:damage_taken":2290,"minecraft:walk_one_cm":64306,"minecraft:mob_kills":2,"minecraft:drop":2,"minecraft:damage_dealt":849,"minecraft:interact_with_crafting_table":9,"minecraft:player_kills":2,"minecraft:fly_one_cm":43244,"minecraft:open_chest":43,"minecraft:crouch_one_cm":19608,"minecraft:play_time":21600,"minecraft:deaths":9,"minecraft:sneak_time":4035,"minecraft:walk_under_water_one_cm":5321,"minecraft:jump":210,"minecraft:leave_game":3,"minecraft:walk_on_water_one_cm":2285,"minecraft:time_since_death":822,"minecraft:total_world_time":21600,"minecraft:fall_one_cm":3100},"minecraft:crafted":{"minecraft:oak_slab":24,"minecraft:oak_planks":52,"minecraft:cooked_porkchop":3,"minecraft:crafting_table":1,"minecraft:stick":8,"minecraft:iron_ingot":6,"minecraft:wooden_axe":2,"minecraft:air":0},"minecraft:mined":{"minecraft:oak_fence":4,"minecraft:grass_block":35,"minecraft:oak_log":22,"minecraft:chest":4,"minecraft:dirt":1,"minecraft:stripped_oak_log":1,"minecraft:oak_planks":1},"minecraft:broken":{"minecraft:wooden_axe":1},"minecraft:killed":{"minecraft:skeleton":1,"minecraft:creeper":1},"minecraft:dropped":{"minecraft:dirt":2},"minecraft:used":{"minecraft:oak_log":1,"minecraft:oak_fence":3,"minecraft:wooden_axe":71,"minecraft:oak_planks":1,"minecraft:chest":6,"minecraft:dirt":17,"minecraft:oak_slab":13,"minecraft:crafting_table":1,"minecraft:cooked_porkchop":1},"minecraft:picked_up":{"minecraft:birch_log":15,"minecraft:stick":2,"the_slumbering_omen:distantectoplasm":1,"minecraft:leather":1,"minecraft:oak_fence":3,"minecraft:torch":1,"minecraft:birch_planks":1,"minecraft:flint":3,"minecraft:oak_log":19,"minecraft:gunpowder":2,"minecraft:dirt":29,"minecraft:bone":1,"minecraft:arrow":2,"minecraft:wheat_seeds":9,"minecraft:granite":1,"minecraft:oak_sapling":1,"minecraft:chest":9,"minecraft:oak_planks":1,"minecraft:oak_slab":1},"minecraft:killed_by":{"minecraft:player":2,"goatman:goatman":2}},"DataVersion":3120}