{"stats":{"minecraft:used":{"minecraft:diorite":4,"minecraft:iron_axe":4,"minecraft:stone_pickaxe":246,"minecraft:iron_pickaxe":1,"minecraft:wooden_pickaxe":8,"regions_unexplored:pointed_redstone":1,"regions_unexplored:willow_log":1,"minecraft:dirt":7,"minecraft:cobblestone":126,"regions_unexplored:magnolia_sapling":2,"minecraft:crafting_table":5,"minecraft:furnace":1,"minecraft:andesite":11,"tombstone:gift":1,"regions_unexplored:prismarite_cluster":2},"minecraft:crafted":{"minecraft:iron_boots":1,"minecraft:shield":1,"minecraft:iron_axe":1,"minecraft:crafting_table":1,"minecraft:iron_pickaxe":1,"minecraft:stick":8,"minecraft:iron_helmet":1,"minecraft:iron_ingot":19,"minecraft:wooden_pickaxe":1,"minecraft:stone_pickaxe":2,"minecraft:furnace":1,"regions_unexplored:magnolia_planks":52,"minecraft:air":0},"minecraft:mined":{"regions_unexplored:pointed_redstone":1,"minecraft:furnace":1,"regions_unexplored:willow_log":1,"regions_unexplored:willow_leaves":1,"minecraft:iron_ore":20,"regions_unexplored:magnolia_log":2,"minecraft:andesite":11,"treechop:chopped_log":1,"minecraft:crafting_table":5,"minecraft:grass_block":6,"minecraft:coal_ore":60,"minecraft:dirt":4,"galosphere:silver_ore":1,"regions_unexplored:medium_grass":1,"minecraft:stone":154,"minecraft:diorite":4,"regions_unexplored:prismarite_cluster":2},"minecraft:custom":{"minecraft:time_since_rest":5895,"minecraft:interact_with_furnace":11,"minecraft:sprint_one_cm":13109,"minecraft:damage_taken":363,"minecraft:walk_one_cm":63459,"minecraft:mob_kills":1,"minecraft:damage_dealt":130,"minecraft:interact_with_crafting_table":9,"minecraft:fly_one_cm":10791,"minecraft:crouch_one_cm":678,"tombstone:undead_killed":1,"minecraft:play_time":28471,"minecraft:deaths":1,"minecraft:sneak_time":239,"minecraft:jump":376,"minecraft:leave_game":2,"minecraft:walk_on_water_one_cm":834,"minecraft:time_since_death":6542,"minecraft:total_world_time":28471,"minecraft:fall_one_cm":7280},"minecraft:picked_up":{"regions_unexplored:pointed_redstone":1,"minecraft:stick":4,"minecraft:raw_iron":20,"minecraft:crafting_table":5,"minecraft:andesite":11,"regions_unexplored:magnolia_log":13,"minecraft:diorite":4,"regions_unexplored:prismarite_cluster":2,"minecraft:dirt":10,"minecraft:arrow":2,"minecraft:bone":2,"regions_unexplored:willow_log":1,"galosphere:raw_silver":1,"regions_unexplored:magnolia_sapling":2,"minecraft:coal":60,"minecraft:cobblestone":153,"minecraft:furnace":1},"minecraft:broken":{"minecraft:stone_pickaxe":1},"minecraft:killed":{"minecraft:skeleton":1}},"DataVersion":3465}