{"stats":{"minecraft:killed":{"minecraft:cave_spider":3,"born_in_chaos_v1:zombie_lumberjack":1,"born_in_chaos_v1:restless_spirit":1,"born_in_chaos_v1:door_knight_not_despawn":1,"minecraft:spider":4,"born_in_chaos_v1:siamese_skeletonsright":1,"born_in_chaos_v1:baby_skeleton_minion":1,"minecraft:skeleton":3,"minecraft:chicken":1,"gnumus:gnumus_hunter":2,"born_in_chaos_v1:firelight_not_despawn":2,"born_in_chaos_v1:bonescaller":1,"born_in_chaos_v1:diamond_termite":15,"born_in_chaos_v1:decrepit_skeleton":6,"gnumus:gnumus_merchant":1,"minecraft:zombie":12,"born_in_chaos_v1:dread_hound":2,"born_in_chaos_v1:door_knight":1,"born_in_chaos_v1:siamese_skeletonsleft":1,"minecraft:cow":8},"minecraft:mined":{"minecraft:deepslate_diamond_ore":6,"minecraft:dark_oak_log":3,"born_in_chaos_v1:infected_diamond_ore":4,"gravestone:gravestone":5,"biomesoplenty:bush":1,"minecraft:grass_block":4,"minecraft:coal_block":1,"minecraft:spawner":9,"minecraft:hay_block":24,"minecraft:furnace":2,"minecraft:carrots":20,"minecraft:iron_ore":19,"minecraft:cobbled_deepslate":1,"minecraft:fire":2,"treechop:chopped_log":4,"minecraft:peony":1,"minecraft:sculk_shrieker":4,"minecraft:potatoes":9,"minecraft:deepslate_iron_ore":8,"minecraft:iron_bars":5,"biomesoplenty:webbing":2,"biomesoplenty:spider_egg":1,"minecraft:stone":98,"minecraft:iron_block":1,"minecraft:smithing_table":1,"minecraft:soul_fire":1,"minecraft:crafting_table":8,"minecraft:sculk_sensor":4,"minecraft:cobblestone":3,"minecraft:deepslate_gold_ore":19,"minecraft:wheat":2,"minecraft:tnt":2,"minecraft:grass":8,"minecraft:coal_ore":35,"minecraft:beetroots":3,"minecraft:gray_carpet":21,"biomesoplenty:stringy_cobweb":1,"minecraft:cobweb":31,"minecraft:oak_leaves":1,"minecraft:deepslate":41},"minecraft:broken":{"gnumus:gnumus_cutlass":1,"minecraft:stone_axe":1,"minecraft:iron_sword":1,"minecraft:wooden_axe":1},"minecraft:killed_by":{"minecraft:spider":2,"minecraft:warden":1,"minecraft:skeleton":1,"minecraft:zombie":1},"minecraft:dropped":{"minecraft:iron_ingot":26,"minecraft:iron_sword":1,"minecraft:cobblestone":2,"minecraft:leather":2,"born_in_chaos_v1:pieceofdarkmetal":1,"minecraft:coal":13,"minecraft:emerald":1,"beachparty:rubber_ring_pelican":1,"minecraft:iron_leggings":1,"gravestone:obituary":3,"minecraft:bone_meal":9,"minecraft:sugar":4,"minecraft:iron_pickaxe":2,"minecraft:dark_oak_planks":64,"minecraft:bucket":2,"minecraft:tripwire_hook":2,"minecraft:trapped_chest":1,"minecraft:bone":1,"minecraft:armor_stand":2,"alexsmobs:animal_dictionary":2,"minecraft:raw_copper":4,"sophisticatedbackpacks:backpack":2,"minecraft:carrot":1,"beachparty:rubber_ring_axolotl":1,"minecraft:barrel":1,"minecraft:spider_eye":1,"minecraft:stone_pickaxe":1},"minecraft:used":{"minecraft:shield":29,"minecraft:iron_sword":227,"minecraft:iron_chestplate":1,"minecraft:dirt":4,"minecraft:carrot":48,"minecraft:dark_oak_planks":15,"minecraft:wooden_axe":44,"minecraft:item_frame":1,"minecraft:tripwire_hook":1,"minecraft:beef":4,"minecraft:furnace":2,"minecraft:beetroot_seeds":8,"farmersdelight:tomato_seeds":12,"minecraft:cobbled_deepslate":37,"minecraft:wheat_seeds":2,"minecraft:water_bucket":8,"minecraft:stone_pickaxe":87,"minecraft:gray_carpet":29,"minecraft:wooden_pickaxe":53,"brewery:corn_seeds":2,"minecraft:deepslate_bricks":1,"minecraft:crafting_table":8,"gnumus:gnumus_cutlass":12,"minecraft:bread":36,"minecraft:iron_pickaxe":149,"minecraft:stone_axe":118,"minecraft:coal_block":1,"minecraft:cobblestone":67,"minecraft:chain":2,"minecraft:bucket":9,"beachparty:rubber_ring_pelican":1},"minecraft:picked_up":{"sophisticatedbackpacks:gold_backpack":1,"born_in_chaos_v1:diamond_termite_shard":17,"minecraft:crafting_table":8,"minecraft:iron_chestplate":1,"beachparty:rubber_ring_axolotl":2,"minecraft:chicken":1,"born_in_chaos_v1:seedof_chaos":1,"minecraft:smithing_table":1,"gnumus:gnumus_claw":3,"minecraft:chain":2,"minecraft:string":35,"minecraft:raw_copper":4,"minecraft:iron_axe":1,"minecraft:iron_leggings":2,"minecraft:item_frame":1,"minecraft:armor_stand":2,"minecraft:beetroot":3,"minecraft:cobbled_deepslate":58,"minecraft:candle":2,"minecraft:bucket":2,"minecraft:beef":18,"minecraft:iron_pickaxe":2,"minecraft:coal_block":1,"minecraft:furnace":3,"minecraft:egg":2,"minecraft:iron_boots":1,"minecraft:dark_oak_sapling":8,"minecraft:stick":10,"minecraft:raw_iron":27,"sophisticatedbackpacks:backpack":1,"minecraft:carrot":22,"born_in_chaos_v1:pieceofdarkmetal":1,"minecraft:dark_oak_planks":64,"minecraft:tnt":2,"minecraft:arrow":5,"minecraft:rotten_flesh":21,"minecraft:beetroot_seeds":8,"minecraft:peony":1,"minecraft:deepslate_bricks":1,"minecraft:hay_block":41,"minecraft:iron_block":1,"artifacts:cross_necklace":2,"minecraft:cobblestone":103,"gnumus:gnumus_doubloons":3,"minecraft:feather":1,"minecraft:glow_ink_sac":8,"born_in_chaos_v1:monster_flesh":2,"born_in_chaos_v1:spiritual_dust":1,"minecraft:tripwire_hook":2,"minecraft:leather":12,"minecraft:potato":9,"gnumus:gnumus_pouch":1,"minecraft:oak_log":4,"minecraft:gunpowder":8,"minecraft:dirt":4,"minecraft:lantern":1,"minecraft:bone":11,"minecraft:gray_carpet":29,"minecraft:wheat_seeds":3,"minecraft:raw_gold":23,"minecraft:iron_ingot":27,"minecraft:iron_sword":2,"minecraft:sand":12,"minecraft:spruce_sapling":4,"sophisticatedbackpacks:iron_backpack":1,"minecraft:spruce_log":14,"minecraft:trapped_chest":1,"minecraft:dark_oak_log":23,"minecraft:spider_eye":10,"minecraft:barrel":1,"alexsmobs:animal_dictionary":2,"beachparty:rubber_ring_pelican":1,"minecraft:sugar":2,"born_in_chaos_v1:fire_dust":2,"minecraft:diamond":6,"gnumus:gnumus_clay":5,"minecraft:iron_helmet":1,"minecraft:granite":1,"minecraft:bone_meal":9,"minecraft:emerald":4,"minecraft:coal":35},"minecraft:custom":{"minecraft:interact_with_smithing_table":3,"minecraft:mob_kills":67,"minecraft:interact_with_crafting_table":29,"minecraft:open_barrel":61,"minecraft:eat_cake_slice":8,"minecraft:damage_dealt_resisted":2302,"minecraft:leave_game":5,"minecraft:time_since_death":43425,"minecraft:climb_one_cm":4858,"minecraft:sprint_one_cm":382546,"minecraft:walk_one_cm":330372,"minecraft:damage_blocked_by_shield":1800,"minecraft:drop":43,"minecraft:damage_dealt_absorbed":40,"minecraft:talked_to_villager":3,"minecraft:play_time":147329,"minecraft:deaths":6,"minecraft:sneak_time":21786,"minecraft:walk_under_water_one_cm":7048,"minecraft:jump":2064,"minecraft:walk_on_water_one_cm":6980,"minecraft:total_world_time":147329,"minecraft:interact_with_furnace":14,"minecraft:interact_with_loom":1,"minecraft:time_since_rest":43446,"minecraft:waystone_activated":2,"minecraft:damage_taken":4640,"minecraft:trigger_trapped_chest":2,"minecraft:damage_dealt":12827,"minecraft:swim_one_cm":6577,"minecraft:fly_one_cm":266012,"minecraft:open_chest":70,"minecraft:crouch_one_cm":88726,"minecraft:fall_one_cm":66774},"minecraft:crafted":{"minecraft:tripwire_hook":2,"minecraft:furnace":1,"minecraft:stone_pickaxe":1,"minecraft:chest":1,"minecraft:dark_oak_planks":48,"sophisticatedbackpacks:iron_backpack":1,"minecraft:wheat":216,"gnumus:gnumus_cutlass":1,"minecraft:diamond_sword":1,"sophisticatedbackpacks:backpack":1,"minecraft:crafting_table":1,"minecraft:wooden_pickaxe":1,"sophisticatedbackpacks:gold_backpack":1,"minecraft:stone_axe":1,"minecraft:air":0,"minecraft:gold_nugget":9,"minecraft:shield":1,"minecraft:iron_ingot":15,"minecraft:wooden_axe":1,"minecraft:gold_ingot":3,"minecraft:trapped_chest":1}},"DataVersion":3465}