{"stats":{"minecraft:custom":{"minecraft:time_since_rest":3289,"minecraft:open_chest":8,"minecraft:sprint_one_cm":802,"minecraft:crouch_one_cm":9302,"minecraft:deaths":2,"minecraft:play_time":5708,"minecraft:damage_taken":480,"minecraft:walk_one_cm":6558,"minecraft:sneak_time":1915,"minecraft:drop":2,"minecraft:jump":15,"minecraft:leave_game":1,"minecraft:time_since_death":3270,"minecraft:total_world_time":5708,"minecraft:interact_with_crafting_table":5,"minecraft:fly_one_cm":26},"minecraft:crafted":{"minecraft:oak_slab":12,"minecraft:oak_planks":20,"minecraft:crafting_table":1,"minecraft:stick":4,"minecraft:wooden_axe":1},"minecraft:mined":{"minecraft:grass_block":11,"minecraft:oak_log":9,"minecraft:chest":1,"minecraft:stripped_oak_log":1},"minecraft:dropped":{"minecraft:dirt":2},"minecraft:used":{"minecraft:wooden_axe":8,"minecraft:dirt":4,"minecraft:crafting_table":1},"minecraft:picked_up":{"minecraft:oak_log":5,"minecraft:dirt":6}},"DataVersion":3120}