{"stats":{"minecraft:used":{"alexsmobs:animal_dictionary":1},"minecraft:mined":{"regions_unexplored:magnolia_log":4,"regions_unexplored:pink_magnolia_leaves":3},"minecraft:picked_up":{"regions_unexplored:pink_magnolia_sapling":1,"minecraft:stick":2,"regions_unexplored:magnolia_log":4},"minecraft:custom":{"minecraft:jump":68,"minecraft:time_since_rest":5268,"minecraft:damage_dealt":32,"minecraft:crouch_one_cm":603,"minecraft:damage_taken":80,"minecraft:sprint_one_cm":4639,"minecraft:play_time":5268,"minecraft:time_since_death":5268,"minecraft:walk_one_cm":15128,"minecraft:sneak_time":250,"minecraft:total_world_time":5268,"minecraft:fall_one_cm":3724,"minecraft:fly_one_cm":2861,"minecraft:leave_game":1}},"DataVersion":3465}