{"stats":{"minecraft:killed_by":{"iceandfire:ice_dragon":2,"realmrpg_demons:chort":2,"minecraft:zombie":1,"grimoireofgaia:oni":1,"grimoireofgaia:werecat":1},"minecraft:killed":{"minecraft:zombie_villager":1,"minecraft:zombie":2},"minecraft:dropped":{"biomesoplenty:yellow_autumn_sapling":4,"minecraft:beetroot":4,"minecraft:spruce_door":1,"minecraft:spruce_stairs":4,"minecraft:leather_chestplate":1,"minecraft:dirt":6,"minecraft:wooden_sword":1,"gravestone:obituary":6,"minecraft:wooden_pickaxe":2},"minecraft:mined":{"minecraft:tuff":5,"iceandfire:silver_ore":2,"minecraft:dark_oak_log":2,"minecraft:crafting_table":6,"gravestone:gravestone":6,"minecraft:grass_block":1,"minecraft:cobblestone":2,"minecraft:sculk":1,"biomesoplenty:tundra_shrub":1,"minecraft:hay_block":16,"minecraft:furnace":2,"minecraft:carrots":9,"minecraft:iron_ore":16,"minecraft:wheat":9,"minecraft:spruce_log":2,"minecraft:andesite":1,"biomesoplenty:fir_log":12,"biomesoplenty:hanging_cobweb":1,"minecraft:grass":5,"minecraft:oak_log":3,"minecraft:potatoes":4,"minecraft:coal_ore":11,"minecraft:beetroots":4,"biomesoplenty:webbing":1,"crittersandcompanions:silk_cocoon":1,"biomesoplenty:stringy_cobweb":1,"minecraft:stone":30,"minecraft:gold_ore":5,"minecraft:oak_leaves":4,"minecraft:deepslate":18},"minecraft:used":{"minecraft:beetroot":4,"minecraft:wheat_seeds":20,"minecraft:stone_pickaxe":53,"minecraft:wooden_pickaxe":35,"biomesoplenty:fir_planks":34,"minecraft:torch":20,"minecraft:dirt":1,"minecraft:crafting_table":6,"minecraft:carrot":25,"minecraft:bread":1,"minecraft:iron_pickaxe":7,"minecraft:stone_axe":24,"minecraft:wooden_sword":41,"minecraft:cobblestone":8,"minecraft:furnace":2,"alexsmobs:animal_dictionary":2,"minecraft:potato":4},"minecraft:crafted":{"minecraft:wooden_sword":2,"minecraft:oak_planks":12,"minecraft:crafting_table":1,"minecraft:spruce_planks":8,"minecraft:wooden_pickaxe":2,"minecraft:furnace":2,"minecraft:birch_planks":8,"minecraft:bread":48,"minecraft:air":0,"biomesoplenty:fir_planks":48,"minecraft:stick":16,"minecraft:iron_ingot":16,"minecraft:iron_pickaxe":1,"minecraft:stone_pickaxe":1,"minecraft:iron_leggings":1,"minecraft:dark_oak_planks":8,"minecraft:torch":20,"minecraft:wheat":144},"minecraft:custom":{"minecraft:interact_with_furnace":17,"minecraft:mob_kills":3,"minecraft:interact_with_crafting_table":10,"minecraft:leave_game":1,"minecraft:time_since_death":2576,"minecraft:sleep_in_bed":1,"minecraft:time_since_rest":2630,"minecraft:sprint_one_cm":119052,"minecraft:damage_taken":2560,"minecraft:walk_one_cm":166157,"minecraft:drop":15,"minecraft:damage_dealt":947,"minecraft:talked_to_villager":1,"minecraft:fly_one_cm":53415,"minecraft:open_chest":6,"minecraft:crouch_one_cm":10827,"minecraft:play_time":54959,"minecraft:deaths":7,"minecraft:sneak_time":3116,"minecraft:walk_under_water_one_cm":2420,"minecraft:jump":624,"minecraft:walk_on_water_one_cm":12243,"minecraft:total_world_time":54959,"minecraft:fall_one_cm":13208},"minecraft:picked_up":{"minecraft:birch_log":2,"minecraft:crafting_table":6,"minecraft:leather_chestplate":2,"minecraft:wheat":7,"minecraft:andesite":1,"minecraft:leather":2,"minecraft:wooden_pickaxe":1,"minecraft:potato":45,"biomesoplenty:fir_log":12,"minecraft:tuff":5,"minecraft:stone_brick_stairs":2,"minecraft:oak_log":3,"gravestone:obituary":2,"minecraft:dirt":7,"minecraft:lantern":1,"biomesoplenty:yellow_autumn_sapling":4,"minecraft:beetroot":8,"bloodandmadness:blood_vial":1,"minecraft:wheat_seeds":20,"minecraft:cobbled_deepslate":17,"minecraft:raw_gold":5,"minecraft:spruce_planks":1,"minecraft:cobblestone_slab":1,"minecraft:furnace":2,"minecraft:stick":2,"minecraft:raw_iron":16,"minecraft:spruce_stairs":4,"minecraft:stone_button":1,"minecraft:spruce_log":2,"minecraft:carrot":35,"minecraft:spruce_door":1,"minecraft:dark_oak_log":2,"minecraft:spider_eye":2,"minecraft:dark_oak_planks":1,"minecraft:rotten_flesh":5,"minecraft:stone_axe":1,"minecraft:beetroot_seeds":12,"crittersandcompanions:silk":3,"minecraft:hay_block":16,"minecraft:coal":14,"iceandfire:raw_silver":2,"minecraft:cobblestone":31}},"DataVersion":3465}