{"stats":{"minecraft:killed_by":{"iceandfire:ice_dragon":2,"realmrpg_demons:chort":1,"minecraft:zombie":1,"grimoireofgaia:oni":1,"grimoireofgaia:werecat":1},"minecraft:killed":{"minecraft:zombie_villager":1,"minecraft:zombie":2},"minecraft:dropped":{"biomesoplenty:yellow_autumn_sapling":4,"minecraft:beetroot":4,"minecraft:spruce_door":1,"minecraft:spruce_stairs":4,"minecraft:dirt":6,"gravestone:obituary":6},"minecraft:mined":{"iceandfire:silver_ore":2,"minecraft:dark_oak_log":2,"minecraft:crafting_table":5,"gravestone:gravestone":5,"minecraft:grass_block":1,"minecraft:cobblestone":2,"biomesoplenty:tundra_shrub":1,"minecraft:hay_block":16,"minecraft:carrots":9,"minecraft:iron_ore":16,"minecraft:wheat":9,"minecraft:spruce_log":2,"minecraft:andesite":1,"biomesoplenty:fir_log":12,"biomesoplenty:hanging_cobweb":1,"minecraft:grass":5,"minecraft:oak_log":3,"minecraft:potatoes":4,"minecraft:coal_ore":11,"minecraft:beetroots":4,"biomesoplenty:webbing":1,"crittersandcompanions:silk_cocoon":1,"biomesoplenty:stringy_cobweb":1,"minecraft:stone":29,"minecraft:oak_leaves":4},"minecraft:used":{"minecraft:beetroot":4,"minecraft:wheat_seeds":20,"minecraft:stone_pickaxe":29,"minecraft:wooden_pickaxe":35,"biomesoplenty:fir_planks":19,"minecraft:torch":8,"minecraft:dirt":1,"minecraft:crafting_table":6,"minecraft:carrot":25,"minecraft:bread":1,"minecraft:stone_axe":21,"minecraft:wooden_sword":41,"minecraft:cobblestone":8,"minecraft:furnace":2,"alexsmobs:animal_dictionary":2,"minecraft:potato":4},"minecraft:crafted":{"minecraft:wooden_sword":2,"minecraft:oak_planks":12,"minecraft:crafting_table":1,"minecraft:spruce_planks":8,"minecraft:wooden_pickaxe":2,"minecraft:furnace":2,"minecraft:birch_planks":8,"minecraft:bread":48,"minecraft:air":0,"biomesoplenty:fir_planks":48,"minecraft:stick":16,"minecraft:iron_ingot":4,"minecraft:stone_pickaxe":1,"minecraft:dark_oak_planks":8,"minecraft:torch":20,"minecraft:wheat":144},"minecraft:custom":{"minecraft:interact_with_furnace":6,"minecraft:mob_kills":3,"minecraft:interact_with_crafting_table":8,"minecraft:time_since_death":8566,"minecraft:sleep_in_bed":1,"minecraft:time_since_rest":8624,"minecraft:sprint_one_cm":104251,"minecraft:damage_taken":2314,"minecraft:walk_one_cm":128250,"minecraft:drop":11,"minecraft:damage_dealt":882,"minecraft:talked_to_villager":1,"minecraft:fly_one_cm":45996,"minecraft:open_chest":6,"minecraft:crouch_one_cm":7033,"minecraft:play_time":46840,"minecraft:deaths":6,"minecraft:sneak_time":2284,"minecraft:walk_under_water_one_cm":1384,"minecraft:jump":511,"minecraft:walk_on_water_one_cm":9454,"minecraft:total_world_time":46840,"minecraft:fall_one_cm":10507},"minecraft:picked_up":{"minecraft:birch_log":2,"minecraft:crafting_table":5,"minecraft:leather_chestplate":2,"minecraft:wheat":7,"minecraft:andesite":1,"minecraft:leather":2,"minecraft:potato":45,"biomesoplenty:fir_log":12,"minecraft:stone_brick_stairs":2,"minecraft:oak_log":3,"gravestone:obituary":2,"minecraft:dirt":7,"minecraft:lantern":1,"biomesoplenty:yellow_autumn_sapling":4,"minecraft:beetroot":8,"bloodandmadness:blood_vial":1,"minecraft:wheat_seeds":20,"minecraft:spruce_planks":1,"minecraft:cobblestone_slab":1,"minecraft:stick":2,"minecraft:raw_iron":16,"minecraft:spruce_stairs":4,"minecraft:stone_button":1,"minecraft:spruce_log":2,"minecraft:carrot":35,"minecraft:spruce_door":1,"minecraft:dark_oak_log":2,"minecraft:spider_eye":2,"minecraft:dark_oak_planks":1,"minecraft:rotten_flesh":5,"minecraft:stone_axe":1,"minecraft:beetroot_seeds":12,"crittersandcompanions:silk":3,"minecraft:hay_block":16,"minecraft:coal":14,"iceandfire:raw_silver":2,"minecraft:cobblestone":30}},"DataVersion":3465}