{"stats":{"minecraft:killed_by":{"realmrpg_demons:chort":1,"grimoireofgaia:oni":1,"grimoireofgaia:werecat":1},"minecraft:mined":{"biomesoplenty:fir_log":11,"gravestone:gravestone":1,"minecraft:grass":1,"minecraft:grass_block":1,"minecraft:oak_log":3,"crittersandcompanions:silk_cocoon":1,"minecraft:oak_leaves":4},"minecraft:dropped":{"minecraft:dirt":6,"biomesoplenty:yellow_autumn_sapling":4,"gravestone:obituary":1},"minecraft:used":{"minecraft:wooden_sword":2,"minecraft:dirt":1,"alexsmobs:animal_dictionary":2},"minecraft:crafted":{"minecraft:wooden_sword":1,"minecraft:oak_planks":12,"minecraft:stick":4,"minecraft:wooden_pickaxe":1,"minecraft:birch_planks":8},"minecraft:picked_up":{"minecraft:birch_log":2,"minecraft:stick":2,"minecraft:leather_chestplate":1,"biomesoplenty:fir_log":9,"minecraft:oak_log":3,"gravestone:obituary":1,"minecraft:spider_eye":2,"minecraft:dirt":7,"biomesoplenty:yellow_autumn_sapling":4,"bloodandmadness:blood_vial":1,"crittersandcompanions:silk":3,"minecraft:coal":1},"minecraft:custom":{"minecraft:time_since_rest":2417,"minecraft:sprint_one_cm":32237,"minecraft:damage_taken":826,"minecraft:walk_one_cm":27679,"minecraft:drop":3,"minecraft:damage_dealt":157,"minecraft:interact_with_crafting_table":1,"minecraft:fly_one_cm":14498,"minecraft:open_chest":2,"minecraft:crouch_one_cm":15,"minecraft:play_time":10840,"minecraft:deaths":3,"minecraft:sneak_time":112,"minecraft:jump":155,"minecraft:time_since_death":2381,"minecraft:total_world_time":10840,"minecraft:fall_one_cm":2443}},"DataVersion":3465}