{
  "lucky_block_:your_luck": {
    "criteria": {
      "your_luck": "2024-09-08 23:06:42 +0000"
    },
    "done": true
  },
  "minecraft:adventure/root": {
    "criteria": {
      "killed_something": "2024-09-08 23:03:13 +0000"
    },
    "done": true
  },
  "minecraft:adventure/adventuring_time": {
    "criteria": {
      "minecraft:frozen_ocean": "2024-09-14 21:15:19 +0000",
      "minecraft:snowy_beach": "2024-09-08 23:04:39 +0000",
      "minecraft:plains": "2024-09-08 23:02:42 +0000"
    },
    "done": false
  },
  "DataVersion": 3120
}