{
  "lucky_block_:your_luck": {
    "criteria": {
      "your_luck": "2024-09-08 23:06:42 +0000"
    },
    "done": true
  },
  "lucky_block_:guns": {
    "criteria": {
      "guns": "2024-09-08 23:16:43 +0000"
    },
    "done": true
  },
  "minecraft:adventure/root": {
    "criteria": {
      "killed_something": "2024-09-08 23:03:13 +0000"
    },
    "done": true
  },
  "minecraft:adventure/kill_a_mob": {
    "criteria": {
      "minecraft:silverfish": "2024-09-08 23:17:24 +0000"
    },
    "done": true
  },
  "minecraft:adventure/kill_all_mobs": {
    "criteria": {
      "minecraft:silverfish": "2024-09-08 23:17:24 +0000"
    },
    "done": false
  },
  "minecraft:recipes/misc/magenta_dye_from_allium": {
    "criteria": {
      "has_allium": "2024-09-08 23:16:31 +0000"
    },
    "done": true
  },
  "minecraft:adventure/adventuring_time": {
    "criteria": {
      "minecraft:snowy_beach": "2024-09-08 23:04:39 +0000",
      "minecraft:plains": "2024-09-08 23:02:42 +0000"
    },
    "done": false
  },
  "DataVersion": 3120
}